example_id,matching_slide_ids
0,SLD-4e60678b.svs SLD-f2ded00f.svs SLD-82f4b48a.svs SLD-68032f7e.svs SLD-78a55d6b.svs
1,SLD-0a8bc856.svs SLD-44f20133.svs SLD-61994015.svs SLD-074f3be0.svs SLD-f45c8840.svs
2,SLD-4aaeb212.svs SLD-6253dfe3.svs SLD-356af737.svs SLD-09cd3bdf.svs
3,SLD-7ce71b48.svs SLD-6c596216.svs SLD-ae0fdbc8.svs SLD-67e98363.svs SLD-fba52e59.svs SLD-a36bcb01.svs SLD-905c053b.svs
4,SLD-90823eda.svs SLD-fdd2ed7a.svs SLD-a38d8afc.svs
5,SLD-0b6d9611.svs SLD-ca20854d.svs SLD-5b471c43.svs
6,SLD-ca3c4050.svs
7,SLD-e9184b9f.svs
8,SLD-4916e844.svs SLD-e64ddd91.svs SLD-8a83efc8.svs SLD-3380dcfc.svs SLD-c9fe6036.svs SLD-9c2e5562.svs
9,SLD-3421beaf.svs SLD-7bb8c2f1.svs
10,SLD-7f6b8793.svs
11,SLD-27e969e2.svs
12,SLD-b7a02afd.svs SLD-8a663359.svs SLD-0b09ec41.svs SLD-1c5e1698.svs SLD-50852f4f.svs SLD-30d6863f.svs SLD-789a2829.svs
13,SLD-4a9686a4.svs SLD-58116722.svs SLD-e7524102.svs SLD-eed15368.svs SLD-277dfc7b.svs
14,SLD-74151acc.svs SLD-c4841a8d.svs SLD-f5a3e893.svs SLD-6e84f8ea.svs SLD-2cbb93c2.svs SLD-3f7a2748.svs SLD-5723a959.svs
15,SLD-25d203e3.svs SLD-d466c772.svs
16,SLD-4f8e3e01.svs SLD-451437d6.svs
17,SLD-da418b24.svs SLD-24eac3f4.svs SLD-647640a1.svs SLD-1b4e1428.svs
18,SLD-05f2b928.svs
19,SLD-98ba0f0e.svs SLD-e4b82987.svs SLD-ac7b7ab2.svs
20,SLD-dd5aacc7.svs
21,SLD-ac2c10d0.svs SLD-c15648ff.svs SLD-e8a56f31.svs SLD-40aaec7a.svs
22,SLD-3e581dd5.svs
23,SLD-aaa28439.svs SLD-b259a6a0.svs SLD-40fe81ec.svs
24,SLD-f5feba5e.svs SLD-3b7c1f9a.svs SLD-c3121af6.svs SLD-c2953f51.svs SLD-8b32992a.svs SLD-7f67ee1a.svs
25,SLD-0e5bc44c.svs SLD-e368f7d2.svs SLD-23d83f22.svs
26,SLD-2ca723c4.svs
27,SLD-ed28508d.svs SLD-6ab01563.svs
28,SLD-28d798b4.svs SLD-43eb280e.svs
29,SLD-a1cba182.svs SLD-1349747a.svs SLD-ca20854d.svs SLD-0b6d9611.svs
30,SLD-58ea0417.svs SLD-8ecb4971.svs
31,SLD-07fe6a4e.svs SLD-5b61f92b.svs SLD-2a6f1e47.svs
32,SLD-f8542953.svs SLD-34367eaa.svs SLD-03ea038f.svs SLD-bb00d206.svs
33,SLD-566ff3ec.svs SLD-4f8e3e01.svs SLD-cda6a326.svs SLD-6480fdc0.svs SLD-03c8e104.svs SLD-451437d6.svs
34,SLD-581ba307.svs SLD-42965873.svs SLD-39d5b552.svs SLD-a8e6a772.svs SLD-b9cde60c.svs SLD-a867a0f0.svs SLD-abecfc0b.svs
35,SLD-bb00d206.svs SLD-6b5a174d.svs SLD-03ea038f.svs SLD-c095e099.svs
36,SLD-3246b7d9.svs SLD-d7f14ec2.svs SLD-8e4a295d.svs
37,SLD-735b3a80.svs SLD-c7281f15.svs SLD-e5a15243.svs SLD-723dc8f5.svs SLD-b5cbb690.svs
38,SLD-444517ef.svs SLD-603803f3.svs
39,SLD-11fba56e.svs SLD-8c833848.svs SLD-f3254f2d.svs SLD-47595b01.svs SLD-2c805ac7.svs
40,SLD-5121f31f.svs SLD-a94501d7.svs SLD-def1274a.svs SLD-8c3fa29f.svs SLD-f9d0a163.svs SLD-13801f25.svs
41,SLD-5b2d81cc.svs SLD-c602bd20.svs
42,SLD-55e9718e.svs SLD-141bd896.svs SLD-d1f15ee7.svs
43,SLD-4aaeb212.svs SLD-09cd3bdf.svs SLD-6253dfe3.svs
44,SLD-a867a0f0.svs SLD-581ba307.svs SLD-a8e6a772.svs
45,SLD-e1c25cd1.svs SLD-e65d1c73.svs SLD-5b62a7c9.svs SLD-7e3801af.svs
46,SLD-68afe2b8.svs
47,SLD-67e98363.svs SLD-ae0fdbc8.svs
48,SLD-43a061c4.svs SLD-b49b93d5.svs
49,SLD-8a647b9f.svs SLD-b44788bd.svs
50,SLD-f5652d00.svs SLD-40d2d16f.svs SLD-c3a31607.svs SLD-72323dc9.svs
51,SLD-df8693ce.svs SLD-ffeb5d5f.svs SLD-00f520f4.svs SLD-a3ef802e.svs
52,SLD-0a66dc4e.svs SLD-0a1727f7.svs SLD-ea5f24b6.svs
53,SLD-d216ad53.svs
54,SLD-deffed7a.svs
55,SLD-3891aef5.svs SLD-9bbac838.svs SLD-56e9b78d.svs SLD-7425f4e9.svs SLD-6581f934.svs SLD-8ec9ea98.svs SLD-315e8080.svs
56,SLD-7751b3fa.svs
57,SLD-a07f7f47.svs SLD-9045a445.svs SLD-958cd60e.svs
58,SLD-58e760bf.svs
59,SLD-078548d7.svs SLD-b1182d23.svs SLD-586f1721.svs
60,SLD-b7a02afd.svs SLD-1c5e1698.svs SLD-789a2829.svs
61,SLD-a5387901.svs
62,SLD-affe2554.svs SLD-6f6ddf79.svs SLD-54a8762b.svs
63,SLD-e355c369.svs SLD-c674d244.svs
64,SLD-7e083c1b.svs SLD-cda6a326.svs SLD-566ff3ec.svs
65,SLD-47595b01.svs SLD-11fba56e.svs SLD-d48457df.svs SLD-6c835975.svs SLD-2c805ac7.svs SLD-efa2ce12.svs SLD-8c833848.svs
66,SLD-b080e003.svs SLD-dbf2eed1.svs SLD-9ad7558f.svs
67,SLD-453432cd.svs SLD-0a8aa1e4.svs
68,SLD-024bfe48.svs SLD-7f6bf51b.svs
69,SLD-a5e3a719.svs SLD-54a8762b.svs
70,SLD-5f2e9167.svs SLD-2347b24f.svs SLD-1eda4209.svs SLD-a0f9c074.svs
71,SLD-ced4dd7c.svs SLD-854df9b6.svs SLD-5fdd5329.svs SLD-2b66b1c0.svs SLD-0d20f686.svs
72,SLD-669ff1b9.svs SLD-5bd71dc6.svs SLD-ea75e34d.svs SLD-4704768e.svs
73,SLD-425832c0.svs SLD-b4480761.svs
74,SLD-df0d6301.svs SLD-bf1df687.svs SLD-e8a56f31.svs SLD-c15648ff.svs SLD-488cac4e.svs
75,SLD-41300879.svs SLD-84539813.svs
76,SLD-fa4b0bc6.svs
77,SLD-c202387b.svs
78,SLD-d03459a4.svs SLD-153251c9.svs
79,SLD-953c178e.svs SLD-c8bf23fb.svs
80,SLD-9b87cc5e.svs
81,SLD-4fbe2aae.svs SLD-7f6bf51b.svs
82,SLD-f1c58f44.svs
83,SLD-d1a8d7b0.svs
84,SLD-142a6c95.svs SLD-232f8c5b.svs
85,SLD-9a9dadd2.svs SLD-8e4a295d.svs
86,SLD-68afe2b8.svs SLD-f436498e.svs SLD-1f626a97.svs SLD-00cbd313.svs SLD-63eaa07f.svs
87,SLD-fc9ea692.svs SLD-c90853fd.svs SLD-ba626aee.svs SLD-a629d332.svs SLD-542d19c0.svs SLD-5ba830dc.svs
88,SLD-b7d779cc.svs
89,SLD-14827a89.svs SLD-3012ae1c.svs SLD-864696c1.svs SLD-35a7c6ed.svs SLD-deb4e6c4.svs SLD-5882e3bb.svs SLD-d658b1b3.svs
90,SLD-cf085288.svs
91,SLD-38a7ac54.svs SLD-c9f35bf8.svs SLD-4d03cbdd.svs
92,SLD-dfb87708.svs SLD-6951743e.svs
93,SLD-4a8b77da.svs SLD-52b04994.svs SLD-27fa8b8a.svs
94,SLD-b7ed75b4.svs SLD-fff83cec.svs SLD-63d0fccd.svs
95,SLD-32ae2a20.svs SLD-60c6b3ed.svs
96,SLD-f0fcccc6.svs SLD-31cb5e8e.svs SLD-28948b4c.svs
97,SLD-01ce5fc6.svs SLD-dcae667e.svs SLD-32d116fe.svs SLD-96248805.svs
98,SLD-b58c1e9f.svs SLD-b287c440.svs
99,SLD-8930d179.svs SLD-52ab793f.svs
100,SLD-cef980ce.svs SLD-05f2b928.svs SLD-dd9539fc.svs
101,SLD-fe656bef.svs SLD-d97d2b38.svs SLD-8463416a.svs
102,SLD-272eaa36.svs
103,SLD-4fdc1351.svs SLD-542d19c0.svs SLD-2d4ba5a4.svs SLD-fc9ea692.svs
104,SLD-54a1d505.svs SLD-dca5b353.svs
105,SLD-0542bd75.svs SLD-21da132c.svs
106,SLD-4c6e6fbb.svs SLD-01fda698.svs SLD-4d18c103.svs SLD-fa92cd28.svs
107,SLD-4312ece2.svs SLD-dc2151e1.svs
108,SLD-0f2670d2.svs SLD-b9f94ec6.svs SLD-6253dfe3.svs SLD-356af737.svs SLD-f19b43da.svs
109,SLD-6c596216.svs SLD-67e98363.svs SLD-fba52e59.svs SLD-7ce71b48.svs SLD-a36bcb01.svs
110,SLD-f3fa8613.svs SLD-64aba3f6.svs
111,SLD-7c8d5368.svs SLD-cfe4fb66.svs SLD-40fe81ec.svs
112,SLD-88d3281a.svs SLD-b6a659ef.svs SLD-e0acf9ff.svs SLD-1b4e1428.svs SLD-647640a1.svs SLD-0c78c2f9.svs
113,SLD-650dd400.svs SLD-6d3f4b37.svs SLD-ec6e61bd.svs SLD-ed9081c1.svs SLD-f0bd7405.svs SLD-70c455a9.svs SLD-a27ee80d.svs
114,SLD-b7c144fb.svs SLD-ed7a6edf.svs SLD-1a895c62.svs SLD-990e8f01.svs
115,SLD-dd5aacc7.svs SLD-1417d4f9.svs SLD-ed7a6edf.svs SLD-b7c144fb.svs SLD-990e8f01.svs
116,SLD-14e16706.svs SLD-0061fd30.svs SLD-e583847f.svs SLD-7751b3fa.svs SLD-bdb62ff3.svs
117,SLD-75f2bc20.svs SLD-a7f5195c.svs SLD-261908b9.svs
118,SLD-43eb280e.svs
119,SLD-b4d4dfcc.svs SLD-c8bf23fb.svs SLD-953c178e.svs SLD-61067a8c.svs SLD-b7d779cc.svs SLD-d7a3283c.svs SLD-4b5ca436.svs
120,SLD-734c5192.svs
121,SLD-28b4d5b9.svs SLD-eb1d1061.svs SLD-c30759a4.svs SLD-9717aa6e.svs
122,SLD-bf5545ce.svs SLD-d8a1a546.svs SLD-ea96abe6.svs SLD-54a6087c.svs SLD-de386aeb.svs
123,SLD-dc68d4fd.svs
124,SLD-2d4ba5a4.svs
125,SLD-d26d028d.svs SLD-d1f15ee7.svs SLD-55e9718e.svs SLD-3bcab3ea.svs
126,SLD-dc2897c6.svs SLD-baa172ac.svs SLD-41300879.svs SLD-84539813.svs SLD-4d236555.svs
127,SLD-8772c347.svs
128,SLD-084fa819.svs SLD-992a34a1.svs SLD-26c00984.svs SLD-9e0df45b.svs SLD-052daad3.svs SLD-21f8c156.svs SLD-788c31f6.svs
129,SLD-dd138266.svs SLD-d26d5396.svs SLD-1058fe8c.svs SLD-6e648043.svs
130,SLD-9177b6d4.svs
131,SLD-3c9a9236.svs SLD-e51c0cdb.svs SLD-b6bca2a2.svs SLD-824734df.svs SLD-be792965.svs SLD-dd1f8e30.svs
132,SLD-25d203e3.svs SLD-f6b4160b.svs SLD-5df5672b.svs
133,SLD-6f1bdd07.svs SLD-24039721.svs SLD-92a651d7.svs
134,SLD-e7524102.svs
135,SLD-f3f05323.svs SLD-0b2f8580.svs SLD-213124bd.svs
136,SLD-c8bf23fb.svs SLD-b7d779cc.svs SLD-4b5ca436.svs SLD-953c178e.svs
137,SLD-5b9e42d0.svs
138,SLD-f0bd7405.svs SLD-ed9081c1.svs SLD-6d3f4b37.svs SLD-ec6e61bd.svs SLD-10b2e6e5.svs SLD-70c455a9.svs
139,SLD-1a9e8547.svs SLD-5a31a6a6.svs
140,SLD-b2e02961.svs SLD-ac73189c.svs
141,SLD-ef617cac.svs SLD-7b056d02.svs SLD-061f5679.svs
142,SLD-8e9b185e.svs SLD-e64ddd91.svs
143,SLD-2c05b870.svs SLD-63d0fccd.svs SLD-04fe973d.svs SLD-261cec19.svs SLD-cd34bcd7.svs SLD-fff83cec.svs
144,SLD-affe2554.svs SLD-25e4979d.svs
145,SLD-4e98ce25.svs SLD-53e83663.svs SLD-9c14940d.svs SLD-5b2d81cc.svs SLD-c1fa924e.svs
146,SLD-6a480542.svs SLD-bbf9bb01.svs SLD-27f9e728.svs SLD-07dc02b1.svs SLD-f45da406.svs
147,SLD-5e87905a.svs
148,SLD-2cbb93c2.svs SLD-c4841a8d.svs SLD-74151acc.svs SLD-6bf4d047.svs
149,SLD-adb6da35.svs
150,
151,SLD-d47133e7.svs
152,SLD-b9b5c70e.svs
153,
154,SLD-9ef1c846.svs SLD-1dbc24fd.svs
155,SLD-b6bca2a2.svs SLD-be792965.svs
156,SLD-53f04099.svs SLD-95decd6e.svs
157,SLD-9750ca7e.svs SLD-bdaa3bfa.svs SLD-246cb09c.svs
158,SLD-584d3c02.svs SLD-6c32faff.svs SLD-f8db1a4d.svs
159,SLD-d7f14ec2.svs SLD-3246b7d9.svs SLD-5153f737.svs SLD-0021b632.svs SLD-e7aad070.svs
160,SLD-20ca35ab.svs
161,SLD-55e9718e.svs SLD-3bcab3ea.svs SLD-dcff697d.svs SLD-d1f15ee7.svs SLD-d26d028d.svs SLD-141bd896.svs SLD-816480fa.svs
162,SLD-5b9e42d0.svs SLD-eb1c3ba4.svs
163,SLD-697b8538.svs
164,SLD-74151acc.svs
165,SLD-b17078ee.svs SLD-e5a15243.svs SLD-735b3a80.svs SLD-b5cbb690.svs SLD-723dc8f5.svs SLD-3fbdaeed.svs SLD-c7281f15.svs
166,SLD-cefe73ec.svs SLD-951a0518.svs SLD-88653e42.svs SLD-501049e2.svs
167,SLD-9d263e76.svs SLD-05f2b928.svs
168,SLD-c13e66af.svs SLD-2f16fb50.svs
169,SLD-74aba9fc.svs SLD-8930d179.svs
170,SLD-3d3703f8.svs SLD-cef980ce.svs
171,SLD-23f1b67e.svs
172,SLD-9ef1c846.svs SLD-1dbc24fd.svs SLD-453432cd.svs
173,SLD-6279d944.svs SLD-41300879.svs
174,SLD-33b5b3ce.svs SLD-dfec4623.svs
175,SLD-c67781b2.svs SLD-6df2fc82.svs SLD-f5652d00.svs SLD-c3a31607.svs SLD-3db612f4.svs SLD-3956fba9.svs
176,SLD-66dfeb1e.svs SLD-d9082a42.svs SLD-b4480761.svs
177,SLD-b17078ee.svs SLD-723dc8f5.svs SLD-735b3a80.svs
178,SLD-28600311.svs SLD-c315d334.svs
179,SLD-6c4c3935.svs SLD-379deda1.svs SLD-5e4af862.svs SLD-b6e355f6.svs
180,SLD-20ca35ab.svs
181,SLD-393031a6.svs SLD-8ecb4971.svs SLD-58ea0417.svs SLD-378b094c.svs SLD-b5178761.svs SLD-c82a6c15.svs
182,SLD-6a594b07.svs SLD-7984f33f.svs
183,SLD-63d0fccd.svs SLD-b7ed75b4.svs SLD-afdb4e0b.svs SLD-04fe973d.svs SLD-2c05b870.svs SLD-cd34bcd7.svs
184,SLD-e583847f.svs SLD-329cd43a.svs
185,SLD-0e5bc44c.svs
186,SLD-f45c8840.svs SLD-0a8bc856.svs SLD-44f20133.svs SLD-9da28338.svs
187,SLD-299cf16b.svs
188,SLD-a4a98266.svs SLD-d3d6362b.svs
189,SLD-b7ed75b4.svs SLD-afdb4e0b.svs
190,SLD-6a594b07.svs SLD-ed0d0418.svs
191,SLD-598ca3b4.svs SLD-01d34690.svs SLD-4a30f7cd.svs SLD-23f1b67e.svs SLD-a795ac54.svs SLD-00fdec23.svs
192,SLD-7c8d5368.svs SLD-b259a6a0.svs SLD-cfe4fb66.svs
193,SLD-baa172ac.svs SLD-41300879.svs SLD-dc2897c6.svs
194,SLD-3d83ad7c.svs SLD-5a220eb2.svs
195,SLD-9e0df45b.svs SLD-26c00984.svs SLD-052daad3.svs
196,SLD-4124405b.svs SLD-7e56ac3d.svs SLD-552ae5ca.svs SLD-4312ece2.svs SLD-10cc8711.svs
197,SLD-5cb6f1f0.svs SLD-1baf01f1.svs SLD-517fa07e.svs
198,SLD-5ac5f4f0.svs SLD-2076d932.svs SLD-907d8532.svs
199,SLD-81011c5b.svs SLD-a1d33772.svs SLD-cbf1f93c.svs SLD-94665d45.svs SLD-a3af11d0.svs SLD-284b7bcd.svs SLD-1c2c7a34.svs
200,SLD-9c272c51.svs SLD-af3cb9d0.svs SLD-ac98a368.svs SLD-a92c3c3e.svs SLD-3957f082.svs
201,SLD-9c899296.svs SLD-c6f149c7.svs SLD-92b035e0.svs
202,SLD-fb24cba4.svs SLD-e1a9344e.svs
203,SLD-29c836e0.svs
204,SLD-0b2f8580.svs SLD-213124bd.svs SLD-88da091b.svs SLD-0212585b.svs SLD-61f6c877.svs SLD-3bd5f8a2.svs
205,SLD-f5652d00.svs SLD-40d2d16f.svs
206,SLD-0dcf035b.svs SLD-f46860a2.svs SLD-b261d0d2.svs
207,SLD-dd1f8e30.svs SLD-e51c0cdb.svs SLD-731c877a.svs SLD-b6bca2a2.svs
208,SLD-259a2b28.svs SLD-c781e11f.svs SLD-28280370.svs SLD-291a58af.svs SLD-8c5c192f.svs
209,SLD-2bdb5720.svs SLD-63eaa07f.svs SLD-f436498e.svs SLD-1f626a97.svs SLD-ebe7ef91.svs SLD-68afe2b8.svs SLD-80245320.svs
210,SLD-517fa07e.svs SLD-7b0f78c1.svs SLD-b8f35c26.svs SLD-1baf01f1.svs SLD-ad0cabfc.svs SLD-5cb6f1f0.svs SLD-e4751694.svs
211,SLD-4168705a.svs SLD-52ab793f.svs SLD-e4bacd78.svs SLD-51abf5e5.svs SLD-8930d179.svs SLD-74aba9fc.svs SLD-cb775e24.svs
212,SLD-8463416a.svs
213,SLD-69083bd6.svs
214,SLD-6b325d48.svs SLD-6faefeda.svs SLD-553a773a.svs
215,SLD-5b8c4949.svs SLD-1f94e3c8.svs SLD-106861d3.svs SLD-06b42b6f.svs SLD-f30459cc.svs
216,SLD-e583847f.svs SLD-bdb62ff3.svs
217,SLD-1f626a97.svs
218,SLD-7ea496f5.svs SLD-f40d2a37.svs SLD-e10b4aad.svs
219,SLD-a9fa4ea6.svs SLD-f8db1a4d.svs SLD-376e22a6.svs SLD-ec071cf1.svs
220,SLD-38553ac8.svs SLD-deffed7a.svs
221,SLD-38553ac8.svs
222,SLD-d61a43f2.svs
223,SLD-b2d10e3d.svs
224,SLD-c095e099.svs
225,SLD-e9184b9f.svs
226,SLD-58bf3b9e.svs
227,SLD-99a2ecb1.svs SLD-1734a26c.svs
228,SLD-3c9a9236.svs SLD-be792965.svs SLD-e51c0cdb.svs SLD-b6bca2a2.svs SLD-dd1f8e30.svs SLD-ce8c037e.svs SLD-731c877a.svs SLD-824734df.svs
229,SLD-56e9b78d.svs SLD-6581f934.svs SLD-3891aef5.svs SLD-ebe0572c.svs SLD-9bbac838.svs
230,SLD-9b87cc5e.svs SLD-739ac9e2.svs
231,SLD-ade6c5e9.svs SLD-385af463.svs
232,SLD-d26d5396.svs SLD-da54f267.svs SLD-dd138266.svs
233,SLD-c602bd20.svs SLD-5b2d81cc.svs SLD-4e98ce25.svs SLD-c1fa924e.svs
234,SLD-10da8a95.svs SLD-fdd2ed7a.svs SLD-90823eda.svs SLD-ce5dc807.svs
235,SLD-8e4a295d.svs SLD-0021b632.svs SLD-e7aad070.svs SLD-bb296639.svs SLD-5153f737.svs SLD-3246b7d9.svs SLD-9a9dadd2.svs
236,SLD-f1c51dda.svs SLD-8c5c192f.svs SLD-259a2b28.svs SLD-b22b8974.svs SLD-28280370.svs SLD-291a58af.svs SLD-c781e11f.svs
237,SLD-531da6ac.svs SLD-0a9d499c.svs SLD-2d492ca2.svs SLD-614f1ddc.svs SLD-b934718f.svs
238,SLD-7176d181.svs SLD-3e2b6653.svs SLD-af3cb9d0.svs
239,SLD-4312ece2.svs SLD-dc2151e1.svs
240,SLD-05f2b928.svs SLD-9d263e76.svs SLD-cef980ce.svs
241,SLD-fec24805.svs SLD-8fad725d.svs SLD-feeac13d.svs SLD-196d362d.svs
242,SLD-b4ca0142.svs
243,SLD-9bd91220.svs SLD-706146ff.svs SLD-44e8a604.svs
244,SLD-d5511e14.svs
245,SLD-b9f94ec6.svs
246,SLD-ec41e6f6.svs SLD-e44fc3a9.svs SLD-6d0c62c3.svs
247,SLD-2fb01074.svs SLD-26b1caba.svs
248,SLD-be792965.svs SLD-b6bca2a2.svs SLD-ce8c037e.svs SLD-824734df.svs
249,SLD-b7ae7758.svs
250,SLD-4c88b9d8.svs
251,SLD-ac91c01e.svs SLD-f9154865.svs
252,SLD-22c71d04.svs SLD-ec071cf1.svs SLD-376e22a6.svs SLD-f8db1a4d.svs SLD-e47638ec.svs SLD-a9fa4ea6.svs SLD-584d3c02.svs
253,SLD-6fdc5e00.svs SLD-ac73189c.svs
254,SLD-f11ddff7.svs
255,SLD-b52f6009.svs
256,SLD-f1c58f44.svs SLD-566ff3ec.svs SLD-cda6a326.svs SLD-6480fdc0.svs SLD-7e083c1b.svs
257,SLD-723dc8f5.svs SLD-b17078ee.svs
258,SLD-29bccee9.svs SLD-cf2a2198.svs SLD-a71b80ef.svs
259,SLD-44f20133.svs SLD-f9df7275.svs
260,SLD-cbf1f93c.svs SLD-a3af11d0.svs SLD-1c2c7a34.svs SLD-81011c5b.svs SLD-f110397a.svs
261,SLD-88a0edce.svs SLD-4384860c.svs SLD-68c6dd5e.svs SLD-8805ae31.svs
262,SLD-54a6087c.svs SLD-ea96abe6.svs SLD-de386aeb.svs SLD-299cf16b.svs
263,SLD-c6be6432.svs SLD-809e2109.svs SLD-d1c3d1bc.svs SLD-b2d10e3d.svs SLD-a09f1aed.svs SLD-e38690e7.svs SLD-e27ac8e9.svs
264,SLD-2d58bce9.svs SLD-7984f33f.svs
265,SLD-3c740119.svs
266,SLD-916b51ee.svs SLD-06c4e109.svs
267,SLD-e51c0cdb.svs SLD-3c9a9236.svs
268,SLD-28b4d5b9.svs
269,SLD-01424249.svs SLD-955fbc33.svs SLD-9870c707.svs
270,SLD-ec41e6f6.svs SLD-90e639e1.svs
271,SLD-722c353d.svs SLD-4a9686a4.svs
272,SLD-f9d0a163.svs
273,SLD-9c19ed34.svs SLD-33b5b3ce.svs
274,SLD-0a8bc856.svs SLD-61994015.svs SLD-c3edd9b7.svs SLD-f9df7275.svs SLD-074f3be0.svs
275,SLD-d5cf2dc4.svs
276,SLD-a1d33772.svs SLD-1c2c7a34.svs SLD-284b7bcd.svs SLD-cbf1f93c.svs SLD-94665d45.svs SLD-f110397a.svs SLD-81011c5b.svs
277,SLD-38a7ac54.svs SLD-4d03cbdd.svs SLD-2fb01074.svs SLD-25323fd3.svs SLD-26b1caba.svs SLD-8d3ac4b9.svs SLD-cc869dea.svs
278,SLD-ad4ab155.svs SLD-7f411fed.svs
279,SLD-ac91c01e.svs SLD-734c5192.svs SLD-fc145cfe.svs
280,SLD-e7524102.svs SLD-eed15368.svs
281,SLD-fff83cec.svs SLD-2c05b870.svs SLD-b7ed75b4.svs
282,SLD-3cf9d1fe.svs SLD-3d83ad7c.svs
283,SLD-816480fa.svs SLD-141bd896.svs
284,SLD-c7afae8f.svs SLD-af8c96a9.svs SLD-18f7e499.svs SLD-8f3e64f4.svs
285,SLD-abf0f4bd.svs SLD-7f107645.svs SLD-4af0a6fe.svs SLD-269b6c3b.svs
286,SLD-21da132c.svs
287,SLD-9ad7558f.svs SLD-5e7f503c.svs SLD-eecb325b.svs
288,SLD-60c6b3ed.svs
289,SLD-e46232e7.svs SLD-8a647b9f.svs SLD-35c3de95.svs SLD-05727bb5.svs SLD-b44788bd.svs SLD-0bee2ebd.svs SLD-5e2d2454.svs
290,SLD-f2ed33e1.svs
291,SLD-92a651d7.svs SLD-49b564fb.svs SLD-24039721.svs SLD-30f2c485.svs SLD-c069c542.svs SLD-75fd3537.svs
292,SLD-633d9c54.svs SLD-18a77594.svs
293,SLD-91fcfe88.svs SLD-10cc8711.svs SLD-4124405b.svs SLD-dc2151e1.svs SLD-552ae5ca.svs SLD-f164f9d8.svs SLD-4312ece2.svs
294,SLD-ccd66756.svs SLD-8f4ed442.svs SLD-153251c9.svs SLD-95fc7389.svs
295,SLD-ab12fb53.svs SLD-77cb1a27.svs
296,SLD-03ea038f.svs
297,SLD-640ca20c.svs SLD-5b45cf5a.svs SLD-b7ae7758.svs SLD-5f653800.svs SLD-29c836e0.svs SLD-702a5b67.svs
298,SLD-5084a40f.svs SLD-8091a21d.svs
299,SLD-6d316b4a.svs SLD-b318ad4c.svs
300,SLD-c674d244.svs SLD-061f5679.svs SLD-726e8017.svs SLD-e355c369.svs SLD-7b056d02.svs SLD-69083bd6.svs
301,SLD-30c42d61.svs
302,SLD-b6bca2a2.svs SLD-731c877a.svs
303,SLD-0932f5b6.svs
304,SLD-f110397a.svs SLD-94665d45.svs
305,SLD-71df24d9.svs SLD-a3155940.svs SLD-0ecfb95b.svs SLD-f2ed33e1.svs SLD-a1fdcdf1.svs SLD-605dd4d6.svs
306,SLD-2412579d.svs SLD-6af944e0.svs SLD-f11ddff7.svs SLD-dd02e100.svs SLD-0932f5b6.svs SLD-7b38785b.svs SLD-7de8a234.svs
307,SLD-38a7ac54.svs SLD-4d03cbdd.svs
308,SLD-01275a63.svs SLD-f3f05323.svs
309,SLD-c110412c.svs SLD-fde9d47d.svs SLD-1d010478.svs SLD-77f4531b.svs
310,SLD-bc18a40b.svs SLD-09aedbd0.svs SLD-b318ad4c.svs SLD-55c7ed9d.svs
311,SLD-919c21ed.svs SLD-4741ee56.svs
312,SLD-2c805ac7.svs SLD-6c835975.svs SLD-8c833848.svs SLD-efa2ce12.svs SLD-47595b01.svs SLD-11fba56e.svs
313,SLD-d1f15ee7.svs SLD-90a2b8e1.svs SLD-3bcab3ea.svs SLD-141bd896.svs SLD-dcff697d.svs
314,SLD-d8a1a546.svs SLD-ea96abe6.svs SLD-272eaa36.svs SLD-e642965c.svs SLD-54a6087c.svs
315,SLD-4a8b77da.svs SLD-52b04994.svs SLD-4b1dd9fd.svs
316,SLD-4916e844.svs SLD-3380dcfc.svs SLD-8e9b185e.svs SLD-e64ddd91.svs
317,SLD-cbf1f93c.svs SLD-94665d45.svs
318,SLD-1349747a.svs
319,SLD-48d8b9ef.svs SLD-e139d15d.svs SLD-3fafa217.svs SLD-2c2df3c2.svs SLD-37d316a4.svs
320,SLD-1f94e3c8.svs SLD-106861d3.svs SLD-06b42b6f.svs SLD-30c42d61.svs SLD-f30459cc.svs SLD-5b8c4949.svs
321,SLD-44f20133.svs SLD-c3edd9b7.svs
322,SLD-baa172ac.svs SLD-6279d944.svs SLD-84539813.svs SLD-bc5074ac.svs SLD-4fee7144.svs
323,SLD-3012ae1c.svs SLD-14827a89.svs SLD-5882e3bb.svs SLD-35a7c6ed.svs SLD-864696c1.svs SLD-d658b1b3.svs
324,SLD-b22b8974.svs SLD-f1c51dda.svs SLD-c781e11f.svs SLD-291a58af.svs SLD-259a2b28.svs SLD-2cb38568.svs SLD-8c5c192f.svs
325,SLD-bbf9bb01.svs SLD-f45da406.svs SLD-6a480542.svs SLD-c618fc1e.svs
326,SLD-d020baee.svs
327,SLD-40fe6898.svs SLD-8476af98.svs SLD-b34dc8b0.svs SLD-53f3c158.svs
328,SLD-c2eaf172.svs
329,SLD-c674d244.svs SLD-7b056d02.svs SLD-726e8017.svs
330,SLD-afdb4e0b.svs
331,SLD-30f2c485.svs SLD-75fd3537.svs SLD-24039721.svs SLD-92a651d7.svs SLD-6f1bdd07.svs
332,SLD-698eecba.svs SLD-dfb87708.svs SLD-95e19cb6.svs SLD-8a74bec5.svs SLD-da98da57.svs SLD-6951743e.svs
333,SLD-beb778d6.svs
334,SLD-1d010478.svs SLD-fde9d47d.svs SLD-77f4531b.svs SLD-38431ed6.svs SLD-113c1836.svs SLD-258694b6.svs
335,SLD-437249fd.svs SLD-b9b5c70e.svs SLD-53a9ec5d.svs SLD-17ee2fe6.svs SLD-681091fe.svs SLD-3346f7c6.svs
336,SLD-fa3222c4.svs SLD-920c3de9.svs SLD-08f1100b.svs SLD-ef208346.svs
337,SLD-35bbcdb0.svs SLD-e47c98ea.svs SLD-c315d334.svs SLD-28600311.svs
338,SLD-65e04993.svs SLD-33a1d1c2.svs SLD-ad4ab155.svs SLD-7f411fed.svs
339,SLD-0a9d499c.svs SLD-a2698c2d.svs SLD-4bc972ce.svs SLD-614f1ddc.svs SLD-b934718f.svs SLD-956c2129.svs
340,SLD-1ca5a2f5.svs SLD-9c899296.svs SLD-09c64c1d.svs SLD-0c15a575.svs SLD-92b035e0.svs
341,SLD-88a0edce.svs SLD-e413961f.svs SLD-68c6dd5e.svs SLD-cdfa4cc8.svs SLD-4384860c.svs SLD-fb0a6a90.svs SLD-bc52b34e.svs
342,SLD-ef7f6bc8.svs SLD-9870c707.svs SLD-b4577bf7.svs SLD-a25130a8.svs
343,SLD-23b870f3.svs SLD-4c88b9d8.svs SLD-ab12fb53.svs SLD-5aa3892a.svs SLD-79009c61.svs
344,SLD-29530a13.svs
345,SLD-beb9c9e2.svs
346,SLD-e47638ec.svs SLD-f8db1a4d.svs SLD-6c32faff.svs
347,SLD-fb0a6a90.svs SLD-68c6dd5e.svs SLD-4384860c.svs SLD-e413961f.svs SLD-bc52b34e.svs SLD-cdfa4cc8.svs
348,SLD-e413961f.svs SLD-88a0edce.svs SLD-4384860c.svs SLD-bc52b34e.svs SLD-cdfa4cc8.svs
349,SLD-b9cde60c.svs SLD-abecfc0b.svs SLD-42965873.svs SLD-39d5b552.svs SLD-a867a0f0.svs SLD-a8e6a772.svs SLD-581ba307.svs
350,SLD-9bd91220.svs SLD-28702bb1.svs
351,SLD-0061fd30.svs SLD-d9073286.svs SLD-bdb62ff3.svs
352,SLD-1bce35d8.svs SLD-8ee4fd02.svs SLD-27649a62.svs SLD-46e785ad.svs SLD-1cb66f67.svs SLD-cbe88a3f.svs
353,SLD-69967b5c.svs SLD-734c5192.svs SLD-ac91c01e.svs SLD-586523b8.svs
354,SLD-d658b1b3.svs SLD-864696c1.svs
355,SLD-581ba307.svs SLD-39d5b552.svs SLD-a867a0f0.svs SLD-abecfc0b.svs SLD-42965873.svs
356,SLD-dc66a27b.svs SLD-85e74250.svs
357,SLD-ebe7ef91.svs SLD-80245320.svs SLD-1f626a97.svs SLD-00cbd313.svs
358,SLD-c67781b2.svs
359,SLD-ba6a098f.svs
360,SLD-22696227.svs SLD-8513d91e.svs SLD-85e74250.svs
361,SLD-4f8e3e01.svs SLD-6480fdc0.svs
362,SLD-586f1721.svs SLD-2d8b5b41.svs SLD-078548d7.svs SLD-028d042b.svs SLD-b1182d23.svs SLD-1f12a0e9.svs SLD-5bf80676.svs
363,SLD-27e969e2.svs
364,SLD-5d443821.svs
365,SLD-4642cddb.svs
366,SLD-11fba56e.svs
367,SLD-f30459cc.svs SLD-106861d3.svs SLD-1f94e3c8.svs SLD-633d9c54.svs SLD-30c42d61.svs
368,SLD-e18d99ce.svs SLD-94d7f681.svs SLD-beb778d6.svs
369,SLD-681091fe.svs SLD-b9b5c70e.svs SLD-2db6de21.svs SLD-17ee2fe6.svs
370,SLD-7ed61f4e.svs SLD-03927935.svs SLD-29530a13.svs SLD-8d5f52c0.svs
371,SLD-4643d705.svs SLD-2f6570d7.svs SLD-f1e7ea9b.svs
372,SLD-338f4acf.svs SLD-9bd91220.svs SLD-44e8a604.svs SLD-706146ff.svs
373,SLD-8b32992a.svs
374,SLD-4f8e3e01.svs
375,SLD-5bc7fdeb.svs SLD-31234efe.svs SLD-dd138266.svs SLD-1d7173e5.svs SLD-6e648043.svs SLD-d26d5396.svs SLD-1058fe8c.svs
376,SLD-ae2562ca.svs SLD-5abec113.svs SLD-a1832fdb.svs SLD-28948b4c.svs SLD-31cb5e8e.svs
377,SLD-dfec4623.svs SLD-8af58903.svs SLD-7fa74d8a.svs SLD-a2939b3b.svs
378,SLD-350d278d.svs
379,SLD-8476af98.svs SLD-b56b9357.svs SLD-425de95f.svs SLD-40fe6898.svs SLD-ef7dee1a.svs SLD-b34dc8b0.svs
380,SLD-8af58903.svs SLD-dfec4623.svs SLD-9c19ed34.svs SLD-33b5b3ce.svs SLD-a2939b3b.svs SLD-ab899605.svs SLD-7fa74d8a.svs
381,SLD-fef06b04.svs SLD-78a55d6b.svs SLD-68fc642a.svs SLD-f6f25926.svs
382,SLD-d466c772.svs SLD-f6b4160b.svs SLD-25d203e3.svs SLD-aab6941b.svs
383,SLD-79017990.svs
384,SLD-33b5b3ce.svs SLD-8af58903.svs SLD-ff88ec82.svs SLD-9c19ed34.svs
385,SLD-53f04099.svs SLD-8d99743c.svs SLD-06792b47.svs
386,SLD-b2e02961.svs
387,SLD-c602bd20.svs SLD-9c14940d.svs
388,SLD-8f42cebe.svs SLD-79009c61.svs SLD-4c88b9d8.svs SLD-ab12fb53.svs
389,SLD-488cac4e.svs SLD-c15648ff.svs SLD-bf1df687.svs SLD-5a9414b8.svs SLD-df0d6301.svs SLD-e8a56f31.svs SLD-40aaec7a.svs
390,SLD-7984f33f.svs SLD-3bfb255e.svs SLD-61c61ae4.svs SLD-3a19607d.svs
391,SLD-8d56206d.svs SLD-ef208346.svs SLD-88239867.svs
392,SLD-86de3365.svs
393,SLD-dfc8b87a.svs SLD-af3cb9d0.svs
394,SLD-d3b564b0.svs SLD-755a3ac1.svs SLD-25777cf0.svs SLD-5c949381.svs SLD-32ae2a20.svs SLD-60c6b3ed.svs
395,SLD-299cf16b.svs
396,SLD-3e581dd5.svs SLD-277dfc7b.svs SLD-e7524102.svs SLD-722c353d.svs SLD-1ee1723b.svs SLD-58116722.svs SLD-eed15368.svs
397,SLD-90823eda.svs SLD-10da8a95.svs SLD-16408169.svs SLD-60257199.svs SLD-ce5dc807.svs SLD-a38d8afc.svs
398,SLD-ad0cabfc.svs SLD-d13ec39c.svs
399,SLD-a27ee80d.svs SLD-70c455a9.svs SLD-f0bd7405.svs
400,SLD-a07f7f47.svs
401,SLD-27f9e728.svs SLD-07dc02b1.svs
402,SLD-3e581dd5.svs SLD-e7524102.svs
403,SLD-b17078ee.svs SLD-735b3a80.svs SLD-c2eaf172.svs SLD-c7281f15.svs SLD-e5a15243.svs
404,SLD-d61a43f2.svs SLD-393031a6.svs SLD-c82a6c15.svs SLD-58ea0417.svs
405,SLD-94d7f681.svs
406,SLD-0c15a575.svs SLD-00f24603.svs SLD-ecf150e6.svs
407,SLD-a604e5af.svs SLD-8420b8d9.svs
408,SLD-6a480542.svs
409,SLD-c5dd967b.svs SLD-ef208346.svs SLD-88239867.svs SLD-08f1100b.svs
410,SLD-586f1721.svs
411,SLD-62d59938.svs SLD-fa7bff5f.svs
412,SLD-ac2c10d0.svs
413,SLD-bc52b34e.svs SLD-68c6dd5e.svs SLD-8805ae31.svs SLD-4384860c.svs
414,SLD-58ea0417.svs SLD-b5178761.svs
415,SLD-3b7c1f9a.svs SLD-17b18e6e.svs SLD-ad9d1f42.svs
416,SLD-9251ad08.svs SLD-ed2ee36f.svs SLD-2f6570d7.svs SLD-f1e7ea9b.svs
417,SLD-54a8762b.svs SLD-6bf52dfd.svs
418,SLD-3b9cea95.svs
419,SLD-9251ad08.svs SLD-f1e7ea9b.svs
420,SLD-ac73189c.svs
421,SLD-d020baee.svs SLD-153251c9.svs
422,SLD-86de3365.svs SLD-d8a230de.svs SLD-fa999f9b.svs SLD-ddfae808.svs SLD-afb120f4.svs SLD-afd86432.svs
423,SLD-6a27241f.svs SLD-bb9e5a02.svs SLD-3fafa217.svs SLD-bc6ff6ac.svs SLD-e139d15d.svs SLD-2c2df3c2.svs SLD-48d8b9ef.svs
424,SLD-698eecba.svs SLD-dfb87708.svs SLD-da98da57.svs
425,SLD-3bd5f8a2.svs
426,SLD-3cf9d1fe.svs
427,SLD-dca5b353.svs SLD-75f2bc20.svs SLD-2922fbd8.svs SLD-261908b9.svs
428,SLD-9a9dadd2.svs SLD-5153f737.svs SLD-3246b7d9.svs
429,SLD-3cc4f772.svs
430,SLD-44e8a604.svs SLD-b2c92c12.svs
431,SLD-254bf7ae.svs SLD-90e639e1.svs SLD-e44fc3a9.svs SLD-6d0c62c3.svs
432,SLD-84403b37.svs SLD-0e5bc44c.svs SLD-23d83f22.svs SLD-b13bad4e.svs SLD-42734d1c.svs SLD-98decbf6.svs SLD-e368f7d2.svs
433,SLD-6951743e.svs SLD-ca6cb87c.svs
434,SLD-1f12a0e9.svs
435,SLD-fb0a6a90.svs SLD-8805ae31.svs SLD-bc52b34e.svs
436,SLD-3a19607d.svs SLD-61c61ae4.svs
437,SLD-3346f7c6.svs
438,SLD-88a0edce.svs SLD-cdfa4cc8.svs SLD-bc52b34e.svs SLD-fb0a6a90.svs
439,SLD-a38d8afc.svs SLD-90823eda.svs
440,SLD-30d6863f.svs SLD-789a2829.svs SLD-b7a02afd.svs
441,SLD-64aba3f6.svs SLD-f660ffd5.svs SLD-1188afa1.svs
442,SLD-92a651d7.svs SLD-6f1bdd07.svs SLD-c069c542.svs SLD-75fd3537.svs
443,SLD-a96e2bf4.svs
444,SLD-0b2f8580.svs SLD-88da091b.svs
445,SLD-4bc01de3.svs
446,SLD-fb46ed39.svs SLD-a1832fdb.svs SLD-8772c347.svs SLD-f0fcccc6.svs
447,SLD-06c4e109.svs SLD-6faefeda.svs SLD-afb9f3a8.svs SLD-916b51ee.svs SLD-6b325d48.svs
448,SLD-7e3801af.svs SLD-5b62a7c9.svs SLD-d1a8d7b0.svs SLD-49bcf4a8.svs SLD-bc6284a8.svs
449,SLD-8df7a267.svs
450,SLD-10345193.svs SLD-fe38784b.svs SLD-7c2b940d.svs
451,SLD-9c272c51.svs SLD-ac98a368.svs SLD-7176d181.svs SLD-a92c3c3e.svs SLD-af3cb9d0.svs SLD-3957f082.svs SLD-dfc8b87a.svs
452,SLD-70d22718.svs SLD-0dd35d11.svs SLD-d5cf2dc4.svs SLD-688181a8.svs SLD-5b9e42d0.svs SLD-ed469bf4.svs SLD-13d1ea49.svs
453,SLD-c315d334.svs SLD-bda31488.svs SLD-28600311.svs SLD-e47c98ea.svs SLD-dba620f1.svs
454,SLD-614f1ddc.svs
455,SLD-31e9ca80.svs SLD-c6c3744c.svs SLD-58bf3b9e.svs
456,
457,SLD-5153f737.svs SLD-bb296639.svs
458,SLD-3f7512c5.svs SLD-1e709e19.svs SLD-45a16970.svs
459,SLD-50ae2652.svs SLD-0f2670d2.svs SLD-f19b43da.svs SLD-356af737.svs SLD-09cd3bdf.svs SLD-4aaeb212.svs
460,SLD-c4c536fb.svs SLD-1d4d1180.svs SLD-4c6e6fbb.svs
461,SLD-d7de701d.svs SLD-29c836e0.svs SLD-5f653800.svs SLD-702a5b67.svs
462,SLD-58116722.svs
463,SLD-3b7c1f9a.svs
464,SLD-deb4e6c4.svs
465,SLD-ec6e61bd.svs SLD-650dd400.svs SLD-ed9081c1.svs
466,SLD-af3cb9d0.svs
467,SLD-a795ac54.svs SLD-23f1b67e.svs SLD-c963d148.svs SLD-598ca3b4.svs SLD-01d34690.svs SLD-4a30f7cd.svs SLD-104dff66.svs
468,SLD-2b2bcfda.svs SLD-cb18d6a4.svs
469,SLD-6c749cf4.svs SLD-3b239fd8.svs
470,SLD-605dd4d6.svs
471,SLD-141bd896.svs SLD-3bcab3ea.svs SLD-dcff697d.svs SLD-90a2b8e1.svs
472,SLD-353e0c86.svs SLD-98ba0f0e.svs
473,SLD-a1d20ebc.svs
474,SLD-0e96ed9b.svs SLD-15ac15c3.svs
475,SLD-8ec9ea98.svs SLD-315e8080.svs SLD-3891aef5.svs SLD-ebe0572c.svs SLD-9bbac838.svs
476,SLD-ea5f24b6.svs SLD-21681081.svs SLD-10fc9eee.svs
477,SLD-10da8a95.svs SLD-a38d8afc.svs SLD-fdd2ed7a.svs
478,SLD-f2ded00f.svs SLD-68032f7e.svs SLD-f6f25926.svs SLD-4e60678b.svs SLD-82f4b48a.svs SLD-78a55d6b.svs SLD-fef06b04.svs
479,SLD-ac91c01e.svs SLD-734c5192.svs SLD-fc145cfe.svs
480,SLD-8a83efc8.svs
481,SLD-1e415c4e.svs SLD-87ba3b90.svs SLD-889c8ae2.svs SLD-57030ede.svs SLD-120961ea.svs SLD-cad00273.svs
482,SLD-cd34bcd7.svs
483,SLD-a71b80ef.svs SLD-29bccee9.svs SLD-f40d2a37.svs
484,SLD-82221345.svs
485,SLD-fc9ea692.svs SLD-2d4ba5a4.svs
486,SLD-53f04099.svs SLD-8d99743c.svs SLD-5df2e073.svs SLD-95decd6e.svs SLD-a2834536.svs SLD-813dd49a.svs SLD-cfdef303.svs
487,SLD-cbf8e26a.svs SLD-69f12ccd.svs SLD-63b74101.svs SLD-4fae667b.svs SLD-b2e74e77.svs
488,SLD-f8db1a4d.svs SLD-ec071cf1.svs SLD-a9fa4ea6.svs SLD-22c71d04.svs
489,SLD-7c96eefa.svs SLD-acf606fc.svs
490,SLD-22696227.svs SLD-85e74250.svs SLD-6a325333.svs
491,SLD-cbf8e26a.svs SLD-63b74101.svs
492,SLD-e5aef699.svs SLD-6bf52dfd.svs
493,SLD-aa66b464.svs
494,SLD-3ad23fbf.svs
495,SLD-b56b9357.svs SLD-8476af98.svs SLD-40fe6898.svs SLD-c846bf90.svs
496,SLD-09cd3bdf.svs SLD-0f2670d2.svs SLD-50ae2652.svs
497,SLD-1c2c7a34.svs SLD-284b7bcd.svs
498,SLD-3957f082.svs
499,SLD-8af58903.svs
500,SLD-ea96abe6.svs
501,SLD-55e9718e.svs SLD-816480fa.svs
502,SLD-13801f25.svs SLD-5028361f.svs SLD-f9d0a163.svs SLD-5121f31f.svs SLD-a94501d7.svs
503,SLD-fa3222c4.svs SLD-88239867.svs
504,SLD-261cec19.svs SLD-b7ed75b4.svs
505,SLD-531da6ac.svs SLD-0a9d499c.svs SLD-a2698c2d.svs SLD-4bc972ce.svs
506,SLD-61994015.svs SLD-074f3be0.svs SLD-f9df7275.svs SLD-44f20133.svs
507,SLD-69083bd6.svs SLD-7b056d02.svs SLD-b931a26d.svs SLD-061f5679.svs SLD-ef617cac.svs SLD-726e8017.svs
508,SLD-25e4979d.svs
509,SLD-8df7a267.svs SLD-86fadb0e.svs SLD-579e9a46.svs SLD-5163de1d.svs
510,SLD-ed0d0418.svs SLD-eda67806.svs SLD-61c61ae4.svs
511,SLD-809e2109.svs SLD-e27ac8e9.svs SLD-a09f1aed.svs
512,SLD-61f6c877.svs SLD-213124bd.svs SLD-0212585b.svs SLD-01275a63.svs
513,SLD-9da28338.svs
514,SLD-706146ff.svs SLD-5931c9b4.svs SLD-b2c92c12.svs SLD-becba4c8.svs
515,SLD-7499b28c.svs SLD-1349747a.svs
516,SLD-3ad23fbf.svs
517,SLD-28948b4c.svs SLD-31cb5e8e.svs
518,SLD-f2ded00f.svs SLD-82f4b48a.svs SLD-4e60678b.svs SLD-fef06b04.svs
519,SLD-232f8c5b.svs SLD-9ab3cc27.svs SLD-66dfeb1e.svs SLD-425832c0.svs
520,SLD-5bd71dc6.svs
521,SLD-57d1d37c.svs
522,SLD-409b3c5b.svs SLD-11ab249d.svs SLD-eba08424.svs SLD-e291f5e1.svs SLD-ff7acd86.svs
523,SLD-6d0c62c3.svs SLD-ec41e6f6.svs SLD-1d0ab994.svs SLD-e44fc3a9.svs SLD-254bf7ae.svs SLD-f20b575d.svs SLD-6c0be55c.svs
524,SLD-ed0d0418.svs
525,SLD-579e9a46.svs SLD-5163de1d.svs SLD-c857d8c3.svs
526,SLD-39ebfa32.svs
527,SLD-272eaa36.svs SLD-bf5545ce.svs SLD-54a6087c.svs SLD-ea96abe6.svs
528,SLD-7f67ee1a.svs SLD-c2953f51.svs SLD-8b32992a.svs SLD-c3121af6.svs
529,SLD-3e2aad3e.svs SLD-390a9016.svs
530,SLD-5e87905a.svs SLD-877a2133.svs SLD-f2ed33e1.svs SLD-a1fdcdf1.svs SLD-71df24d9.svs SLD-a3155940.svs SLD-0ecfb95b.svs
531,SLD-eb1d1061.svs SLD-693d993c.svs SLD-9717aa6e.svs SLD-c30759a4.svs
532,SLD-48a133ab.svs SLD-28b4d5b9.svs SLD-9717aa6e.svs SLD-fefc5b4a.svs SLD-c30759a4.svs SLD-dd55daaf.svs SLD-eb1d1061.svs
533,SLD-33a1d1c2.svs
534,SLD-b3c161c3.svs SLD-dc68d4fd.svs
535,SLD-c069c542.svs
536,SLD-b7a02afd.svs SLD-30d6863f.svs SLD-1c5e1698.svs
537,SLD-10b2e6e5.svs SLD-650dd400.svs SLD-ec6e61bd.svs SLD-ed9081c1.svs SLD-f0bd7405.svs SLD-a27ee80d.svs
538,SLD-c471e21a.svs SLD-3d3703f8.svs
539,SLD-849b8a44.svs SLD-adb6da35.svs SLD-c202387b.svs SLD-cb4d18d6.svs
540,SLD-59e8484c.svs SLD-aab6941b.svs SLD-d466c772.svs SLD-992e7dea.svs
541,SLD-f6f25926.svs SLD-68032f7e.svs SLD-82f4b48a.svs
542,SLD-31e9ca80.svs
543,SLD-b4480761.svs SLD-d9082a42.svs SLD-66dfeb1e.svs SLD-232f8c5b.svs SLD-142a6c95.svs SLD-b4134208.svs SLD-9ab3cc27.svs
544,SLD-299cf16b.svs
545,SLD-39ebfa32.svs SLD-4e051eea.svs SLD-6c1b6811.svs SLD-bd2cdb8d.svs
546,SLD-4b5ca436.svs SLD-d7a3283c.svs
547,SLD-a0f9c074.svs
548,SLD-571c9d78.svs SLD-62d59938.svs
549,SLD-ebe0572c.svs SLD-8ec9ea98.svs SLD-9bbac838.svs
550,SLD-b13bad4e.svs SLD-84403b37.svs SLD-42734d1c.svs SLD-98decbf6.svs
551,SLD-1f9078d5.svs SLD-b270af55.svs SLD-2347b24f.svs SLD-9177b6d4.svs SLD-1eda4209.svs SLD-a0f9c074.svs
552,SLD-f5a3e893.svs SLD-c4841a8d.svs
553,SLD-dcae667e.svs SLD-32d116fe.svs SLD-96248805.svs SLD-8eeb3fd8.svs SLD-8f08963c.svs SLD-01ce5fc6.svs SLD-6783b0c3.svs
554,SLD-4b5ca436.svs SLD-27e969e2.svs SLD-b7d779cc.svs
555,SLD-fb24cba4.svs SLD-9870c707.svs SLD-e1a9344e.svs SLD-955fbc33.svs SLD-ef7f6bc8.svs SLD-a25130a8.svs
556,SLD-be792965.svs SLD-b6bca2a2.svs SLD-dd1f8e30.svs SLD-e51c0cdb.svs SLD-824734df.svs SLD-731c877a.svs SLD-ce8c037e.svs
557,SLD-6e927501.svs SLD-4704768e.svs SLD-f902d6c0.svs
558,SLD-084fa819.svs
559,SLD-3b8f5fc7.svs SLD-7c96eefa.svs SLD-5084a40f.svs SLD-8091a21d.svs SLD-6637c09f.svs
560,SLD-d5e8b89c.svs SLD-eba08424.svs
561,SLD-aa099a46.svs SLD-b8bc6621.svs
562,SLD-28702bb1.svs SLD-44e8a604.svs SLD-9bd91220.svs SLD-b2c92c12.svs SLD-706146ff.svs
563,SLD-6951743e.svs
564,SLD-6951743e.svs SLD-da98da57.svs SLD-91d2125a.svs SLD-8a74bec5.svs
565,SLD-1ca5a2f5.svs SLD-00f24603.svs
566,SLD-e9184b9f.svs SLD-951a0518.svs SLD-88653e42.svs SLD-39b66d71.svs SLD-cefe73ec.svs
567,SLD-93a25c9b.svs SLD-5b61f92b.svs SLD-2a6f1e47.svs SLD-9cf600ec.svs
568,SLD-5f20f406.svs SLD-f642c8f3.svs SLD-3438b4e4.svs SLD-4b1678e4.svs SLD-52177eb7.svs SLD-ba6a098f.svs
569,
570,SLD-789a2829.svs SLD-8a663359.svs
571,SLD-c857d8c3.svs
572,SLD-9a9dadd2.svs
573,SLD-c7afae8f.svs SLD-df61c534.svs SLD-8f3e64f4.svs SLD-58e760bf.svs SLD-af8c96a9.svs
574,SLD-be3feafd.svs
575,SLD-739ac9e2.svs
576,SLD-a2834536.svs SLD-cfdef303.svs SLD-813dd49a.svs SLD-95decd6e.svs SLD-53f04099.svs SLD-5df2e073.svs SLD-06792b47.svs
577,SLD-28d798b4.svs SLD-2e573864.svs
578,SLD-8d56206d.svs SLD-fa3222c4.svs SLD-88239867.svs
579,SLD-b5e2834d.svs SLD-907d8532.svs
580,SLD-dc2897c6.svs SLD-84539813.svs
581,SLD-ab899605.svs SLD-9c19ed34.svs SLD-8af58903.svs
582,SLD-38a7ac54.svs SLD-4d03cbdd.svs SLD-cc869dea.svs SLD-26b1caba.svs SLD-25323fd3.svs SLD-2fb01074.svs SLD-c9f35bf8.svs
583,SLD-726e8017.svs SLD-b931a26d.svs SLD-69083bd6.svs
584,SLD-f0041e32.svs SLD-4bc01de3.svs
585,SLD-2d4ba5a4.svs SLD-542d19c0.svs SLD-fc9ea692.svs SLD-a629d332.svs SLD-4fdc1351.svs SLD-ba626aee.svs SLD-c90853fd.svs
586,SLD-e1a9344e.svs
587,SLD-a1fdcdf1.svs SLD-877a2133.svs SLD-605dd4d6.svs SLD-0ecfb95b.svs SLD-f2ed33e1.svs
588,SLD-8be04c3e.svs SLD-5c949381.svs SLD-60c6b3ed.svs SLD-32ae2a20.svs SLD-1ac902ee.svs
589,SLD-a36bcb01.svs
590,SLD-98decbf6.svs SLD-0e5bc44c.svs SLD-e368f7d2.svs SLD-23d83f22.svs SLD-84403b37.svs SLD-d9732b86.svs
591,SLD-b5cbb690.svs SLD-e5a15243.svs SLD-735b3a80.svs SLD-c7281f15.svs SLD-c2eaf172.svs
592,SLD-50852f4f.svs SLD-0b09ec41.svs SLD-8a663359.svs SLD-b7a02afd.svs
593,SLD-a1ab17c0.svs
594,SLD-52b04994.svs SLD-a02ebb76.svs SLD-5cfa38b1.svs SLD-4a8b77da.svs SLD-4b1dd9fd.svs SLD-583678ee.svs SLD-f3ca5f64.svs
595,SLD-d7285256.svs
596,SLD-113c1836.svs
597,SLD-53a9ec5d.svs
598,SLD-b8f35c26.svs SLD-d13ec39c.svs SLD-5cb6f1f0.svs
599,SLD-fa7bff5f.svs SLD-571c9d78.svs SLD-f8cc3f3b.svs SLD-62d59938.svs SLD-d59b148f.svs SLD-402988fd.svs SLD-357f0a64.svs
600,SLD-8b1f1137.svs SLD-1519401c.svs
601,SLD-4fab2ad8.svs SLD-5084a40f.svs SLD-acf606fc.svs SLD-7c96eefa.svs SLD-8091a21d.svs
602,SLD-03927935.svs SLD-059ebb2e.svs
603,SLD-13d1ea49.svs SLD-d5cf2dc4.svs SLD-70d22718.svs SLD-ed469bf4.svs
604,SLD-f3f05323.svs SLD-88da091b.svs SLD-0b2f8580.svs SLD-01275a63.svs SLD-0212585b.svs
605,SLD-c30759a4.svs
606,SLD-13d72846.svs SLD-4e051eea.svs SLD-6c1b6811.svs
607,SLD-e27ac8e9.svs SLD-809e2109.svs SLD-d1c3d1bc.svs SLD-c6be6432.svs SLD-c7867a38.svs SLD-b2d10e3d.svs
608,SLD-9bbac838.svs SLD-6581f934.svs SLD-3891aef5.svs SLD-8ec9ea98.svs SLD-315e8080.svs SLD-7425f4e9.svs
609,SLD-dd9539fc.svs SLD-9d263e76.svs SLD-f7cd0b75.svs SLD-cef980ce.svs SLD-3d3703f8.svs SLD-05f2b928.svs
610,SLD-3b239fd8.svs SLD-0d20f686.svs SLD-5fdd5329.svs SLD-ced4dd7c.svs
611,SLD-731c877a.svs SLD-ce8c037e.svs SLD-e51c0cdb.svs
612,SLD-e27ac8e9.svs
613,SLD-ef617cac.svs SLD-c674d244.svs SLD-061f5679.svs SLD-b931a26d.svs SLD-69083bd6.svs
614,SLD-2f6570d7.svs SLD-c2112eda.svs SLD-9251ad08.svs SLD-ed2ee36f.svs SLD-e44a01f6.svs SLD-f1e7ea9b.svs
615,SLD-566ff3ec.svs SLD-cda6a326.svs SLD-6480fdc0.svs SLD-03c8e104.svs SLD-7e083c1b.svs SLD-4f8e3e01.svs
616,SLD-b9f94ec6.svs
617,SLD-d9082a42.svs SLD-9ab3cc27.svs
618,SLD-82221345.svs SLD-4a82e06a.svs SLD-c13e66af.svs SLD-390a9016.svs
619,SLD-b934718f.svs SLD-614f1ddc.svs SLD-2d492ca2.svs SLD-531da6ac.svs SLD-4bc972ce.svs SLD-0a9d499c.svs
620,SLD-8625dcb0.svs SLD-3f79dd31.svs
621,SLD-defa7864.svs SLD-2fcf3b87.svs SLD-15ac15c3.svs SLD-3be95767.svs SLD-0e96ed9b.svs
622,SLD-9a9dadd2.svs SLD-5153f737.svs SLD-0021b632.svs SLD-3246b7d9.svs SLD-d7f14ec2.svs SLD-bb296639.svs
623,SLD-bf5545ce.svs SLD-54a6087c.svs SLD-299cf16b.svs SLD-ea96abe6.svs
624,SLD-fa3222c4.svs SLD-08f1100b.svs SLD-88239867.svs
625,SLD-9c19ed34.svs SLD-ab899605.svs SLD-dfec4623.svs SLD-7fa74d8a.svs SLD-8af58903.svs SLD-a2939b3b.svs
626,SLD-4643d705.svs SLD-f1e7ea9b.svs
627,SLD-a9fa4ea6.svs SLD-22c71d04.svs SLD-6c32faff.svs SLD-376e22a6.svs SLD-ec071cf1.svs
628,SLD-2d58bce9.svs SLD-6a594b07.svs
629,SLD-90e639e1.svs SLD-6d0c62c3.svs SLD-6c0be55c.svs SLD-1d0ab994.svs SLD-254bf7ae.svs SLD-e44fc3a9.svs SLD-ec41e6f6.svs
630,SLD-df0d6301.svs SLD-ac2c10d0.svs SLD-5a9414b8.svs
631,SLD-24aeba79.svs SLD-ac7b7ab2.svs SLD-00d3d1af.svs SLD-98ba0f0e.svs
632,SLD-3e1fa8ac.svs SLD-e47c98ea.svs
633,SLD-6a480542.svs
634,SLD-82221345.svs SLD-50de4292.svs SLD-3c9590d3.svs
635,SLD-92b035e0.svs SLD-9c899296.svs SLD-c6f149c7.svs SLD-ecf150e6.svs SLD-1ca5a2f5.svs
636,SLD-3d3703f8.svs SLD-c471e21a.svs
637,SLD-8e9b185e.svs
638,SLD-a1d53402.svs SLD-f902d6c0.svs SLD-6e927501.svs SLD-5bf57279.svs
639,SLD-425de95f.svs
640,SLD-82f4b48a.svs SLD-68032f7e.svs SLD-fef06b04.svs
641,SLD-a96e2bf4.svs SLD-586523b8.svs SLD-734c5192.svs
642,SLD-992e7dea.svs
643,SLD-cad00273.svs SLD-4e3c0f2d.svs SLD-120961ea.svs SLD-57030ede.svs SLD-87ba3b90.svs
644,SLD-07fe6a4e.svs
645,SLD-a2bb6283.svs SLD-f75a7e6f.svs SLD-2b863694.svs SLD-4815642c.svs SLD-3d83ad7c.svs
646,SLD-a7f5195c.svs SLD-de62d43f.svs SLD-ccf719ab.svs
647,SLD-1d010478.svs SLD-77f4531b.svs SLD-113c1836.svs SLD-38431ed6.svs SLD-258694b6.svs SLD-fde9d47d.svs
648,SLD-385af463.svs
649,SLD-39b66d71.svs SLD-cefe73ec.svs
650,SLD-c9fe6036.svs SLD-4916e844.svs SLD-9c2e5562.svs
651,SLD-650dd400.svs
652,SLD-ebe0572c.svs SLD-315e8080.svs SLD-56e9b78d.svs SLD-8ec9ea98.svs SLD-9bbac838.svs
653,SLD-a3155940.svs SLD-877a2133.svs SLD-71df24d9.svs SLD-605dd4d6.svs SLD-f2ed33e1.svs
654,SLD-dd1f8e30.svs SLD-e51c0cdb.svs SLD-3c9a9236.svs SLD-824734df.svs SLD-ce8c037e.svs SLD-b6bca2a2.svs
655,SLD-bd2cdb8d.svs SLD-13d72846.svs SLD-6c1b6811.svs SLD-39ebfa32.svs
656,SLD-b7c144fb.svs SLD-6d5b7d50.svs SLD-990e8f01.svs SLD-1a895c62.svs SLD-ed7a6edf.svs
657,SLD-00f24603.svs SLD-ecf150e6.svs SLD-0c15a575.svs SLD-1ca5a2f5.svs SLD-09c64c1d.svs SLD-9c899296.svs
658,SLD-ec071cf1.svs SLD-22c71d04.svs
659,SLD-2d20481a.svs SLD-3f2de8a8.svs
660,SLD-5028361f.svs SLD-13801f25.svs SLD-5121f31f.svs SLD-fa4b0bc6.svs
661,SLD-4fab2ad8.svs SLD-849648e8.svs SLD-8091a21d.svs SLD-5084a40f.svs SLD-6637c09f.svs
662,SLD-1b770deb.svs
663,SLD-4d18c103.svs
664,SLD-080638c9.svs SLD-b2e02961.svs SLD-a0d9da58.svs SLD-ac73189c.svs SLD-4bebcf4f.svs SLD-3db4cb81.svs SLD-6fdc5e00.svs
665,SLD-69083bd6.svs SLD-b931a26d.svs SLD-726e8017.svs SLD-ef617cac.svs
666,
667,SLD-8af58903.svs SLD-33b5b3ce.svs
668,SLD-01ce5fc6.svs SLD-0876daaa.svs SLD-6783b0c3.svs SLD-8eeb3fd8.svs SLD-8f08963c.svs
669,SLD-68032f7e.svs SLD-f6f25926.svs SLD-82f4b48a.svs SLD-78a55d6b.svs SLD-f2ded00f.svs SLD-68fc642a.svs
670,SLD-a27ee80d.svs
671,SLD-4fee7144.svs SLD-41300879.svs SLD-dc2897c6.svs SLD-baa172ac.svs
672,SLD-c7867a38.svs SLD-e38690e7.svs SLD-b2d10e3d.svs
673,
674,SLD-a9fa4ea6.svs SLD-ec071cf1.svs
675,SLD-dcae667e.svs SLD-0876daaa.svs SLD-32d116fe.svs
676,SLD-27fa8b8a.svs SLD-52b04994.svs SLD-583678ee.svs SLD-5cfa38b1.svs
677,SLD-2d20481a.svs SLD-3f2de8a8.svs
678,SLD-877a2133.svs SLD-5e87905a.svs
679,SLD-496749fb.svs SLD-4bebcf4f.svs SLD-b2e02961.svs SLD-ac73189c.svs SLD-6fdc5e00.svs
680,SLD-919c21ed.svs SLD-53ff6644.svs
681,SLD-5b8c4949.svs SLD-30c42d61.svs SLD-06b42b6f.svs SLD-18a77594.svs
682,SLD-7e3801af.svs SLD-5b62a7c9.svs SLD-49bcf4a8.svs SLD-9f93e802.svs SLD-d1a8d7b0.svs
683,SLD-c110412c.svs SLD-258694b6.svs SLD-77f4531b.svs SLD-38431ed6.svs
684,SLD-647640a1.svs SLD-b6a659ef.svs SLD-da418b24.svs
685,SLD-cef980ce.svs SLD-9d263e76.svs
686,SLD-b56b9357.svs SLD-ef7dee1a.svs SLD-40fe6898.svs SLD-53f3c158.svs SLD-b34dc8b0.svs SLD-8476af98.svs SLD-c846bf90.svs
687,SLD-1e709e19.svs SLD-43a061c4.svs
688,SLD-b7a02afd.svs SLD-8a663359.svs SLD-abe0a177.svs
689,SLD-7281b8a9.svs
690,SLD-b1182d23.svs SLD-078548d7.svs SLD-1f12a0e9.svs SLD-586f1721.svs
691,SLD-6951743e.svs
692,SLD-5b471c43.svs SLD-7499b28c.svs SLD-1349747a.svs SLD-f4dd05d5.svs SLD-a1cba182.svs SLD-ca20854d.svs
693,SLD-d197b561.svs
694,SLD-0c78c2f9.svs SLD-da418b24.svs SLD-647640a1.svs SLD-b6a659ef.svs
695,SLD-c9f35bf8.svs SLD-26b1caba.svs SLD-cc869dea.svs
696,SLD-25d203e3.svs SLD-59e8484c.svs
697,SLD-9cf600ec.svs
698,SLD-5bc7fdeb.svs
699,SLD-f0041e32.svs SLD-23aa9e67.svs
700,SLD-f11ddff7.svs SLD-6af944e0.svs
701,SLD-9717aa6e.svs SLD-fefc5b4a.svs
702,SLD-8a74bec5.svs
703,SLD-6b325d48.svs SLD-553a773a.svs SLD-c9a6e611.svs SLD-916b51ee.svs SLD-06c4e109.svs
704,SLD-b259a6a0.svs SLD-3a8d1c00.svs SLD-7c8d5368.svs SLD-aaa28439.svs SLD-c6962905.svs SLD-cfe4fb66.svs
705,SLD-735b3a80.svs SLD-c2eaf172.svs
706,SLD-633d9c54.svs SLD-1f94e3c8.svs SLD-30c42d61.svs SLD-5b8c4949.svs SLD-f30459cc.svs SLD-06b42b6f.svs SLD-18a77594.svs
707,SLD-1cf4a8ed.svs SLD-3346f7c6.svs SLD-437249fd.svs SLD-681091fe.svs
708,SLD-1db1dfdc.svs SLD-571c9d78.svs SLD-357f0a64.svs SLD-d59b148f.svs
709,SLD-3012ae1c.svs
710,SLD-fb46ed39.svs SLD-31cb5e8e.svs
711,SLD-f25a3c68.svs SLD-aa099a46.svs SLD-f2d7fe55.svs SLD-b8bc6621.svs SLD-edec31ef.svs SLD-7afc50cd.svs SLD-0262a5aa.svs
712,SLD-a92d6b05.svs SLD-7ea496f5.svs SLD-29bccee9.svs SLD-f40d2a37.svs SLD-cf2a2198.svs SLD-a71b80ef.svs
713,SLD-5e7f503c.svs SLD-3b9cea95.svs SLD-2452bc39.svs SLD-dbf2eed1.svs SLD-9ad7558f.svs SLD-064f768d.svs
714,SLD-94d50a99.svs
715,SLD-fe38784b.svs SLD-9045a445.svs SLD-10345193.svs SLD-7c2b940d.svs
716,SLD-9ef1c846.svs SLD-1dbc24fd.svs SLD-a3ef802e.svs SLD-0a8aa1e4.svs SLD-df8693ce.svs SLD-00f520f4.svs SLD-ffeb5d5f.svs
717,SLD-f436498e.svs SLD-80245320.svs
718,SLD-28948b4c.svs SLD-8772c347.svs
719,SLD-40e3469f.svs SLD-f367dbe2.svs SLD-e9184b9f.svs SLD-501049e2.svs
720,SLD-8df7a267.svs SLD-579e9a46.svs
721,SLD-378b094c.svs SLD-c82a6c15.svs
722,SLD-8930d179.svs SLD-52ab793f.svs SLD-74aba9fc.svs SLD-4168705a.svs SLD-533c9a31.svs
723,SLD-432fb308.svs SLD-fa3222c4.svs SLD-c5dd967b.svs
724,SLD-30a31251.svs SLD-86fadb0e.svs SLD-579e9a46.svs
725,SLD-18a77594.svs SLD-633d9c54.svs SLD-06b42b6f.svs SLD-1f94e3c8.svs SLD-f30459cc.svs
726,SLD-64aba3f6.svs SLD-f660ffd5.svs SLD-f3fa8613.svs
727,SLD-fa4b0bc6.svs
728,SLD-f436498e.svs
729,SLD-31234efe.svs SLD-1d7173e5.svs SLD-dd138266.svs SLD-da54f267.svs
730,SLD-5ba48aa0.svs SLD-992e7dea.svs
731,SLD-f8542953.svs SLD-9df497f1.svs SLD-6b5a174d.svs SLD-7e240205.svs
732,SLD-21f8c156.svs
733,SLD-beb9c9e2.svs
734,SLD-e0acf9ff.svs SLD-88d3281a.svs SLD-647640a1.svs SLD-24eac3f4.svs
735,SLD-5e87905a.svs
736,SLD-61f6c877.svs SLD-0b2f8580.svs SLD-213124bd.svs
737,SLD-379deda1.svs SLD-5e4af862.svs SLD-6c4c3935.svs
738,SLD-07dc02b1.svs SLD-6a480542.svs SLD-1965e435.svs SLD-f45da406.svs SLD-101bb5fa.svs
739,SLD-8f4ed442.svs SLD-2ca723c4.svs SLD-14aaaefe.svs
740,SLD-2452bc39.svs SLD-9ad7558f.svs SLD-dbf2eed1.svs SLD-5e7f503c.svs SLD-b080e003.svs
741,SLD-b4a06976.svs
742,SLD-41300879.svs SLD-baa172ac.svs SLD-bc5074ac.svs SLD-4d236555.svs SLD-84539813.svs SLD-6279d944.svs
743,SLD-2ee66e21.svs
744,SLD-ab12fb53.svs SLD-5aa3892a.svs SLD-79009c61.svs SLD-a1d20ebc.svs SLD-23b870f3.svs
745,SLD-95decd6e.svs SLD-a2834536.svs SLD-53f04099.svs SLD-5df2e073.svs SLD-8d99743c.svs
746,SLD-ec4f4490.svs SLD-2ee66e21.svs
747,SLD-a1d33772.svs
748,SLD-6581f934.svs SLD-9bbac838.svs SLD-315e8080.svs
749,SLD-09c64c1d.svs
750,SLD-e8a56f31.svs SLD-488cac4e.svs SLD-ac2c10d0.svs SLD-5a9414b8.svs SLD-df0d6301.svs SLD-bf1df687.svs
751,SLD-5a31a6a6.svs SLD-9b87cc5e.svs SLD-1a9e8547.svs SLD-55f7792a.svs SLD-91fd7d4a.svs SLD-6d7fe9b2.svs SLD-d560e64c.svs
752,SLD-e1bccfb2.svs SLD-9c14940d.svs SLD-5b2d81cc.svs SLD-53e83663.svs SLD-c602bd20.svs SLD-4e98ce25.svs SLD-c1fa924e.svs
753,
754,SLD-b66b6b0b.svs SLD-d9efbb41.svs SLD-53fb2ed1.svs SLD-84eaf943.svs SLD-8af37d72.svs SLD-b9534807.svs SLD-ec4f4490.svs
755,SLD-d8efb5c9.svs SLD-ca3c4050.svs SLD-0ff73f25.svs SLD-697b8538.svs SLD-e7a2d2d0.svs SLD-75fc1b10.svs
756,SLD-43eb280e.svs SLD-64e322cf.svs SLD-2e573864.svs
757,SLD-2412579d.svs
758,SLD-9c272c51.svs
759,SLD-590e83da.svs
760,SLD-40d2d16f.svs
761,SLD-2b863694.svs SLD-f75a7e6f.svs
762,SLD-7e083c1b.svs SLD-cda6a326.svs
763,SLD-3fee2fc7.svs SLD-7d718591.svs SLD-ef38d426.svs SLD-20ca35ab.svs SLD-deffed7a.svs SLD-38553ac8.svs SLD-476c4878.svs
764,SLD-6a27241f.svs SLD-3fafa217.svs SLD-37d316a4.svs
765,SLD-0f2670d2.svs SLD-356af737.svs SLD-4aaeb212.svs SLD-09cd3bdf.svs SLD-b9f94ec6.svs SLD-6253dfe3.svs
766,SLD-b7ed75b4.svs SLD-fff83cec.svs SLD-63d0fccd.svs SLD-cd34bcd7.svs SLD-afdb4e0b.svs SLD-2c05b870.svs SLD-04fe973d.svs
767,SLD-5df5672b.svs SLD-aab6941b.svs SLD-59e8484c.svs
768,SLD-106861d3.svs SLD-633d9c54.svs
769,SLD-3fbdaeed.svs SLD-b17078ee.svs
770,SLD-4332559d.svs SLD-87ba3b90.svs
771,SLD-a6245b59.svs SLD-c707aef9.svs
772,SLD-94665d45.svs SLD-1c2c7a34.svs
773,SLD-affe2554.svs SLD-25e4979d.svs
774,SLD-b287c440.svs SLD-0ef05b6f.svs SLD-b58c1e9f.svs SLD-2a0b2040.svs SLD-ed4879e7.svs
775,SLD-ea75e34d.svs
776,SLD-d9073286.svs SLD-852d2ee5.svs SLD-329cd43a.svs
777,SLD-5f20f406.svs SLD-52177eb7.svs SLD-ba6a098f.svs SLD-70f8dd99.svs
778,SLD-ad0cabfc.svs SLD-1baf01f1.svs
779,SLD-ad9d1f42.svs SLD-c3121af6.svs
780,SLD-f902d6c0.svs SLD-a1d53402.svs SLD-4704768e.svs SLD-ea75e34d.svs SLD-6e927501.svs SLD-5bd71dc6.svs
781,SLD-74aba9fc.svs SLD-51abf5e5.svs SLD-533c9a31.svs
782,SLD-fd0ba70e.svs SLD-156af458.svs SLD-379deda1.svs SLD-6c4c3935.svs SLD-5e4af862.svs SLD-385af463.svs
783,SLD-3e2b6653.svs SLD-ac98a368.svs SLD-a92c3c3e.svs
784,SLD-7e56ac3d.svs SLD-4124405b.svs
785,SLD-9bbac838.svs SLD-315e8080.svs
786,SLD-90823eda.svs SLD-ce5dc807.svs SLD-16408169.svs SLD-a38d8afc.svs SLD-fdd2ed7a.svs
787,SLD-ac98a368.svs
788,SLD-0b6d9611.svs
789,SLD-dd5aacc7.svs
790,
791,SLD-f367dbe2.svs SLD-501049e2.svs SLD-951a0518.svs
792,SLD-63d0fccd.svs SLD-fff83cec.svs SLD-2c05b870.svs SLD-b7ed75b4.svs
793,SLD-baa172ac.svs
794,SLD-c2eaf172.svs SLD-735b3a80.svs SLD-c7281f15.svs
795,SLD-1ee1723b.svs SLD-e7524102.svs SLD-4a9686a4.svs SLD-58116722.svs SLD-722c353d.svs SLD-3e581dd5.svs SLD-277dfc7b.svs
796,SLD-b259a6a0.svs SLD-aaa28439.svs SLD-3a8d1c00.svs
797,SLD-7f411fed.svs SLD-ad4ab155.svs SLD-33a1d1c2.svs SLD-65e04993.svs SLD-c09fcd8f.svs
798,SLD-6a325333.svs SLD-4a294067.svs
799,SLD-0061fd30.svs SLD-852d2ee5.svs SLD-7751b3fa.svs SLD-14e16706.svs SLD-bdb62ff3.svs SLD-d9073286.svs
800,SLD-ca6cb87c.svs SLD-698eecba.svs SLD-6951743e.svs SLD-91d2125a.svs
801,SLD-4124405b.svs SLD-7e56ac3d.svs
802,SLD-95fc7389.svs SLD-153251c9.svs SLD-ccd66756.svs SLD-2ca723c4.svs SLD-14aaaefe.svs SLD-d03459a4.svs SLD-8f4ed442.svs
803,SLD-f5a3e893.svs SLD-c4841a8d.svs SLD-3f7a2748.svs
804,SLD-b34dc8b0.svs
805,SLD-cbe88a3f.svs SLD-27649a62.svs SLD-8ee4fd02.svs
806,SLD-d61a43f2.svs SLD-58ea0417.svs
807,SLD-8df7a267.svs SLD-c857d8c3.svs SLD-b4a06976.svs
808,SLD-16408169.svs SLD-a38d8afc.svs SLD-90823eda.svs
809,SLD-e355c369.svs SLD-061f5679.svs SLD-c674d244.svs SLD-ef617cac.svs SLD-726e8017.svs SLD-69083bd6.svs
810,SLD-992a34a1.svs SLD-21f8c156.svs SLD-c734bb05.svs SLD-9e0df45b.svs SLD-26c00984.svs SLD-788c31f6.svs SLD-052daad3.svs
811,SLD-8b1f1137.svs SLD-848610cf.svs
812,SLD-00f24603.svs SLD-1ca5a2f5.svs
813,SLD-5121f31f.svs SLD-f9d0a163.svs
814,
815,SLD-8d5f52c0.svs SLD-d1cae193.svs
816,SLD-b931a26d.svs
817,SLD-1e709e19.svs
818,SLD-bb9e5a02.svs SLD-3fafa217.svs SLD-bc6ff6ac.svs SLD-2c2df3c2.svs SLD-37d316a4.svs SLD-e139d15d.svs SLD-6a27241f.svs
819,SLD-bd2cdb8d.svs SLD-4e051eea.svs
820,SLD-b7a02afd.svs SLD-0b09ec41.svs SLD-50852f4f.svs SLD-789a2829.svs SLD-8a663359.svs SLD-1c5e1698.svs SLD-30d6863f.svs
821,SLD-9c272c51.svs SLD-7176d181.svs
822,SLD-3f79dd31.svs SLD-8625dcb0.svs
823,SLD-ed28508d.svs SLD-246cb09c.svs SLD-4c4b91fe.svs SLD-bdaa3bfa.svs SLD-6c148fc6.svs
824,SLD-074f3be0.svs SLD-61994015.svs SLD-f9df7275.svs SLD-9da28338.svs SLD-0a8bc856.svs
825,SLD-84eaf943.svs
826,SLD-58ea0417.svs
827,SLD-50ae2652.svs SLD-6253dfe3.svs SLD-4aaeb212.svs SLD-b9f94ec6.svs SLD-356af737.svs
828,SLD-adb6da35.svs SLD-cb4d18d6.svs SLD-849b8a44.svs SLD-1734a26c.svs SLD-99a2ecb1.svs SLD-ce1bb02a.svs
829,SLD-ed469bf4.svs SLD-0dd35d11.svs SLD-5b9e42d0.svs SLD-eb1c3ba4.svs SLD-13d1ea49.svs SLD-70d22718.svs SLD-d5cf2dc4.svs
830,SLD-f0fcccc6.svs SLD-8772c347.svs SLD-28948b4c.svs
831,SLD-e47c98ea.svs SLD-bda31488.svs SLD-96062930.svs SLD-35bbcdb0.svs SLD-3e1fa8ac.svs SLD-28600311.svs SLD-c315d334.svs
832,SLD-d216ad53.svs
833,SLD-5bf80676.svs SLD-590e83da.svs SLD-1f12a0e9.svs SLD-2d8b5b41.svs SLD-028d042b.svs SLD-586f1721.svs SLD-078548d7.svs
834,SLD-3f2de8a8.svs
835,SLD-bb5f15c1.svs SLD-444517ef.svs SLD-cb18d6a4.svs SLD-9d4319b5.svs SLD-b0445ebb.svs
836,SLD-284b7bcd.svs SLD-a3af11d0.svs SLD-a1d33772.svs SLD-f110397a.svs SLD-81011c5b.svs SLD-1c2c7a34.svs
837,SLD-402988fd.svs
838,SLD-c315d334.svs SLD-dba620f1.svs SLD-e47c98ea.svs SLD-bda31488.svs
839,SLD-6f6ddf79.svs
840,SLD-a96e2bf4.svs SLD-69967b5c.svs SLD-586523b8.svs
841,SLD-fff83cec.svs SLD-04fe973d.svs
842,SLD-338f4acf.svs
843,SLD-ea96abe6.svs
844,SLD-141bd896.svs
845,SLD-a0d9da58.svs SLD-496749fb.svs
846,SLD-79faf501.svs SLD-0ea255e0.svs SLD-8e50c79a.svs SLD-848610cf.svs
847,SLD-269b6c3b.svs SLD-5bbdd1f4.svs SLD-abf0f4bd.svs
848,SLD-c8bf23fb.svs
849,SLD-e8ef99e9.svs SLD-b8bc6621.svs SLD-7afc50cd.svs
850,SLD-788c31f6.svs SLD-084fa819.svs SLD-052daad3.svs SLD-992a34a1.svs
851,SLD-284b7bcd.svs
852,SLD-6951743e.svs SLD-ca6cb87c.svs SLD-95e19cb6.svs
853,SLD-b4a06976.svs
854,SLD-7ce71b48.svs SLD-905c053b.svs SLD-fba52e59.svs
855,SLD-5e146c30.svs SLD-17776c3a.svs SLD-bd2cdb8d.svs SLD-6c1b6811.svs SLD-39ebfa32.svs SLD-92dbd613.svs SLD-13d72846.svs
856,SLD-a27ee80d.svs SLD-ed9081c1.svs SLD-10b2e6e5.svs SLD-650dd400.svs SLD-70c455a9.svs
857,SLD-dcae667e.svs SLD-32d116fe.svs SLD-8f08963c.svs
858,SLD-f436498e.svs SLD-63eaa07f.svs SLD-80245320.svs
859,SLD-1ca5a2f5.svs SLD-9c899296.svs SLD-09c64c1d.svs
860,SLD-fb0a6a90.svs
861,SLD-ca20854d.svs SLD-5b471c43.svs
862,SLD-104dff66.svs SLD-598ca3b4.svs SLD-01d34690.svs SLD-00fdec23.svs SLD-4a30f7cd.svs SLD-c963d148.svs
863,SLD-4c4b91fe.svs SLD-246cb09c.svs SLD-8cffbbb1.svs SLD-bdaa3bfa.svs SLD-6ab01563.svs
864,SLD-6d3f4b37.svs
865,SLD-43a061c4.svs
866,SLD-dd138266.svs SLD-d26d5396.svs SLD-6e648043.svs SLD-1d7173e5.svs
867,SLD-ec41e6f6.svs SLD-90e639e1.svs SLD-6d0c62c3.svs SLD-254bf7ae.svs SLD-e44fc3a9.svs
868,SLD-a1ab17c0.svs
869,SLD-f164f9d8.svs SLD-91fcfe88.svs SLD-dc2151e1.svs SLD-7e56ac3d.svs
870,SLD-dca5b353.svs SLD-261908b9.svs SLD-75f2bc20.svs
871,SLD-23f1b67e.svs
872,SLD-553a773a.svs
873,SLD-4e60678b.svs
874,SLD-53e83663.svs SLD-e1bccfb2.svs SLD-9c14940d.svs SLD-17337a7c.svs SLD-c602bd20.svs SLD-c1fa924e.svs
875,SLD-0c15a575.svs SLD-09c64c1d.svs SLD-1ca5a2f5.svs
876,SLD-82f4b48a.svs SLD-68032f7e.svs SLD-fef06b04.svs SLD-4e60678b.svs SLD-f6f25926.svs SLD-f2ded00f.svs
877,SLD-13d1ea49.svs SLD-688181a8.svs
878,SLD-6a27241f.svs SLD-e139d15d.svs
879,SLD-ce8c037e.svs SLD-e51c0cdb.svs
880,SLD-f902d6c0.svs SLD-ea75e34d.svs SLD-5bf57279.svs SLD-5bd71dc6.svs SLD-a1d53402.svs SLD-4704768e.svs SLD-6e927501.svs
881,SLD-9ed9c124.svs
882,SLD-e9184b9f.svs SLD-39b66d71.svs SLD-951a0518.svs SLD-501049e2.svs SLD-40e3469f.svs SLD-cefe73ec.svs SLD-88653e42.svs
883,SLD-79009c61.svs SLD-8f42cebe.svs SLD-5aa3892a.svs
884,SLD-a9fa4ea6.svs
885,SLD-c30759a4.svs SLD-eb1d1061.svs
886,SLD-25e4979d.svs SLD-e5aef699.svs SLD-a5e3a719.svs
887,SLD-31e9ca80.svs SLD-c6c3744c.svs SLD-c707aef9.svs SLD-c88e03b6.svs SLD-a6245b59.svs
888,SLD-f6f25926.svs SLD-68fc642a.svs SLD-78a55d6b.svs SLD-82f4b48a.svs SLD-fef06b04.svs
889,SLD-70c455a9.svs
890,SLD-8a83efc8.svs
891,
892,SLD-99e8c828.svs
893,SLD-f0041e32.svs SLD-4bc01de3.svs
894,SLD-54a6087c.svs SLD-de386aeb.svs SLD-bf5545ce.svs
895,SLD-50ae2652.svs
896,SLD-6a594b07.svs SLD-7984f33f.svs SLD-2d58bce9.svs SLD-61c61ae4.svs SLD-ed0d0418.svs SLD-3bfb255e.svs SLD-eda67806.svs
897,SLD-7afc50cd.svs SLD-0262a5aa.svs SLD-b8bc6621.svs SLD-edec31ef.svs SLD-f2d7fe55.svs SLD-f25a3c68.svs
898,SLD-9177b6d4.svs SLD-1f9078d5.svs SLD-a0f9c074.svs
899,SLD-62d59938.svs SLD-402988fd.svs SLD-f8cc3f3b.svs SLD-fa7bff5f.svs SLD-1db1dfdc.svs SLD-357f0a64.svs SLD-571c9d78.svs
900,SLD-e4bacd78.svs SLD-cb775e24.svs SLD-4168705a.svs
901,SLD-d658b1b3.svs SLD-5882e3bb.svs SLD-864696c1.svs SLD-5e6364c6.svs SLD-35a7c6ed.svs SLD-deb4e6c4.svs
902,SLD-0f2670d2.svs SLD-6253dfe3.svs SLD-f19b43da.svs SLD-356af737.svs
903,SLD-5b2d81cc.svs SLD-9c14940d.svs SLD-e1bccfb2.svs SLD-53e83663.svs SLD-17337a7c.svs SLD-c602bd20.svs SLD-c1fa924e.svs
904,SLD-5b62a7c9.svs SLD-49bcf4a8.svs SLD-d1a8d7b0.svs SLD-e65d1c73.svs SLD-9f93e802.svs
905,SLD-b7ed75b4.svs
906,SLD-353e0c86.svs SLD-24aeba79.svs SLD-ac7b7ab2.svs SLD-00d3d1af.svs SLD-e4b82987.svs SLD-98ba0f0e.svs
907,SLD-a100ed14.svs SLD-fa92cd28.svs SLD-4d18c103.svs SLD-4c6e6fbb.svs SLD-37fef6b5.svs SLD-c4c536fb.svs
908,SLD-6c32faff.svs SLD-f8db1a4d.svs
909,SLD-68c6dd5e.svs SLD-e413961f.svs
910,SLD-c8bf23fb.svs
911,SLD-24aeba79.svs SLD-98ba0f0e.svs SLD-00d3d1af.svs SLD-ac7b7ab2.svs SLD-e4b82987.svs SLD-346d2b7e.svs SLD-353e0c86.svs
912,SLD-31cb5e8e.svs SLD-5abec113.svs SLD-ae2562ca.svs
913,SLD-a2939b3b.svs
914,SLD-f9154865.svs SLD-ac91c01e.svs
915,SLD-5d443821.svs SLD-28d798b4.svs SLD-3ad23fbf.svs
916,SLD-586523b8.svs
917,SLD-5aa3892a.svs SLD-79009c61.svs SLD-8f42cebe.svs
918,SLD-e7aad070.svs SLD-bb296639.svs SLD-5153f737.svs SLD-d7f14ec2.svs
919,SLD-843b2a7d.svs SLD-399f8a8f.svs
920,
921,SLD-53f3c158.svs SLD-ef7dee1a.svs
922,SLD-fec24805.svs SLD-196d362d.svs SLD-f48ef9a8.svs
923,SLD-fde9d47d.svs
924,SLD-4c88b9d8.svs SLD-79009c61.svs SLD-ab12fb53.svs
925,SLD-5084a40f.svs SLD-7c96eefa.svs SLD-3b8f5fc7.svs
926,SLD-153251c9.svs SLD-d020baee.svs SLD-95fc7389.svs SLD-d03459a4.svs
927,SLD-61c61ae4.svs SLD-eda67806.svs SLD-3bfb255e.svs SLD-6a594b07.svs SLD-3a19607d.svs SLD-7984f33f.svs SLD-2d58bce9.svs
928,SLD-24eac3f4.svs
929,SLD-a217cf25.svs SLD-15ac15c3.svs SLD-2fcf3b87.svs
930,SLD-98decbf6.svs SLD-23d83f22.svs SLD-d9732b86.svs SLD-b13bad4e.svs SLD-42734d1c.svs SLD-0e5bc44c.svs
931,SLD-e9e7e1ba.svs SLD-06c4e109.svs SLD-6faefeda.svs
932,SLD-c602bd20.svs SLD-17337a7c.svs SLD-e1bccfb2.svs SLD-5b2d81cc.svs SLD-4e98ce25.svs SLD-53e83663.svs
933,SLD-5b2d81cc.svs SLD-53e83663.svs SLD-e1bccfb2.svs
934,SLD-68fc642a.svs SLD-f2ded00f.svs SLD-68032f7e.svs SLD-4e60678b.svs
935,SLD-c707aef9.svs SLD-8c94af98.svs SLD-a6245b59.svs SLD-c88e03b6.svs
936,SLD-bdaa3bfa.svs SLD-6ab01563.svs SLD-ed28508d.svs
937,SLD-cbf8e26a.svs SLD-63b74101.svs SLD-0fe1cedf.svs
938,SLD-c15648ff.svs SLD-488cac4e.svs SLD-bf1df687.svs SLD-5a9414b8.svs SLD-40aaec7a.svs
939,SLD-581ba307.svs SLD-42965873.svs SLD-a8e6a772.svs SLD-abecfc0b.svs SLD-a867a0f0.svs SLD-ab1e6794.svs SLD-39d5b552.svs
940,SLD-338f4acf.svs SLD-28702bb1.svs SLD-44e8a604.svs
941,SLD-b4480761.svs SLD-9ab3cc27.svs
942,SLD-c6f149c7.svs SLD-00f24603.svs SLD-1ca5a2f5.svs SLD-92b035e0.svs
943,SLD-cdfa4cc8.svs SLD-88a0edce.svs SLD-68c6dd5e.svs SLD-4384860c.svs
944,SLD-22c71d04.svs SLD-e47638ec.svs SLD-376e22a6.svs SLD-f8db1a4d.svs SLD-6c32faff.svs SLD-584d3c02.svs
945,SLD-8a647b9f.svs SLD-5e2d2454.svs SLD-e46232e7.svs
946,SLD-25d203e3.svs SLD-d466c772.svs SLD-aab6941b.svs SLD-992e7dea.svs SLD-5ba48aa0.svs SLD-5df5672b.svs
947,SLD-ef7f6bc8.svs SLD-955fbc33.svs SLD-fb24cba4.svs SLD-e1a9344e.svs
948,SLD-3ad23fbf.svs SLD-5d443821.svs SLD-28d798b4.svs SLD-79017990.svs SLD-64e322cf.svs SLD-2e573864.svs SLD-8a7f03ae.svs
949,SLD-ae63ad3a.svs SLD-e18d99ce.svs
950,SLD-a94501d7.svs SLD-13801f25.svs
951,SLD-06792b47.svs
952,SLD-cbe88a3f.svs SLD-b02de52c.svs
953,SLD-2c05b870.svs SLD-afdb4e0b.svs SLD-04fe973d.svs SLD-b7ed75b4.svs
954,SLD-06792b47.svs SLD-813dd49a.svs SLD-95decd6e.svs SLD-53f04099.svs SLD-a2834536.svs
955,SLD-f7cd0b75.svs SLD-dd9539fc.svs
956,SLD-58116722.svs SLD-4a9686a4.svs SLD-722c353d.svs SLD-e7524102.svs SLD-277dfc7b.svs
957,SLD-0061fd30.svs SLD-e583847f.svs SLD-852d2ee5.svs SLD-d9073286.svs SLD-bdb62ff3.svs SLD-329cd43a.svs SLD-7751b3fa.svs
958,SLD-27f9e728.svs SLD-bbf9bb01.svs
959,SLD-852d2ee5.svs SLD-0061fd30.svs SLD-329cd43a.svs SLD-d9073286.svs
960,SLD-bb296639.svs SLD-8e4a295d.svs SLD-3246b7d9.svs SLD-d7f14ec2.svs
961,SLD-d48457df.svs SLD-11fba56e.svs
962,SLD-4815642c.svs
963,SLD-a6245b59.svs
964,SLD-65fd5f69.svs SLD-6e3a52d7.svs SLD-9cf600ec.svs
965,SLD-3346f7c6.svs
966,SLD-bb5f15c1.svs
967,SLD-6fdc5e00.svs SLD-b2e02961.svs
968,SLD-94665d45.svs SLD-1c2c7a34.svs SLD-a3af11d0.svs SLD-284b7bcd.svs SLD-81011c5b.svs SLD-f110397a.svs
969,SLD-61f6c877.svs SLD-01275a63.svs SLD-0b2f8580.svs SLD-88da091b.svs SLD-f3f05323.svs
970,
971,SLD-f8cc3f3b.svs SLD-fa7bff5f.svs
972,SLD-6c749cf4.svs SLD-5fdd5329.svs SLD-b4ca0142.svs SLD-0d20f686.svs SLD-ced4dd7c.svs
973,SLD-4d18c103.svs SLD-1d4d1180.svs SLD-a100ed14.svs SLD-4c6e6fbb.svs SLD-37fef6b5.svs SLD-fa92cd28.svs
974,SLD-517fa07e.svs SLD-d13ec39c.svs SLD-7b0f78c1.svs
975,SLD-6a594b07.svs SLD-2d58bce9.svs SLD-7984f33f.svs SLD-3bfb255e.svs SLD-61c61ae4.svs SLD-3a19607d.svs SLD-eda67806.svs
976,SLD-b58c1e9f.svs SLD-daa6b26a.svs SLD-2a0b2040.svs SLD-b287c440.svs SLD-efd164ee.svs SLD-e30d04fd.svs SLD-ed4879e7.svs
977,SLD-4a9686a4.svs SLD-58116722.svs SLD-3e581dd5.svs SLD-277dfc7b.svs SLD-722c353d.svs SLD-1ee1723b.svs
978,SLD-6e84f8ea.svs SLD-6bf4d047.svs SLD-3f7a2748.svs SLD-c4841a8d.svs SLD-f5a3e893.svs
979,SLD-693d993c.svs
980,SLD-7a658abe.svs SLD-f3fa8613.svs SLD-f660ffd5.svs
981,SLD-7c96eefa.svs SLD-acf606fc.svs SLD-8091a21d.svs SLD-5084a40f.svs SLD-849648e8.svs SLD-3b8f5fc7.svs
982,SLD-25323fd3.svs
983,SLD-e6b920da.svs SLD-5f20f406.svs
984,SLD-4d29d77a.svs SLD-23aa9e67.svs SLD-cf085288.svs SLD-70bc3ec1.svs SLD-4bc01de3.svs SLD-d197b561.svs
985,SLD-0d20f686.svs SLD-854df9b6.svs SLD-b4ca0142.svs SLD-2b66b1c0.svs SLD-ced4dd7c.svs
986,SLD-92dbd613.svs SLD-13d72846.svs SLD-4e051eea.svs SLD-6c1b6811.svs SLD-17776c3a.svs
987,SLD-0a8bc856.svs SLD-f9df7275.svs SLD-9da28338.svs SLD-c3edd9b7.svs
988,SLD-39ebfa32.svs SLD-4e051eea.svs SLD-17776c3a.svs SLD-5e146c30.svs SLD-6c1b6811.svs SLD-92dbd613.svs
989,SLD-706146ff.svs SLD-becba4c8.svs SLD-b2c92c12.svs
990,SLD-1624d318.svs SLD-a1ab17c0.svs SLD-c149fa8e.svs SLD-3421beaf.svs SLD-0078cb12.svs
991,SLD-6e84f8ea.svs SLD-3f7a2748.svs
992,SLD-c6c3744c.svs
993,SLD-992a34a1.svs SLD-788c31f6.svs SLD-084fa819.svs
994,SLD-4642cddb.svs SLD-fbf70946.svs
995,SLD-79017990.svs SLD-28d798b4.svs
996,SLD-b8d13539.svs SLD-0ff73f25.svs SLD-d8efb5c9.svs
997,SLD-277dfc7b.svs SLD-eed15368.svs SLD-58116722.svs SLD-722c353d.svs SLD-e7524102.svs SLD-3e581dd5.svs SLD-1ee1723b.svs
998,SLD-50852f4f.svs SLD-8a663359.svs SLD-1c5e1698.svs
999,SLD-b7c144fb.svs SLD-1a895c62.svs SLD-6d5b7d50.svs SLD-9ed9c124.svs SLD-dd5aacc7.svs SLD-990e8f01.svs
1000,SLD-f4dd05d5.svs SLD-ca20854d.svs SLD-e6e4b8df.svs
1001,SLD-d9073286.svs
1002,SLD-c2112eda.svs SLD-2f6570d7.svs
1003,SLD-476c4878.svs SLD-3fee2fc7.svs SLD-38553ac8.svs SLD-ef38d426.svs SLD-d7285256.svs SLD-20ca35ab.svs
1004,SLD-44e8a604.svs SLD-28702bb1.svs SLD-338f4acf.svs
1005,SLD-c3a31607.svs SLD-6df2fc82.svs SLD-3db612f4.svs SLD-40d2d16f.svs
1006,SLD-79017990.svs SLD-43eb280e.svs
1007,SLD-41300879.svs SLD-6279d944.svs SLD-baa172ac.svs SLD-bc5074ac.svs
1008,SLD-789a2829.svs SLD-8a663359.svs SLD-abe0a177.svs SLD-50852f4f.svs SLD-b7a02afd.svs SLD-0b09ec41.svs SLD-1c5e1698.svs
1009,SLD-cd34bcd7.svs
1010,SLD-b5cbb690.svs SLD-c7281f15.svs SLD-e5a15243.svs SLD-b17078ee.svs
1011,SLD-c4841a8d.svs SLD-74151acc.svs SLD-5723a959.svs SLD-2cbb93c2.svs
1012,SLD-25323fd3.svs SLD-4d03cbdd.svs SLD-2fb01074.svs
1013,SLD-142a6c95.svs SLD-9ab3cc27.svs SLD-232f8c5b.svs SLD-d9082a42.svs SLD-b4134208.svs SLD-66dfeb1e.svs
1014,SLD-5a220eb2.svs SLD-4815642c.svs SLD-541d1a81.svs SLD-2b863694.svs SLD-3d83ad7c.svs
1015,SLD-6480fdc0.svs SLD-cda6a326.svs
1016,SLD-ed4879e7.svs SLD-2a0b2040.svs SLD-b58c1e9f.svs
1017,SLD-f2ded00f.svs SLD-82f4b48a.svs SLD-4e60678b.svs
1018,SLD-0ff73f25.svs SLD-33251c76.svs
1019,SLD-b9b5c70e.svs SLD-3346f7c6.svs SLD-1cf4a8ed.svs
1020,SLD-c7afae8f.svs SLD-af8c96a9.svs SLD-df61c534.svs SLD-57d1d37c.svs SLD-8f3e64f4.svs
1021,SLD-29530a13.svs
1022,SLD-11ab249d.svs
1023,SLD-6af944e0.svs SLD-e3d48408.svs SLD-2412579d.svs SLD-f11ddff7.svs SLD-7de8a234.svs
1024,SLD-4d236555.svs SLD-84539813.svs SLD-6279d944.svs SLD-bc5074ac.svs SLD-baa172ac.svs
1025,SLD-2412579d.svs SLD-e3d48408.svs
1026,SLD-fa7bff5f.svs
1027,SLD-0a9d499c.svs
1028,SLD-258694b6.svs SLD-c110412c.svs SLD-38431ed6.svs
1029,SLD-99a2ecb1.svs SLD-1734a26c.svs SLD-92e94e89.svs SLD-adb6da35.svs SLD-ce1bb02a.svs
1030,SLD-6b5a174d.svs SLD-c095e099.svs SLD-9df497f1.svs SLD-34367eaa.svs SLD-7e240205.svs SLD-f8542953.svs
1031,SLD-48622a67.svs SLD-6a325333.svs SLD-dc66a27b.svs SLD-85e74250.svs SLD-22696227.svs SLD-8513d91e.svs SLD-92f078b8.svs
1032,SLD-3bfb255e.svs SLD-6a594b07.svs
1033,SLD-daa6b26a.svs SLD-ed4879e7.svs SLD-efd164ee.svs SLD-e30d04fd.svs
1034,SLD-99e8c828.svs SLD-21da132c.svs SLD-12bdf75f.svs
1035,SLD-581332c2.svs SLD-f48ef9a8.svs SLD-9d0b6f5e.svs SLD-8fad725d.svs SLD-feeac13d.svs SLD-6aeb5a32.svs SLD-fec24805.svs
1036,SLD-d020baee.svs SLD-2ca723c4.svs
1037,SLD-37fef6b5.svs SLD-a100ed14.svs SLD-4d18c103.svs SLD-1d4d1180.svs SLD-fa92cd28.svs SLD-01fda698.svs
1038,SLD-3346f7c6.svs SLD-17ee2fe6.svs SLD-b9b5c70e.svs SLD-437249fd.svs SLD-681091fe.svs SLD-1cf4a8ed.svs SLD-2db6de21.svs
1039,SLD-3e2aad3e.svs SLD-2f16fb50.svs
1040,SLD-c67781b2.svs SLD-3956fba9.svs
1041,SLD-84539813.svs
1042,SLD-49b564fb.svs SLD-30f2c485.svs SLD-24039721.svs SLD-75fd3537.svs
1043,SLD-e6b920da.svs SLD-4b1678e4.svs SLD-f642c8f3.svs SLD-70f8dd99.svs SLD-52177eb7.svs SLD-ba6a098f.svs SLD-3438b4e4.svs
1044,SLD-f5652d00.svs SLD-c3a31607.svs SLD-6df2fc82.svs
1045,SLD-bb5f15c1.svs SLD-603803f3.svs SLD-cb18d6a4.svs SLD-15db4487.svs SLD-b0445ebb.svs SLD-444517ef.svs SLD-9d4319b5.svs
1046,SLD-37fef6b5.svs SLD-01fda698.svs SLD-c4c536fb.svs SLD-4c6e6fbb.svs SLD-fa92cd28.svs
1047,SLD-90a2b8e1.svs SLD-55e9718e.svs SLD-d1f15ee7.svs SLD-dcff697d.svs SLD-816480fa.svs SLD-3bcab3ea.svs
1048,SLD-ac73189c.svs SLD-a0d9da58.svs
1049,SLD-07fe6a4e.svs SLD-6e3a52d7.svs SLD-65fd5f69.svs SLD-9cf600ec.svs SLD-93a25c9b.svs
1050,SLD-01275a63.svs SLD-0b2f8580.svs SLD-61f6c877.svs SLD-f3f05323.svs SLD-213124bd.svs SLD-3bd5f8a2.svs
1051,SLD-afd86432.svs SLD-11035083.svs SLD-afb120f4.svs
1052,SLD-4124405b.svs SLD-dc2151e1.svs SLD-f164f9d8.svs SLD-7e56ac3d.svs
1053,SLD-35c3de95.svs SLD-0bee2ebd.svs SLD-8a647b9f.svs SLD-05727bb5.svs SLD-b44788bd.svs SLD-e46232e7.svs
1054,SLD-56e9b78d.svs SLD-315e8080.svs
1055,SLD-84539813.svs SLD-6279d944.svs SLD-bc5074ac.svs SLD-41300879.svs
1056,SLD-b17078ee.svs
1057,SLD-3f79dd31.svs SLD-8625dcb0.svs SLD-e18d99ce.svs
1058,SLD-d1f15ee7.svs
1059,SLD-4c88b9d8.svs SLD-ab12fb53.svs SLD-79009c61.svs SLD-23b870f3.svs SLD-77cb1a27.svs SLD-5aa3892a.svs SLD-8f42cebe.svs
1060,SLD-74aba9fc.svs
1061,SLD-4bc972ce.svs SLD-2d492ca2.svs SLD-956c2129.svs
1062,SLD-f25a3c68.svs SLD-0262a5aa.svs SLD-f2d7fe55.svs SLD-e8ef99e9.svs SLD-aa099a46.svs SLD-b8bc6621.svs
1063,SLD-88653e42.svs SLD-f367dbe2.svs SLD-951a0518.svs SLD-501049e2.svs SLD-39b66d71.svs SLD-40e3469f.svs
1064,SLD-11035083.svs SLD-86de3365.svs
1065,SLD-6bf4d047.svs SLD-f5a3e893.svs SLD-c4841a8d.svs SLD-3f7a2748.svs SLD-5723a959.svs SLD-6e84f8ea.svs SLD-74151acc.svs
1066,SLD-bb00d206.svs SLD-9df497f1.svs SLD-34367eaa.svs
1067,SLD-3b239fd8.svs SLD-854df9b6.svs SLD-b4ca0142.svs
1068,SLD-104dff66.svs SLD-a795ac54.svs SLD-01d34690.svs SLD-c963d148.svs
1069,SLD-8b1f1137.svs SLD-848610cf.svs SLD-8e50c79a.svs SLD-1519401c.svs
1070,SLD-2922fbd8.svs
1071,SLD-bb9e5a02.svs SLD-2c2df3c2.svs
1072,SLD-55e9718e.svs SLD-d26d028d.svs SLD-141bd896.svs SLD-90a2b8e1.svs SLD-dcff697d.svs
1073,SLD-35a7c6ed.svs SLD-14827a89.svs
1074,SLD-d8a230de.svs SLD-14d4dad6.svs SLD-afb120f4.svs
1075,SLD-ced4dd7c.svs SLD-b4ca0142.svs SLD-6c749cf4.svs SLD-3b239fd8.svs SLD-2b66b1c0.svs SLD-0d20f686.svs
1076,SLD-723dc8f5.svs SLD-3fbdaeed.svs SLD-b5cbb690.svs
1077,SLD-d5cf2dc4.svs SLD-0dd35d11.svs SLD-5b9e42d0.svs SLD-13d1ea49.svs SLD-70d22718.svs SLD-ed469bf4.svs
1078,SLD-3f7512c5.svs SLD-1e709e19.svs SLD-08236adf.svs SLD-b49b93d5.svs
1079,SLD-586f1721.svs SLD-5bf80676.svs SLD-078548d7.svs SLD-b1182d23.svs SLD-2d8b5b41.svs SLD-590e83da.svs SLD-1f12a0e9.svs
1080,SLD-1624d318.svs SLD-4b7350d1.svs SLD-c149fa8e.svs
1081,SLD-2fcf3b87.svs SLD-15ac15c3.svs SLD-defa7864.svs SLD-0e96ed9b.svs SLD-5d158e44.svs SLD-a217cf25.svs SLD-be3feafd.svs
1082,SLD-605dd4d6.svs
1083,SLD-1db1dfdc.svs
1084,SLD-b7d779cc.svs
1085,SLD-a5e3a719.svs SLD-6f6ddf79.svs SLD-54a8762b.svs SLD-e5aef699.svs SLD-7281b8a9.svs SLD-affe2554.svs
1086,SLD-953c178e.svs SLD-27e969e2.svs SLD-c8bf23fb.svs SLD-61067a8c.svs SLD-b7d779cc.svs SLD-d7a3283c.svs
1087,SLD-aa099a46.svs SLD-f25a3c68.svs SLD-b8bc6621.svs SLD-f2d7fe55.svs SLD-e8ef99e9.svs SLD-0262a5aa.svs
1088,SLD-533c9a31.svs SLD-8930d179.svs
1089,SLD-084fa819.svs SLD-992a34a1.svs
1090,SLD-80245320.svs
1091,SLD-53fb2ed1.svs SLD-84eaf943.svs
1092,SLD-e10b4aad.svs SLD-cf2a2198.svs
1093,SLD-64e322cf.svs
1094,SLD-06c4e109.svs
1095,SLD-b4577bf7.svs SLD-9870c707.svs SLD-fb24cba4.svs
1096,SLD-0212585b.svs SLD-88da091b.svs SLD-0b2f8580.svs SLD-213124bd.svs
1097,SLD-bda31488.svs SLD-96062930.svs SLD-28600311.svs SLD-35bbcdb0.svs
1098,SLD-5aa3892a.svs SLD-8f42cebe.svs SLD-4c88b9d8.svs
1099,SLD-1c2c7a34.svs
1100,SLD-be3feafd.svs SLD-defa7864.svs
1101,SLD-d216ad53.svs SLD-d7133061.svs
1102,SLD-0542bd75.svs
1103,SLD-10345193.svs SLD-f489362c.svs SLD-50c6fa8c.svs
1104,SLD-a2834536.svs SLD-5df2e073.svs SLD-8d99743c.svs SLD-06792b47.svs SLD-53f04099.svs SLD-95decd6e.svs
1105,SLD-07dc02b1.svs SLD-1965e435.svs
1106,SLD-3b239fd8.svs SLD-5fdd5329.svs SLD-0d20f686.svs SLD-ced4dd7c.svs
1107,SLD-1c5e1698.svs SLD-0b09ec41.svs SLD-789a2829.svs SLD-b7a02afd.svs
1108,SLD-11035083.svs SLD-fa999f9b.svs SLD-86de3365.svs SLD-ddfae808.svs
1109,SLD-d1c3d1bc.svs SLD-c7867a38.svs
1110,SLD-4c88b9d8.svs
1111,SLD-63eaa07f.svs SLD-ebe7ef91.svs SLD-00cbd313.svs
1112,SLD-2d8b5b41.svs SLD-586f1721.svs SLD-028d042b.svs
1113,SLD-9c2e5562.svs SLD-e64ddd91.svs SLD-8a83efc8.svs
1114,SLD-a867a0f0.svs
1115,SLD-a31ca36b.svs SLD-059ebb2e.svs SLD-e8751766.svs SLD-8d5f52c0.svs SLD-29530a13.svs SLD-7ed61f4e.svs
1116,SLD-d7133061.svs SLD-d216ad53.svs
1117,SLD-afd86432.svs
1118,SLD-beb9c9e2.svs SLD-dd9539fc.svs
1119,SLD-2ab465e9.svs SLD-fe656bef.svs SLD-8463416a.svs SLD-a4a98266.svs
1120,SLD-5882e3bb.svs SLD-35a7c6ed.svs
1121,SLD-a25130a8.svs SLD-b4577bf7.svs
1122,SLD-a1832fdb.svs SLD-31cb5e8e.svs SLD-28948b4c.svs
1123,SLD-b4d4dfcc.svs SLD-b7d779cc.svs
1124,SLD-a8e6a772.svs SLD-ab1e6794.svs SLD-42965873.svs SLD-b9cde60c.svs
1125,SLD-1d4d1180.svs
1126,SLD-64d02759.svs SLD-dc68d4fd.svs SLD-b3c161c3.svs SLD-21da132c.svs SLD-0542bd75.svs
1127,SLD-6a594b07.svs SLD-3a19607d.svs SLD-eda67806.svs
1128,SLD-755a3ac1.svs SLD-60c6b3ed.svs SLD-d3b564b0.svs SLD-32ae2a20.svs SLD-25777cf0.svs
1129,SLD-ba626aee.svs SLD-a629d332.svs SLD-c90853fd.svs SLD-2d4ba5a4.svs SLD-542d19c0.svs
1130,SLD-d020baee.svs SLD-153251c9.svs
1131,SLD-da98da57.svs SLD-dfb87708.svs
1132,SLD-58e760bf.svs SLD-57d1d37c.svs SLD-c7afae8f.svs SLD-18f7e499.svs
1133,SLD-1349747a.svs SLD-e6e4b8df.svs SLD-7499b28c.svs
1134,SLD-26c00984.svs SLD-9e0df45b.svs SLD-992a34a1.svs SLD-21f8c156.svs
1135,SLD-88a0edce.svs SLD-cdfa4cc8.svs SLD-fb0a6a90.svs SLD-68c6dd5e.svs SLD-8805ae31.svs SLD-bc52b34e.svs
1136,SLD-98decbf6.svs SLD-b13bad4e.svs SLD-42734d1c.svs SLD-d9732b86.svs
1137,SLD-33b5b3ce.svs SLD-9c19ed34.svs SLD-a2939b3b.svs
1138,SLD-f4db1c1e.svs
1139,SLD-877a2133.svs
1140,SLD-4741ee56.svs SLD-919c21ed.svs SLD-5ac5f4f0.svs SLD-b5e2834d.svs SLD-d47133e7.svs
1141,SLD-08236adf.svs
1142,SLD-7e083c1b.svs SLD-4f8e3e01.svs SLD-6480fdc0.svs SLD-451437d6.svs SLD-03c8e104.svs SLD-cda6a326.svs
1143,SLD-c30759a4.svs SLD-eb1d1061.svs
1144,SLD-6e648043.svs SLD-31234efe.svs SLD-1d7173e5.svs SLD-d26d5396.svs SLD-dd138266.svs
1145,SLD-8b32992a.svs SLD-f5feba5e.svs SLD-17b18e6e.svs SLD-7f67ee1a.svs SLD-c3121af6.svs
1146,SLD-f1c51dda.svs SLD-291a58af.svs SLD-b22b8974.svs SLD-8c5c192f.svs
1147,SLD-d97d2b38.svs SLD-2ab465e9.svs SLD-e0efc989.svs SLD-fe656bef.svs SLD-a4a98266.svs
1148,SLD-13f2a37c.svs SLD-12bdf75f.svs
1149,SLD-b318ad4c.svs
1150,SLD-bf1df687.svs SLD-488cac4e.svs SLD-e8a56f31.svs SLD-40aaec7a.svs SLD-c15648ff.svs SLD-df0d6301.svs
1151,SLD-d9082a42.svs SLD-66dfeb1e.svs SLD-232f8c5b.svs SLD-b4134208.svs SLD-b4480761.svs
1152,SLD-688181a8.svs SLD-0dd35d11.svs SLD-5b9e42d0.svs SLD-eb1c3ba4.svs
1153,SLD-a32652e8.svs SLD-4b7350d1.svs
1154,SLD-b56b9357.svs SLD-53f3c158.svs SLD-ef7dee1a.svs SLD-c846bf90.svs SLD-b34dc8b0.svs SLD-40fe6898.svs SLD-8476af98.svs
1155,SLD-1aff71ae.svs SLD-c069c542.svs SLD-75fd3537.svs SLD-92a651d7.svs SLD-30f2c485.svs SLD-24039721.svs SLD-6f1bdd07.svs
1156,SLD-c8bf23fb.svs SLD-27e969e2.svs
1157,SLD-53ff6644.svs
1158,SLD-bda31488.svs SLD-dba620f1.svs
1159,SLD-0932f5b6.svs SLD-f11ddff7.svs
1160,SLD-28280370.svs SLD-291a58af.svs
1161,SLD-7499b28c.svs
1162,SLD-cb775e24.svs SLD-74aba9fc.svs SLD-533c9a31.svs SLD-8930d179.svs
1163,SLD-4af0a6fe.svs
1164,SLD-74151acc.svs SLD-6bf4d047.svs
1165,SLD-63b74101.svs SLD-0b4cba0a.svs
1166,SLD-d9073286.svs SLD-e583847f.svs SLD-0061fd30.svs SLD-bdb62ff3.svs
1167,SLD-e7a2d2d0.svs SLD-697b8538.svs SLD-b8d13539.svs
1168,SLD-dca5b353.svs SLD-a7f5195c.svs
1169,SLD-0a8bc856.svs SLD-61994015.svs SLD-44f20133.svs SLD-f45c8840.svs SLD-9da28338.svs SLD-074f3be0.svs SLD-c3edd9b7.svs
1170,SLD-688181a8.svs
1171,SLD-31234efe.svs SLD-d26d5396.svs SLD-5bc7fdeb.svs SLD-1058fe8c.svs
1172,SLD-3df8eeef.svs
1173,SLD-c110412c.svs
1174,SLD-b5e2834d.svs SLD-919c21ed.svs
1175,SLD-0b6d9611.svs
1176,SLD-1f94e3c8.svs SLD-f30459cc.svs SLD-30c42d61.svs SLD-633d9c54.svs
1177,SLD-72323dc9.svs SLD-6df2fc82.svs SLD-40d2d16f.svs
1178,SLD-2ee66e21.svs
1179,SLD-ac2c10d0.svs SLD-e8a56f31.svs SLD-40aaec7a.svs SLD-c15648ff.svs
1180,SLD-00f24603.svs
1181,SLD-d6ada066.svs SLD-024bfe48.svs SLD-398071b1.svs SLD-7f6bf51b.svs SLD-fbf70946.svs SLD-4fbe2aae.svs SLD-7ee1a2a3.svs
1182,
1183,SLD-cb4d18d6.svs SLD-92e94e89.svs SLD-849b8a44.svs
1184,SLD-42965873.svs SLD-a8e6a772.svs SLD-abecfc0b.svs SLD-a867a0f0.svs SLD-39d5b552.svs SLD-b9cde60c.svs
1185,SLD-315e8080.svs
1186,SLD-3be95767.svs SLD-be3feafd.svs
1187,SLD-8f42cebe.svs SLD-ab12fb53.svs SLD-a1d20ebc.svs
1188,SLD-79009c61.svs SLD-23b870f3.svs
1189,SLD-48a133ab.svs SLD-9717aa6e.svs
1190,SLD-cbf1f93c.svs SLD-a1d33772.svs SLD-284b7bcd.svs SLD-1c2c7a34.svs SLD-a3af11d0.svs
1191,SLD-a92c3c3e.svs SLD-af3cb9d0.svs
1192,SLD-be792965.svs SLD-ce8c037e.svs
1193,SLD-90823eda.svs
1194,SLD-05727bb5.svs
1195,SLD-f367dbe2.svs SLD-e9184b9f.svs SLD-39b66d71.svs SLD-951a0518.svs
1196,SLD-2412579d.svs SLD-dd02e100.svs SLD-6af944e0.svs
1197,SLD-f45da406.svs SLD-bbf9bb01.svs
1198,SLD-13f2a37c.svs SLD-12bdf75f.svs
1199,SLD-53e83663.svs
1200,SLD-2d58bce9.svs SLD-eda67806.svs SLD-6a594b07.svs SLD-7984f33f.svs SLD-3bfb255e.svs
1201,SLD-bf5545ce.svs SLD-ea96abe6.svs
1202,SLD-9045a445.svs SLD-f489362c.svs
1203,SLD-3c9590d3.svs SLD-c13e66af.svs SLD-4a82e06a.svs SLD-390a9016.svs SLD-82221345.svs SLD-3e2aad3e.svs SLD-2f16fb50.svs
1204,SLD-aaa28439.svs SLD-7c8d5368.svs SLD-ec3826bc.svs SLD-b259a6a0.svs
1205,SLD-755a3ac1.svs SLD-25777cf0.svs SLD-60c6b3ed.svs SLD-32ae2a20.svs
1206,SLD-f3fa8613.svs SLD-68f49b51.svs SLD-1188afa1.svs SLD-7a658abe.svs SLD-f660ffd5.svs
1207,
1208,SLD-fd0ba70e.svs SLD-ade6c5e9.svs SLD-6c4c3935.svs
1209,SLD-f3ca5f64.svs SLD-52b04994.svs
1210,SLD-e9e7e1ba.svs
1211,SLD-488cac4e.svs SLD-c15648ff.svs SLD-5a9414b8.svs SLD-df0d6301.svs
1212,SLD-5bf80676.svs SLD-b1182d23.svs SLD-078548d7.svs SLD-1f12a0e9.svs
1213,SLD-681091fe.svs SLD-53a9ec5d.svs SLD-2db6de21.svs SLD-437249fd.svs
1214,SLD-aa099a46.svs SLD-b8bc6621.svs
1215,SLD-706146ff.svs SLD-28702bb1.svs
1216,SLD-cef980ce.svs SLD-dd9539fc.svs SLD-c471e21a.svs SLD-f7cd0b75.svs SLD-3d3703f8.svs SLD-9d263e76.svs
1217,SLD-bc6ff6ac.svs SLD-6a27241f.svs SLD-e139d15d.svs
1218,SLD-18a77594.svs
1219,SLD-fec24805.svs
1220,SLD-5b471c43.svs SLD-e6e4b8df.svs SLD-7499b28c.svs SLD-1349747a.svs
1221,SLD-b17078ee.svs SLD-c2eaf172.svs SLD-e5a15243.svs
1222,SLD-2bdb5720.svs SLD-00cbd313.svs
1223,SLD-aaa28439.svs
1224,SLD-6a27241f.svs SLD-37d316a4.svs SLD-3fafa217.svs SLD-e139d15d.svs SLD-bc6ff6ac.svs
1225,SLD-5bc7fdeb.svs SLD-d26d5396.svs SLD-1d7173e5.svs SLD-6e648043.svs
1226,SLD-e0efc989.svs SLD-d3d6362b.svs SLD-8463416a.svs SLD-06999e1e.svs SLD-2ab465e9.svs
1227,SLD-bc5074ac.svs SLD-41300879.svs SLD-84539813.svs SLD-baa172ac.svs SLD-6279d944.svs SLD-4d236555.svs
1228,SLD-e51c0cdb.svs SLD-824734df.svs
1229,SLD-a795ac54.svs SLD-4a30f7cd.svs SLD-23f1b67e.svs SLD-00fdec23.svs
1230,SLD-b52f6009.svs SLD-5e2d2454.svs
1231,SLD-33b5b3ce.svs SLD-ab899605.svs SLD-dfec4623.svs
1232,
1233,SLD-614f1ddc.svs SLD-531da6ac.svs SLD-956c2129.svs SLD-b934718f.svs
1234,SLD-defa7864.svs SLD-0e96ed9b.svs
1235,SLD-113c1836.svs SLD-fde9d47d.svs SLD-1d010478.svs SLD-38431ed6.svs SLD-77f4531b.svs SLD-258694b6.svs
1236,SLD-1dbc24fd.svs SLD-a3ef802e.svs
1237,SLD-3e2b6653.svs SLD-7176d181.svs SLD-ac98a368.svs
1238,SLD-9c14940d.svs SLD-c1fa924e.svs
1239,SLD-ef7dee1a.svs
1240,SLD-13801f25.svs SLD-fa4b0bc6.svs SLD-f9d0a163.svs SLD-5121f31f.svs
1241,SLD-b7d779cc.svs
1242,SLD-7f411fed.svs
1243,SLD-8e36b82f.svs SLD-a71b80ef.svs SLD-f40d2a37.svs SLD-e10b4aad.svs SLD-cf2a2198.svs
1244,SLD-43eb280e.svs SLD-5d443821.svs
1245,SLD-06792b47.svs SLD-5df2e073.svs SLD-813dd49a.svs
1246,SLD-7b38785b.svs SLD-0932f5b6.svs SLD-f11ddff7.svs SLD-2412579d.svs
1247,SLD-a96e2bf4.svs
1248,SLD-ec41e6f6.svs SLD-f20b575d.svs SLD-6d0c62c3.svs SLD-6c0be55c.svs SLD-254bf7ae.svs SLD-e44fc3a9.svs SLD-1d0ab994.svs
1249,SLD-77f4531b.svs SLD-d89331ac.svs
1250,SLD-08236adf.svs
1251,SLD-00d3d1af.svs SLD-24aeba79.svs SLD-a8b56f85.svs SLD-353e0c86.svs SLD-e4b82987.svs SLD-98ba0f0e.svs SLD-346d2b7e.svs
1252,SLD-f2d7fe55.svs SLD-0262a5aa.svs SLD-b8bc6621.svs
1253,SLD-a1d20ebc.svs SLD-5aa3892a.svs
1254,SLD-4b1678e4.svs SLD-5f20f406.svs SLD-70f8dd99.svs SLD-52177eb7.svs
1255,SLD-fff83cec.svs
1256,SLD-d9073286.svs SLD-7751b3fa.svs SLD-852d2ee5.svs SLD-bdb62ff3.svs SLD-0061fd30.svs SLD-14e16706.svs
1257,SLD-6d7fe9b2.svs SLD-5a31a6a6.svs SLD-91fd7d4a.svs
1258,SLD-21681081.svs
1259,SLD-990e8f01.svs SLD-9ed9c124.svs SLD-dd5aacc7.svs SLD-ed7a6edf.svs
1260,SLD-82221345.svs SLD-50de4292.svs
1261,SLD-a71b80ef.svs SLD-e10b4aad.svs SLD-7ea496f5.svs SLD-cf2a2198.svs SLD-f40d2a37.svs SLD-8e36b82f.svs
1262,SLD-8a83efc8.svs
1263,SLD-56e9b78d.svs SLD-9bbac838.svs SLD-6581f934.svs SLD-3891aef5.svs SLD-8ec9ea98.svs SLD-7425f4e9.svs
1264,SLD-9b050db2.svs SLD-27649a62.svs SLD-46e785ad.svs SLD-1cb66f67.svs SLD-1bce35d8.svs SLD-b02de52c.svs SLD-cbe88a3f.svs
1265,SLD-5a220eb2.svs SLD-f75a7e6f.svs SLD-2b863694.svs SLD-a2bb6283.svs
1266,SLD-35c3de95.svs SLD-0bee2ebd.svs SLD-e46232e7.svs SLD-b52f6009.svs
1267,SLD-ccf719ab.svs SLD-dca5b353.svs
1268,SLD-e291f5e1.svs
1269,SLD-393031a6.svs SLD-c82a6c15.svs
1270,SLD-6637c09f.svs
1271,
1272,SLD-269b6c3b.svs SLD-754724dd.svs SLD-16f14aad.svs SLD-5bbdd1f4.svs
1273,SLD-f3f05323.svs SLD-0212585b.svs SLD-3bd5f8a2.svs SLD-213124bd.svs SLD-01275a63.svs SLD-61f6c877.svs
1274,SLD-106861d3.svs
1275,SLD-4b1dd9fd.svs SLD-5cfa38b1.svs SLD-27fa8b8a.svs
1276,SLD-b8d13539.svs SLD-e7a2d2d0.svs SLD-75fc1b10.svs
1277,SLD-3421beaf.svs
1278,SLD-cd34bcd7.svs SLD-b7ed75b4.svs SLD-63d0fccd.svs SLD-2c05b870.svs SLD-fff83cec.svs
1279,SLD-48622a67.svs SLD-92f078b8.svs SLD-22696227.svs SLD-6a325333.svs SLD-4a294067.svs
1280,SLD-43a061c4.svs SLD-1e709e19.svs
1281,SLD-43a061c4.svs SLD-6e05724d.svs SLD-3f7512c5.svs SLD-b49b93d5.svs SLD-45a16970.svs SLD-08236adf.svs
1282,SLD-b259a6a0.svs SLD-40fe81ec.svs SLD-c6962905.svs SLD-cfe4fb66.svs SLD-7c8d5368.svs SLD-aaa28439.svs SLD-ec3826bc.svs
1283,SLD-e51c0cdb.svs SLD-3c9a9236.svs
1284,SLD-d97d2b38.svs SLD-06999e1e.svs SLD-e0efc989.svs SLD-a4a98266.svs SLD-8463416a.svs SLD-d3d6362b.svs
1285,SLD-a0d9da58.svs
1286,SLD-fec24805.svs SLD-196d362d.svs SLD-6aeb5a32.svs SLD-f48ef9a8.svs SLD-581332c2.svs SLD-9d0b6f5e.svs
1287,SLD-5e87905a.svs
1288,SLD-8ec9ea98.svs SLD-56e9b78d.svs SLD-7425f4e9.svs
1289,SLD-e64ddd91.svs SLD-4916e844.svs SLD-1b770deb.svs SLD-8e9b185e.svs
1290,SLD-3db612f4.svs
1291,SLD-a25130a8.svs SLD-01424249.svs SLD-9870c707.svs SLD-b4577bf7.svs
1292,SLD-27649a62.svs SLD-46e785ad.svs
1293,SLD-b4d4dfcc.svs SLD-c8bf23fb.svs SLD-d7a3283c.svs SLD-27e969e2.svs SLD-61067a8c.svs
1294,SLD-583678ee.svs SLD-52b04994.svs SLD-27fa8b8a.svs SLD-5cfa38b1.svs SLD-f3ca5f64.svs SLD-4a8b77da.svs
1295,SLD-dd02e100.svs SLD-7de8a234.svs SLD-2412579d.svs SLD-0932f5b6.svs SLD-6af944e0.svs SLD-e3d48408.svs SLD-7b38785b.svs
1296,SLD-e44fc3a9.svs
1297,SLD-6c4c3935.svs
1298,SLD-dcff697d.svs SLD-3bcab3ea.svs SLD-816480fa.svs SLD-141bd896.svs SLD-d26d028d.svs SLD-d1f15ee7.svs
1299,SLD-ef7f6bc8.svs
1300,SLD-246cb09c.svs SLD-6ab01563.svs SLD-6c148fc6.svs
1301,SLD-1db2b452.svs SLD-b318ad4c.svs SLD-bc18a40b.svs SLD-7f6b8793.svs SLD-09aedbd0.svs
1302,SLD-4b1678e4.svs SLD-f642c8f3.svs
1303,SLD-2cbb93c2.svs
1304,SLD-3ad23fbf.svs SLD-8a7f03ae.svs
1305,SLD-8091a21d.svs
1306,SLD-30a31251.svs
1307,SLD-baa172ac.svs SLD-dc2897c6.svs
1308,SLD-315e8080.svs SLD-ebe0572c.svs SLD-7425f4e9.svs SLD-6581f934.svs
1309,SLD-09c64c1d.svs SLD-1ca5a2f5.svs SLD-92b035e0.svs
1310,SLD-28600311.svs SLD-3e1fa8ac.svs
1311,SLD-3956fba9.svs
1312,SLD-70f8dd99.svs SLD-5f20f406.svs SLD-f642c8f3.svs SLD-e6b920da.svs
1313,SLD-88d3281a.svs SLD-1b4e1428.svs SLD-e0acf9ff.svs
1314,SLD-2d58bce9.svs SLD-7984f33f.svs SLD-6a594b07.svs
1315,SLD-d1cae193.svs SLD-a31ca36b.svs SLD-059ebb2e.svs SLD-03927935.svs
1316,SLD-3ad23fbf.svs SLD-28d798b4.svs
1317,SLD-3c9a9236.svs
1318,SLD-9b050db2.svs SLD-cbe88a3f.svs SLD-8ee4fd02.svs SLD-1cb66f67.svs SLD-b02de52c.svs SLD-46e785ad.svs SLD-1bce35d8.svs
1319,SLD-7f107645.svs SLD-abf0f4bd.svs SLD-16f14aad.svs SLD-4af0a6fe.svs SLD-269b6c3b.svs SLD-3c740119.svs SLD-754724dd.svs
1320,SLD-1d0ab994.svs
1321,SLD-6581f934.svs
1322,SLD-8420b8d9.svs SLD-a1c2d9bf.svs SLD-f4db1c1e.svs
1323,SLD-48a133ab.svs SLD-9717aa6e.svs SLD-fefc5b4a.svs SLD-dd55daaf.svs SLD-693d993c.svs
1324,SLD-9e0df45b.svs SLD-052daad3.svs SLD-992a34a1.svs SLD-c734bb05.svs SLD-21f8c156.svs
1325,SLD-92b035e0.svs SLD-c6f149c7.svs
1326,SLD-98ba0f0e.svs SLD-24aeba79.svs
1327,SLD-62d59938.svs SLD-d59b148f.svs
1328,SLD-5ac5f4f0.svs SLD-919c21ed.svs
1329,SLD-b7a02afd.svs SLD-1c5e1698.svs SLD-789a2829.svs SLD-0b09ec41.svs
1330,SLD-bd2cdb8d.svs SLD-39ebfa32.svs SLD-4e051eea.svs SLD-13d72846.svs SLD-92dbd613.svs
1331,SLD-e0acf9ff.svs
1332,SLD-291a58af.svs SLD-8c5c192f.svs
1333,SLD-f660ffd5.svs SLD-7a658abe.svs SLD-90ed41f4.svs SLD-68f49b51.svs SLD-119fc1c4.svs
1334,SLD-1f626a97.svs SLD-f436498e.svs SLD-68afe2b8.svs SLD-80245320.svs SLD-63eaa07f.svs
1335,SLD-d3d6362b.svs SLD-e0efc989.svs SLD-a4a98266.svs SLD-06999e1e.svs SLD-2ab465e9.svs SLD-fe656bef.svs
1336,SLD-00cbd313.svs SLD-ebe7ef91.svs
1337,SLD-24039721.svs SLD-92a651d7.svs SLD-1aff71ae.svs SLD-30f2c485.svs
1338,SLD-dfecb2ae.svs SLD-57d1d37c.svs SLD-c7afae8f.svs SLD-af8c96a9.svs
1339,SLD-dbf2eed1.svs SLD-eecb325b.svs SLD-b080e003.svs SLD-5e7f503c.svs SLD-2452bc39.svs SLD-064f768d.svs
1340,SLD-080638c9.svs SLD-6fdc5e00.svs SLD-3db4cb81.svs SLD-496749fb.svs
1341,SLD-813dd49a.svs SLD-a2834536.svs SLD-8d99743c.svs SLD-06792b47.svs SLD-5df2e073.svs SLD-95decd6e.svs SLD-cfdef303.svs
1342,SLD-b13bad4e.svs SLD-42734d1c.svs SLD-e368f7d2.svs SLD-98decbf6.svs SLD-d9732b86.svs
1343,SLD-650dd400.svs SLD-ec6e61bd.svs SLD-70c455a9.svs SLD-ed9081c1.svs SLD-a27ee80d.svs
1344,SLD-be3feafd.svs
1345,SLD-533c9a31.svs SLD-74aba9fc.svs SLD-cb775e24.svs SLD-52ab793f.svs SLD-e4bacd78.svs SLD-4168705a.svs
1346,SLD-2c05b870.svs SLD-afdb4e0b.svs
1347,SLD-14827a89.svs SLD-5882e3bb.svs SLD-35a7c6ed.svs SLD-d658b1b3.svs SLD-5e6364c6.svs
1348,SLD-b7ed75b4.svs SLD-04fe973d.svs SLD-fff83cec.svs SLD-63d0fccd.svs SLD-2c05b870.svs SLD-cd34bcd7.svs
1349,SLD-697b8538.svs SLD-d8efb5c9.svs SLD-33251c76.svs SLD-b8d13539.svs SLD-0ff73f25.svs SLD-e7a2d2d0.svs SLD-75fc1b10.svs
1350,SLD-61067a8c.svs SLD-c8bf23fb.svs
1351,SLD-29bccee9.svs SLD-a71b80ef.svs SLD-8e36b82f.svs SLD-7ea496f5.svs SLD-cf2a2198.svs SLD-a92d6b05.svs
1352,SLD-5d443821.svs SLD-79017990.svs SLD-2e573864.svs SLD-64e322cf.svs SLD-3ad23fbf.svs
1353,SLD-ce8c037e.svs SLD-dd1f8e30.svs
1354,SLD-3fafa217.svs SLD-bc6ff6ac.svs SLD-6a27241f.svs SLD-e139d15d.svs SLD-37d316a4.svs SLD-2c2df3c2.svs SLD-bb9e5a02.svs
1355,SLD-37fef6b5.svs SLD-4c6e6fbb.svs SLD-4d18c103.svs SLD-1d4d1180.svs SLD-01fda698.svs
1356,SLD-1db2b452.svs SLD-7f6b8793.svs SLD-6d316b4a.svs SLD-4d4985dc.svs SLD-bc18a40b.svs SLD-09aedbd0.svs SLD-b318ad4c.svs
1357,SLD-55c7ed9d.svs SLD-4d4985dc.svs
1358,SLD-583678ee.svs SLD-5cfa38b1.svs
1359,SLD-c846bf90.svs SLD-40fe6898.svs SLD-b34dc8b0.svs SLD-b56b9357.svs SLD-ef7dee1a.svs SLD-53f3c158.svs
1360,SLD-d48457df.svs SLD-11fba56e.svs
1361,SLD-61c61ae4.svs SLD-3a19607d.svs
1362,SLD-c90853fd.svs SLD-a629d332.svs SLD-542d19c0.svs
1363,SLD-bf5545ce.svs SLD-299cf16b.svs
1364,SLD-1a895c62.svs SLD-6d5b7d50.svs
1365,SLD-29530a13.svs SLD-e8751766.svs SLD-a31ca36b.svs
1366,SLD-d89331ac.svs
1367,SLD-9d263e76.svs
1368,SLD-39d5b552.svs SLD-42965873.svs SLD-ab1e6794.svs
1369,SLD-b8bc6621.svs SLD-aa099a46.svs SLD-0262a5aa.svs SLD-edec31ef.svs SLD-7afc50cd.svs
1370,SLD-dd55daaf.svs SLD-48a133ab.svs
1371,SLD-31cb5e8e.svs SLD-fb46ed39.svs SLD-f0fcccc6.svs SLD-8772c347.svs
1372,SLD-53a9ec5d.svs SLD-1cf4a8ed.svs SLD-681091fe.svs
1373,SLD-55c7ed9d.svs SLD-4d4985dc.svs
1374,SLD-0d20f686.svs SLD-2b66b1c0.svs
1375,SLD-d3b564b0.svs SLD-32ae2a20.svs SLD-5c949381.svs SLD-60c6b3ed.svs SLD-1ac902ee.svs SLD-25777cf0.svs SLD-755a3ac1.svs
1376,SLD-30d6863f.svs SLD-b7a02afd.svs SLD-1c5e1698.svs SLD-abe0a177.svs
1377,SLD-fd0ba70e.svs SLD-6c4c3935.svs SLD-5e4af862.svs SLD-156af458.svs
1378,SLD-1965e435.svs
1379,SLD-a07f7f47.svs SLD-fe38784b.svs SLD-50c6fa8c.svs SLD-7c2b940d.svs
1380,SLD-55f7792a.svs
1381,SLD-26c00984.svs SLD-052daad3.svs SLD-084fa819.svs SLD-788c31f6.svs
1382,SLD-d47133e7.svs SLD-53ff6644.svs
1383,SLD-2b863694.svs SLD-3cf9d1fe.svs SLD-a2bb6283.svs SLD-541d1a81.svs
1384,SLD-dd138266.svs SLD-d26d5396.svs
1385,SLD-a629d332.svs
1386,SLD-722c353d.svs
1387,SLD-c5dd967b.svs SLD-ef208346.svs SLD-fa3222c4.svs SLD-432fb308.svs SLD-08f1100b.svs
1388,SLD-1aff71ae.svs SLD-6f1bdd07.svs SLD-75fd3537.svs SLD-24039721.svs
1389,SLD-1f12a0e9.svs
1390,SLD-c15648ff.svs SLD-bf1df687.svs SLD-40aaec7a.svs SLD-e8a56f31.svs SLD-488cac4e.svs SLD-df0d6301.svs SLD-ac2c10d0.svs
1391,SLD-2c05b870.svs
1392,SLD-5e2d2454.svs
1393,SLD-0021b632.svs SLD-9a9dadd2.svs SLD-5153f737.svs SLD-bb296639.svs
1394,SLD-affe2554.svs SLD-7281b8a9.svs SLD-e5aef699.svs SLD-6bf52dfd.svs SLD-25e4979d.svs SLD-a5e3a719.svs SLD-54a8762b.svs
1395,SLD-00f520f4.svs
1396,SLD-284b7bcd.svs SLD-81011c5b.svs
1397,SLD-1c2c7a34.svs SLD-81011c5b.svs SLD-a1d33772.svs SLD-94665d45.svs SLD-f110397a.svs SLD-a3af11d0.svs SLD-cbf1f93c.svs
1398,SLD-3438b4e4.svs SLD-4b1678e4.svs
1399,SLD-92b035e0.svs SLD-c6f149c7.svs SLD-1ca5a2f5.svs SLD-09c64c1d.svs SLD-00f24603.svs
1400,SLD-3d3703f8.svs SLD-f7cd0b75.svs SLD-cef980ce.svs SLD-dd9539fc.svs
1401,SLD-259a2b28.svs SLD-2cb38568.svs SLD-c781e11f.svs SLD-28280370.svs SLD-291a58af.svs SLD-f1c51dda.svs
1402,SLD-3b9cea95.svs SLD-2452bc39.svs
1403,SLD-eb1d1061.svs SLD-693d993c.svs SLD-48a133ab.svs
1404,SLD-d9073286.svs
1405,
1406,SLD-baa172ac.svs SLD-dc2897c6.svs
1407,SLD-abf0f4bd.svs SLD-4af0a6fe.svs
1408,SLD-8a7f03ae.svs
1409,SLD-25777cf0.svs SLD-755a3ac1.svs SLD-8be04c3e.svs
1410,SLD-0a1727f7.svs SLD-843b2a7d.svs SLD-ea5f24b6.svs SLD-de6fec4b.svs SLD-0a66dc4e.svs
1411,SLD-3a8d1c00.svs SLD-40fe81ec.svs
1412,SLD-d560e64c.svs SLD-6d7fe9b2.svs
1413,SLD-8d99743c.svs
1414,SLD-ab899605.svs SLD-33b5b3ce.svs SLD-ff88ec82.svs SLD-a2939b3b.svs SLD-7fa74d8a.svs SLD-8af58903.svs SLD-9c19ed34.svs
1415,SLD-0e5bc44c.svs SLD-23d83f22.svs SLD-d9732b86.svs
1416,SLD-0262a5aa.svs
1417,SLD-669ff1b9.svs SLD-5bf57279.svs SLD-4704768e.svs SLD-a1d53402.svs SLD-f902d6c0.svs
1418,SLD-6e05724d.svs SLD-08236adf.svs SLD-a11b26b0.svs
1419,SLD-ced4dd7c.svs SLD-5fdd5329.svs SLD-3b239fd8.svs SLD-2b66b1c0.svs
1420,SLD-9717aa6e.svs SLD-28b4d5b9.svs SLD-693d993c.svs
1421,SLD-6d5b7d50.svs SLD-9ed9c124.svs SLD-dd5aacc7.svs
1422,SLD-b9534807.svs SLD-84eaf943.svs SLD-b66b6b0b.svs
1423,SLD-196d362d.svs SLD-581332c2.svs SLD-6aeb5a32.svs SLD-fec24805.svs SLD-9d0b6f5e.svs SLD-feeac13d.svs
1424,SLD-70bc3ec1.svs SLD-cf085288.svs SLD-23aa9e67.svs SLD-d197b561.svs SLD-79b68b95.svs SLD-f0041e32.svs
1425,SLD-f8db1a4d.svs SLD-a9fa4ea6.svs SLD-376e22a6.svs
1426,SLD-4d29d77a.svs SLD-f0041e32.svs SLD-cf085288.svs SLD-79b68b95.svs
1427,SLD-1965e435.svs SLD-101bb5fa.svs SLD-c618fc1e.svs SLD-f45da406.svs SLD-27f9e728.svs
1428,SLD-a31ca36b.svs SLD-03927935.svs SLD-7ed61f4e.svs SLD-29530a13.svs
1429,SLD-87ba3b90.svs
1430,SLD-8513d91e.svs SLD-4a294067.svs SLD-92f078b8.svs SLD-dc66a27b.svs
1431,SLD-437249fd.svs
1432,SLD-c602bd20.svs SLD-e1bccfb2.svs SLD-53e83663.svs SLD-c1fa924e.svs
1433,SLD-3cf9d1fe.svs SLD-541d1a81.svs SLD-2b863694.svs
1434,SLD-e9184b9f.svs
1435,SLD-c2112eda.svs
1436,SLD-00f24603.svs SLD-ecf150e6.svs SLD-0c15a575.svs
1437,
1438,SLD-b931a26d.svs SLD-ef617cac.svs SLD-726e8017.svs SLD-c674d244.svs SLD-061f5679.svs SLD-e355c369.svs SLD-69083bd6.svs
1439,SLD-bc6284a8.svs SLD-49bcf4a8.svs
1440,SLD-6c148fc6.svs SLD-ed28508d.svs SLD-4c4b91fe.svs SLD-8cffbbb1.svs
1441,SLD-a604e5af.svs SLD-b261d0d2.svs SLD-a1c2d9bf.svs SLD-0dcf035b.svs SLD-8420b8d9.svs SLD-aa66b464.svs SLD-f46860a2.svs
1442,SLD-f1c58f44.svs SLD-4f8e3e01.svs SLD-7e083c1b.svs SLD-451437d6.svs
1443,SLD-399f8a8f.svs SLD-0a1727f7.svs SLD-21681081.svs SLD-843b2a7d.svs
1444,SLD-d97d2b38.svs
1445,SLD-58116722.svs SLD-4a9686a4.svs
1446,SLD-4b5ca436.svs SLD-27e969e2.svs SLD-61067a8c.svs SLD-953c178e.svs SLD-b7d779cc.svs
1447,SLD-6ab01563.svs
1448,SLD-7e3801af.svs SLD-e65d1c73.svs SLD-49bcf4a8.svs SLD-bc6284a8.svs SLD-5b62a7c9.svs SLD-9f93e802.svs SLD-d1a8d7b0.svs
1449,SLD-598ca3b4.svs SLD-4a30f7cd.svs SLD-104dff66.svs SLD-23f1b67e.svs
1450,SLD-8c833848.svs SLD-47595b01.svs SLD-2c805ac7.svs SLD-f3254f2d.svs SLD-11fba56e.svs SLD-6c835975.svs SLD-efa2ce12.svs
1451,SLD-f9df7275.svs SLD-0a8bc856.svs SLD-9da28338.svs SLD-074f3be0.svs SLD-44f20133.svs
1452,SLD-1188afa1.svs SLD-64aba3f6.svs SLD-7a658abe.svs SLD-119fc1c4.svs
1453,SLD-b2c92c12.svs SLD-28702bb1.svs SLD-9bd91220.svs SLD-becba4c8.svs
1454,SLD-bf1df687.svs SLD-ac2c10d0.svs
1455,SLD-c09fcd8f.svs
1456,SLD-581332c2.svs SLD-8fad725d.svs SLD-feeac13d.svs SLD-9d0b6f5e.svs
1457,SLD-4c6e6fbb.svs SLD-4d18c103.svs SLD-fa92cd28.svs
1458,SLD-d216ad53.svs
1459,SLD-f1c58f44.svs SLD-cda6a326.svs SLD-566ff3ec.svs SLD-451437d6.svs SLD-7e083c1b.svs
1460,SLD-06b42b6f.svs SLD-f30459cc.svs
1461,SLD-2ab465e9.svs SLD-fe656bef.svs SLD-06999e1e.svs
1462,SLD-0ef05b6f.svs SLD-2a0b2040.svs
1463,SLD-a25130a8.svs SLD-e1a9344e.svs
1464,SLD-2f6570d7.svs SLD-9251ad08.svs SLD-3df8eeef.svs
1465,SLD-5153f737.svs SLD-0021b632.svs SLD-bb296639.svs SLD-8e4a295d.svs
1466,SLD-7ed61f4e.svs SLD-e8751766.svs SLD-29530a13.svs SLD-03927935.svs SLD-8d5f52c0.svs
1467,SLD-05727bb5.svs SLD-b52f6009.svs SLD-5e2d2454.svs SLD-8a647b9f.svs SLD-e46232e7.svs SLD-35c3de95.svs
1468,SLD-6d7fe9b2.svs SLD-91fd7d4a.svs SLD-d560e64c.svs
1469,SLD-94665d45.svs SLD-f110397a.svs SLD-1c2c7a34.svs SLD-a3af11d0.svs SLD-cbf1f93c.svs SLD-284b7bcd.svs SLD-81011c5b.svs
1470,SLD-6e84f8ea.svs
1471,SLD-70bc3ec1.svs SLD-f0041e32.svs SLD-d197b561.svs SLD-4d29d77a.svs
1472,SLD-23aa9e67.svs SLD-4d29d77a.svs
1473,SLD-e1c25cd1.svs SLD-e65d1c73.svs SLD-d1a8d7b0.svs SLD-9f93e802.svs
1474,SLD-958cd60e.svs SLD-7c2b940d.svs SLD-50c6fa8c.svs SLD-10345193.svs SLD-f489362c.svs SLD-9045a445.svs
1475,SLD-ae2562ca.svs
1476,SLD-4aaeb212.svs SLD-50ae2652.svs
1477,SLD-a0f9c074.svs
1478,SLD-3b7c1f9a.svs SLD-7f67ee1a.svs SLD-8b32992a.svs
1479,SLD-cf085288.svs
1480,SLD-38a7ac54.svs SLD-2fb01074.svs SLD-4d03cbdd.svs SLD-c9f35bf8.svs SLD-25323fd3.svs SLD-8d3ac4b9.svs
1481,SLD-6581f934.svs
1482,SLD-4b1678e4.svs SLD-f642c8f3.svs SLD-e6b920da.svs SLD-3438b4e4.svs
1483,SLD-603803f3.svs SLD-cb18d6a4.svs SLD-2b2bcfda.svs SLD-15db4487.svs
1484,SLD-e7aad070.svs SLD-d7f14ec2.svs SLD-3246b7d9.svs
1485,SLD-f660ffd5.svs SLD-7a658abe.svs SLD-1188afa1.svs SLD-64aba3f6.svs
1486,SLD-d7a3283c.svs SLD-27e969e2.svs
1487,SLD-66dfeb1e.svs
1488,SLD-90e639e1.svs SLD-e44fc3a9.svs
1489,SLD-f9154865.svs
1490,SLD-25777cf0.svs
1491,SLD-8772c347.svs SLD-a1832fdb.svs SLD-28948b4c.svs SLD-31cb5e8e.svs SLD-f0fcccc6.svs SLD-5abec113.svs
1492,SLD-1baf01f1.svs
1493,SLD-e642965c.svs
1494,SLD-4a9686a4.svs SLD-e7524102.svs
1495,SLD-8e50c79a.svs SLD-1519401c.svs SLD-79faf501.svs SLD-8b1f1137.svs
1496,SLD-8930d179.svs SLD-52ab793f.svs SLD-cb775e24.svs
1497,SLD-9a9dadd2.svs SLD-e7aad070.svs SLD-5153f737.svs SLD-d7f14ec2.svs SLD-bb296639.svs SLD-3246b7d9.svs SLD-0021b632.svs
1498,SLD-c4c536fb.svs SLD-37fef6b5.svs
1499,SLD-82221345.svs SLD-390a9016.svs SLD-50de4292.svs SLD-c13e66af.svs SLD-2f16fb50.svs
1500,SLD-6a480542.svs
1501,SLD-8772c347.svs SLD-ae2562ca.svs
1502,SLD-bd2cdb8d.svs
1503,SLD-8463416a.svs
1504,SLD-17ee2fe6.svs SLD-53a9ec5d.svs SLD-1cf4a8ed.svs SLD-b9b5c70e.svs SLD-437249fd.svs
1505,SLD-6d0c62c3.svs SLD-f20b575d.svs SLD-254bf7ae.svs SLD-1d0ab994.svs SLD-e44fc3a9.svs
1506,SLD-c674d244.svs
1507,SLD-329cd43a.svs SLD-14e16706.svs
1508,SLD-3cc4f772.svs SLD-3f2de8a8.svs
1509,SLD-a3155940.svs SLD-71df24d9.svs
1510,SLD-c6f149c7.svs SLD-9c899296.svs SLD-92b035e0.svs
1511,SLD-b4d4dfcc.svs SLD-27e969e2.svs SLD-b7d779cc.svs SLD-953c178e.svs SLD-4b5ca436.svs SLD-61067a8c.svs
1512,SLD-df61c534.svs SLD-dfecb2ae.svs
1513,SLD-0a8bc856.svs SLD-f9df7275.svs SLD-f45c8840.svs SLD-c3edd9b7.svs SLD-074f3be0.svs SLD-9da28338.svs
1514,SLD-ce5dc807.svs SLD-f97ccc57.svs
1515,SLD-755a3ac1.svs SLD-32ae2a20.svs SLD-5c949381.svs SLD-d3b564b0.svs SLD-1ac902ee.svs
1516,SLD-907d8532.svs SLD-5ac5f4f0.svs SLD-2076d932.svs SLD-4741ee56.svs SLD-b5e2834d.svs SLD-d47133e7.svs
1517,SLD-8a663359.svs
1518,SLD-1f626a97.svs SLD-63eaa07f.svs SLD-68afe2b8.svs SLD-ebe7ef91.svs
1519,SLD-113c1836.svs SLD-38431ed6.svs SLD-77f4531b.svs
1520,SLD-1bce35d8.svs SLD-46e785ad.svs
1521,SLD-ed9081c1.svs SLD-650dd400.svs
1522,SLD-01ce5fc6.svs SLD-6783b0c3.svs SLD-dcae667e.svs
1523,SLD-531da6ac.svs
1524,SLD-e1c25cd1.svs SLD-9f93e802.svs SLD-bc6284a8.svs SLD-d1a8d7b0.svs SLD-7e3801af.svs
1525,SLD-42734d1c.svs SLD-0e5bc44c.svs SLD-b13bad4e.svs SLD-d9732b86.svs SLD-84403b37.svs SLD-98decbf6.svs SLD-e368f7d2.svs
1526,SLD-e30d04fd.svs SLD-b58c1e9f.svs SLD-daa6b26a.svs
1527,SLD-469fc269.svs
1528,SLD-25d203e3.svs SLD-d466c772.svs SLD-59e8484c.svs
1529,SLD-58116722.svs SLD-277dfc7b.svs
1530,SLD-f1c51dda.svs SLD-259a2b28.svs SLD-2cb38568.svs SLD-c781e11f.svs SLD-b22b8974.svs
1531,SLD-d5cf2dc4.svs SLD-ed469bf4.svs
1532,SLD-084fa819.svs SLD-992a34a1.svs SLD-788c31f6.svs SLD-26c00984.svs SLD-052daad3.svs SLD-9e0df45b.svs
1533,SLD-4af0a6fe.svs SLD-269b6c3b.svs
1534,SLD-ccd66756.svs SLD-95fc7389.svs SLD-d03459a4.svs SLD-8f4ed442.svs SLD-d020baee.svs SLD-2ca723c4.svs SLD-14aaaefe.svs
1535,SLD-080638c9.svs SLD-a0d9da58.svs SLD-496749fb.svs SLD-4bebcf4f.svs
1536,SLD-6279d944.svs
1537,SLD-acf606fc.svs SLD-4fab2ad8.svs SLD-6637c09f.svs SLD-3b8f5fc7.svs SLD-849648e8.svs SLD-5084a40f.svs
1538,SLD-58bf3b9e.svs
1539,SLD-fc9ea692.svs SLD-c90853fd.svs SLD-a629d332.svs SLD-ba626aee.svs SLD-2d4ba5a4.svs
1540,SLD-c471e21a.svs SLD-f7cd0b75.svs SLD-05f2b928.svs
1541,SLD-ebe0572c.svs
1542,SLD-38a7ac54.svs
1543,SLD-aab6941b.svs SLD-d466c772.svs SLD-5ba48aa0.svs SLD-f6b4160b.svs
1544,SLD-90823eda.svs SLD-ce5dc807.svs SLD-a38d8afc.svs SLD-f97ccc57.svs SLD-60257199.svs
1545,SLD-3d3703f8.svs SLD-05f2b928.svs SLD-9d263e76.svs SLD-c471e21a.svs
1546,SLD-fba52e59.svs
1547,SLD-232f8c5b.svs SLD-9ab3cc27.svs SLD-b4480761.svs
1548,SLD-7ea496f5.svs
1549,SLD-99a2ecb1.svs
1550,SLD-a11b26b0.svs SLD-1e709e19.svs SLD-b49b93d5.svs SLD-08236adf.svs SLD-45a16970.svs
1551,SLD-03ea038f.svs SLD-34367eaa.svs SLD-c095e099.svs SLD-7e240205.svs
1552,SLD-269b6c3b.svs SLD-abf0f4bd.svs SLD-16f14aad.svs SLD-5bbdd1f4.svs
1553,SLD-6e84f8ea.svs SLD-c4841a8d.svs SLD-2cbb93c2.svs SLD-f5a3e893.svs
1554,SLD-bc52b34e.svs SLD-88a0edce.svs SLD-68c6dd5e.svs SLD-cdfa4cc8.svs
1555,SLD-6a594b07.svs SLD-3a19607d.svs SLD-2d58bce9.svs
1556,SLD-afd86432.svs SLD-86de3365.svs SLD-14d4dad6.svs
1557,SLD-31234efe.svs SLD-dd138266.svs SLD-6e648043.svs
1558,SLD-01424249.svs SLD-e1a9344e.svs SLD-955fbc33.svs SLD-b4577bf7.svs
1559,SLD-c963d148.svs SLD-23f1b67e.svs SLD-598ca3b4.svs SLD-01d34690.svs
1560,SLD-28702bb1.svs SLD-becba4c8.svs
1561,SLD-261908b9.svs SLD-2922fbd8.svs SLD-75f2bc20.svs SLD-de62d43f.svs
1562,SLD-3891aef5.svs SLD-9bbac838.svs SLD-7425f4e9.svs
1563,SLD-5f653800.svs SLD-b7ae7758.svs SLD-29c836e0.svs SLD-8eafb323.svs
1564,SLD-bc6284a8.svs SLD-49bcf4a8.svs SLD-d1a8d7b0.svs SLD-9f93e802.svs
1565,SLD-3e2b6653.svs
1566,SLD-fb46ed39.svs
1567,SLD-abe0a177.svs SLD-1c5e1698.svs SLD-b7a02afd.svs SLD-0b09ec41.svs
1568,SLD-e18d99ce.svs SLD-3f79dd31.svs SLD-94d7f681.svs SLD-8625dcb0.svs
1569,SLD-5b2d81cc.svs SLD-c602bd20.svs SLD-4e98ce25.svs SLD-c1fa924e.svs SLD-17337a7c.svs
1570,SLD-5e87905a.svs SLD-a3155940.svs SLD-a1fdcdf1.svs SLD-71df24d9.svs SLD-605dd4d6.svs SLD-f2ed33e1.svs
1571,SLD-1d010478.svs SLD-258694b6.svs SLD-77f4531b.svs SLD-113c1836.svs SLD-38431ed6.svs
1572,SLD-d216ad53.svs SLD-3f2de8a8.svs SLD-d7133061.svs SLD-d4088ff7.svs SLD-547e3918.svs SLD-f22a4fc6.svs
1573,SLD-79017990.svs
1574,SLD-b931a26d.svs SLD-ef617cac.svs SLD-7b056d02.svs SLD-061f5679.svs
1575,SLD-a0d9da58.svs SLD-080638c9.svs SLD-6fdc5e00.svs SLD-496749fb.svs SLD-b2e02961.svs SLD-3db4cb81.svs
1576,SLD-d9073286.svs SLD-7751b3fa.svs SLD-329cd43a.svs
1577,SLD-4a8b77da.svs SLD-27fa8b8a.svs SLD-f3ca5f64.svs SLD-583678ee.svs SLD-52b04994.svs SLD-5cfa38b1.svs
1578,SLD-c4c536fb.svs SLD-37fef6b5.svs SLD-4c6e6fbb.svs
1579,SLD-f660ffd5.svs SLD-90ed41f4.svs
1580,SLD-402988fd.svs
1581,SLD-91fd7d4a.svs SLD-739ac9e2.svs SLD-6d7fe9b2.svs
1582,SLD-88da091b.svs SLD-213124bd.svs SLD-0b2f8580.svs SLD-01275a63.svs SLD-f3f05323.svs
1583,SLD-44e8a604.svs SLD-28702bb1.svs SLD-9bd91220.svs SLD-338f4acf.svs SLD-706146ff.svs SLD-5931c9b4.svs SLD-becba4c8.svs
1584,SLD-5bf57279.svs SLD-4704768e.svs
1585,SLD-52ab793f.svs SLD-74aba9fc.svs SLD-8930d179.svs SLD-e4bacd78.svs
1586,SLD-5b62a7c9.svs
1587,SLD-ec6e61bd.svs SLD-10b2e6e5.svs
1588,
1589,SLD-70f8dd99.svs SLD-3438b4e4.svs SLD-5f20f406.svs SLD-e6b920da.svs SLD-ba6a098f.svs SLD-4b1678e4.svs
1590,SLD-17ee2fe6.svs SLD-53a9ec5d.svs
1591,SLD-6783b0c3.svs SLD-01ce5fc6.svs
1592,SLD-113c1836.svs SLD-1d010478.svs
1593,SLD-8eeb3fd8.svs SLD-32d116fe.svs SLD-dcae667e.svs SLD-96248805.svs SLD-6783b0c3.svs SLD-01ce5fc6.svs
1594,SLD-8df7a267.svs SLD-fd768f63.svs
1595,SLD-078548d7.svs SLD-5bf80676.svs SLD-590e83da.svs SLD-1f12a0e9.svs
1596,SLD-dfb87708.svs
1597,SLD-1965e435.svs SLD-c618fc1e.svs
1598,SLD-17b18e6e.svs SLD-8b32992a.svs SLD-c3121af6.svs
1599,SLD-1ca5a2f5.svs SLD-00f24603.svs SLD-c6f149c7.svs SLD-9c899296.svs SLD-92b035e0.svs SLD-ecf150e6.svs
1600,SLD-0e96ed9b.svs
1601,SLD-5a9414b8.svs SLD-40aaec7a.svs SLD-e8a56f31.svs SLD-df0d6301.svs SLD-488cac4e.svs SLD-ac2c10d0.svs
1602,SLD-1e70e799.svs SLD-41a8a6e1.svs
1603,SLD-7b056d02.svs SLD-061f5679.svs SLD-ef617cac.svs SLD-c674d244.svs
1604,SLD-75f2bc20.svs SLD-ccf719ab.svs SLD-2922fbd8.svs SLD-dca5b353.svs SLD-261908b9.svs SLD-54a1d505.svs SLD-a7f5195c.svs
1605,SLD-084fa819.svs SLD-788c31f6.svs SLD-26c00984.svs SLD-c734bb05.svs
1606,SLD-16f14aad.svs SLD-7f107645.svs
1607,SLD-c734bb05.svs SLD-052daad3.svs SLD-788c31f6.svs SLD-992a34a1.svs SLD-084fa819.svs
1608,SLD-3bd5f8a2.svs
1609,SLD-88a0edce.svs SLD-cdfa4cc8.svs SLD-8805ae31.svs SLD-4384860c.svs
1610,SLD-d9082a42.svs SLD-66dfeb1e.svs SLD-b4134208.svs SLD-142a6c95.svs
1611,SLD-d26d028d.svs
1612,SLD-12bdf75f.svs SLD-dc68d4fd.svs SLD-13f2a37c.svs SLD-21da132c.svs SLD-99e8c828.svs
1613,SLD-58116722.svs SLD-277dfc7b.svs SLD-722c353d.svs SLD-eed15368.svs
1614,SLD-277dfc7b.svs SLD-eed15368.svs
1615,SLD-fa3222c4.svs SLD-88239867.svs SLD-432fb308.svs SLD-920c3de9.svs
1616,SLD-5df2e073.svs
1617,SLD-8a647b9f.svs SLD-e46232e7.svs SLD-5e2d2454.svs SLD-0bee2ebd.svs
1618,SLD-8091a21d.svs SLD-5084a40f.svs
1619,SLD-b0445ebb.svs SLD-9d4319b5.svs
1620,SLD-11ab249d.svs SLD-469fc269.svs
1621,SLD-6ab01563.svs SLD-246cb09c.svs
1622,SLD-54a6087c.svs SLD-d8a1a546.svs
1623,SLD-542d19c0.svs SLD-a629d332.svs SLD-c90853fd.svs SLD-2d4ba5a4.svs SLD-4fdc1351.svs
1624,SLD-5a31a6a6.svs SLD-55f7792a.svs SLD-d560e64c.svs
1625,SLD-6aeb5a32.svs SLD-196d362d.svs SLD-8fad725d.svs SLD-581332c2.svs SLD-f48ef9a8.svs SLD-feeac13d.svs SLD-fec24805.svs
1626,SLD-a3155940.svs SLD-0ecfb95b.svs SLD-877a2133.svs SLD-605dd4d6.svs
1627,SLD-e51c0cdb.svs
1628,SLD-5cb6f1f0.svs
1629,SLD-586f1721.svs SLD-590e83da.svs SLD-028d042b.svs SLD-5bf80676.svs
1630,SLD-603803f3.svs SLD-444517ef.svs
1631,SLD-b8bc6621.svs SLD-0262a5aa.svs SLD-f2d7fe55.svs
1632,SLD-1aff71ae.svs SLD-75fd3537.svs
1633,SLD-6c148fc6.svs SLD-8cffbbb1.svs SLD-9750ca7e.svs
1634,SLD-7f411fed.svs SLD-c09fcd8f.svs SLD-1e70e799.svs SLD-41a8a6e1.svs SLD-ad4ab155.svs
1635,SLD-920c3de9.svs SLD-08f1100b.svs SLD-88239867.svs SLD-c5dd967b.svs SLD-fa3222c4.svs SLD-ef208346.svs
1636,SLD-dd5aacc7.svs SLD-b7c144fb.svs
1637,SLD-277dfc7b.svs SLD-4a9686a4.svs SLD-1ee1723b.svs
1638,SLD-f8db1a4d.svs
1639,SLD-c315d334.svs SLD-3e1fa8ac.svs SLD-e47c98ea.svs SLD-bda31488.svs SLD-96062930.svs
1640,SLD-6637c09f.svs SLD-acf606fc.svs SLD-7c96eefa.svs SLD-8091a21d.svs
1641,SLD-c5dd967b.svs SLD-432fb308.svs
1642,SLD-c6962905.svs SLD-ec3826bc.svs SLD-40fe81ec.svs SLD-7c8d5368.svs
1643,SLD-16f14aad.svs SLD-5bbdd1f4.svs SLD-754724dd.svs SLD-269b6c3b.svs
1644,SLD-c602bd20.svs SLD-5b2d81cc.svs SLD-4e98ce25.svs SLD-e1bccfb2.svs SLD-9c14940d.svs
1645,SLD-697b8538.svs SLD-b8d13539.svs SLD-0ff73f25.svs
1646,SLD-75f2bc20.svs SLD-a7f5195c.svs SLD-de62d43f.svs
1647,SLD-444517ef.svs SLD-b0445ebb.svs SLD-cb18d6a4.svs SLD-15db4487.svs
1648,SLD-deb4e6c4.svs SLD-5e6364c6.svs SLD-14827a89.svs
1649,SLD-990e8f01.svs
1650,SLD-a3155940.svs SLD-605dd4d6.svs SLD-5e87905a.svs SLD-877a2133.svs SLD-f2ed33e1.svs SLD-a1fdcdf1.svs
1651,SLD-35bbcdb0.svs
1652,SLD-1734a26c.svs
1653,SLD-17337a7c.svs
1654,SLD-7fa74d8a.svs SLD-dfec4623.svs SLD-9c19ed34.svs SLD-ff88ec82.svs SLD-8af58903.svs
1655,SLD-141bd896.svs
1656,SLD-c9f35bf8.svs SLD-8d3ac4b9.svs
1657,SLD-024bfe48.svs SLD-4642cddb.svs
1658,SLD-3db4cb81.svs SLD-496749fb.svs
1659,SLD-f30459cc.svs SLD-18a77594.svs SLD-30c42d61.svs SLD-633d9c54.svs SLD-1f94e3c8.svs
1660,SLD-75fc1b10.svs SLD-b8d13539.svs SLD-697b8538.svs SLD-ca3c4050.svs
1661,
1662,SLD-aab6941b.svs SLD-5ba48aa0.svs SLD-f6b4160b.svs
1663,SLD-57d1d37c.svs SLD-df61c534.svs SLD-58e760bf.svs SLD-dfecb2ae.svs SLD-af8c96a9.svs SLD-8f3e64f4.svs
1664,SLD-ed4879e7.svs SLD-b287c440.svs SLD-e30d04fd.svs SLD-2a0b2040.svs SLD-daa6b26a.svs SLD-0ef05b6f.svs SLD-efd164ee.svs
1665,
1666,SLD-3e1fa8ac.svs SLD-dba620f1.svs SLD-35bbcdb0.svs SLD-bda31488.svs SLD-e47c98ea.svs
1667,SLD-91fcfe88.svs SLD-4124405b.svs SLD-dc2151e1.svs
1668,SLD-17b18e6e.svs SLD-c3121af6.svs
1669,SLD-106861d3.svs SLD-633d9c54.svs SLD-1f94e3c8.svs SLD-30c42d61.svs
1670,SLD-b4d4dfcc.svs SLD-d7a3283c.svs SLD-b7d779cc.svs
1671,SLD-57030ede.svs SLD-87ba3b90.svs SLD-1e415c4e.svs
1672,SLD-00d3d1af.svs SLD-346d2b7e.svs SLD-a8b56f85.svs
1673,SLD-a38d8afc.svs SLD-16408169.svs SLD-90823eda.svs
1674,SLD-5e87905a.svs SLD-a3155940.svs
1675,SLD-87ba3b90.svs SLD-1e415c4e.svs SLD-4e3c0f2d.svs SLD-cad00273.svs
1676,SLD-1c5e1698.svs SLD-789a2829.svs SLD-50852f4f.svs SLD-abe0a177.svs
1677,SLD-5bd71dc6.svs SLD-5bf57279.svs
1678,SLD-9b87cc5e.svs SLD-91fd7d4a.svs
1679,SLD-28d798b4.svs SLD-2e573864.svs
1680,SLD-723dc8f5.svs SLD-735b3a80.svs SLD-b5cbb690.svs SLD-b17078ee.svs SLD-3fbdaeed.svs
1681,SLD-1d7173e5.svs SLD-5bc7fdeb.svs
1682,SLD-94d50a99.svs SLD-11ab249d.svs SLD-e291f5e1.svs SLD-409b3c5b.svs SLD-469fc269.svs SLD-d5e8b89c.svs
1683,SLD-aaa28439.svs SLD-40fe81ec.svs SLD-ec3826bc.svs
1684,SLD-90e639e1.svs SLD-6d0c62c3.svs SLD-254bf7ae.svs
1685,SLD-da418b24.svs SLD-24eac3f4.svs SLD-b6a659ef.svs SLD-1b4e1428.svs
1686,SLD-4d03cbdd.svs SLD-c9f35bf8.svs SLD-38a7ac54.svs SLD-8d3ac4b9.svs SLD-cc869dea.svs SLD-25323fd3.svs SLD-26b1caba.svs
1687,SLD-6a594b07.svs SLD-ed0d0418.svs SLD-3a19607d.svs SLD-eda67806.svs
1688,SLD-7425f4e9.svs
1689,SLD-584d3c02.svs SLD-ec071cf1.svs SLD-376e22a6.svs SLD-6c32faff.svs
1690,SLD-5bf57279.svs SLD-6e927501.svs
1691,SLD-90ed41f4.svs SLD-119fc1c4.svs
1692,SLD-b261d0d2.svs SLD-f4db1c1e.svs
1693,SLD-d59b148f.svs SLD-fa7bff5f.svs SLD-1db1dfdc.svs SLD-f8cc3f3b.svs SLD-62d59938.svs SLD-402988fd.svs SLD-357f0a64.svs
1694,SLD-26b1caba.svs SLD-8d3ac4b9.svs
1695,SLD-72323dc9.svs SLD-3956fba9.svs SLD-6df2fc82.svs SLD-3db612f4.svs SLD-f5652d00.svs SLD-40d2d16f.svs SLD-c3a31607.svs
1696,SLD-1b770deb.svs SLD-3380dcfc.svs SLD-8e9b185e.svs SLD-e64ddd91.svs SLD-4916e844.svs SLD-8a83efc8.svs
1697,SLD-17776c3a.svs
1698,SLD-38431ed6.svs SLD-c110412c.svs SLD-1d010478.svs
1699,SLD-f30459cc.svs SLD-30c42d61.svs SLD-106861d3.svs SLD-5b8c4949.svs SLD-1f94e3c8.svs SLD-633d9c54.svs SLD-06b42b6f.svs
1700,SLD-1ee1723b.svs SLD-58116722.svs SLD-722c353d.svs SLD-3e581dd5.svs SLD-277dfc7b.svs SLD-4a9686a4.svs
1701,SLD-7ce71b48.svs SLD-905c053b.svs
1702,SLD-9ad7558f.svs SLD-5e7f503c.svs SLD-2452bc39.svs
1703,SLD-3fafa217.svs
1704,SLD-74151acc.svs
1705,SLD-d197b561.svs SLD-70bc3ec1.svs
1706,SLD-3b9cea95.svs SLD-9ad7558f.svs
1707,SLD-e0acf9ff.svs SLD-b6a659ef.svs SLD-0c78c2f9.svs SLD-24eac3f4.svs
1708,SLD-d4088ff7.svs SLD-3f2de8a8.svs SLD-547e3918.svs SLD-2d20481a.svs SLD-f22a4fc6.svs SLD-d216ad53.svs
1709,SLD-f660ffd5.svs
1710,SLD-77f4531b.svs SLD-d89331ac.svs SLD-fde9d47d.svs
1711,
1712,SLD-552ae5ca.svs SLD-f164f9d8.svs SLD-4312ece2.svs SLD-dc2151e1.svs
1713,SLD-8a74bec5.svs SLD-698eecba.svs SLD-ca6cb87c.svs
1714,SLD-27fa8b8a.svs SLD-52b04994.svs SLD-5cfa38b1.svs
1715,SLD-b02de52c.svs SLD-9b050db2.svs SLD-27649a62.svs SLD-cbe88a3f.svs SLD-46e785ad.svs SLD-1bce35d8.svs
1716,SLD-6d3f4b37.svs SLD-70c455a9.svs SLD-ec6e61bd.svs
1717,SLD-7f67ee1a.svs SLD-8b32992a.svs SLD-f5feba5e.svs SLD-ad9d1f42.svs SLD-17b18e6e.svs SLD-3b7c1f9a.svs SLD-c3121af6.svs
1718,SLD-4c88b9d8.svs
1719,SLD-8f3e64f4.svs SLD-18f7e499.svs SLD-df61c534.svs
1720,SLD-91fcfe88.svs SLD-4124405b.svs SLD-552ae5ca.svs SLD-10cc8711.svs
1721,SLD-1624d318.svs SLD-a32652e8.svs
1722,SLD-0dcf035b.svs SLD-b261d0d2.svs SLD-f46860a2.svs SLD-f4db1c1e.svs SLD-a1c2d9bf.svs
1723,SLD-702a5b67.svs SLD-29c836e0.svs SLD-d7de701d.svs SLD-5f653800.svs
1724,SLD-0f2670d2.svs SLD-356af737.svs
1725,SLD-27f9e728.svs SLD-bbf9bb01.svs SLD-07dc02b1.svs SLD-c618fc1e.svs SLD-6a480542.svs SLD-1965e435.svs
1726,SLD-3c9590d3.svs SLD-c13e66af.svs SLD-50de4292.svs SLD-390a9016.svs SLD-82221345.svs SLD-2f16fb50.svs
1727,SLD-a1ab17c0.svs SLD-4b7350d1.svs
1728,SLD-ddfae808.svs SLD-afb120f4.svs
1729,SLD-f0bd7405.svs SLD-70c455a9.svs SLD-ed9081c1.svs
1730,SLD-c602bd20.svs
1731,SLD-af8c96a9.svs
1732,SLD-5723a959.svs SLD-6bf4d047.svs SLD-6e84f8ea.svs
1733,SLD-6951743e.svs
1734,SLD-a0f9c074.svs SLD-9177b6d4.svs SLD-b270af55.svs SLD-2835bcdb.svs
1735,SLD-54a6087c.svs
1736,SLD-7984f33f.svs
1737,SLD-6b5a174d.svs
1738,SLD-3380dcfc.svs SLD-8e9b185e.svs SLD-4916e844.svs SLD-e64ddd91.svs
1739,SLD-4af0a6fe.svs SLD-754724dd.svs
1740,SLD-a2939b3b.svs SLD-ab899605.svs
1741,SLD-51abf5e5.svs
1742,SLD-bc18a40b.svs SLD-4d4985dc.svs SLD-09aedbd0.svs SLD-1db2b452.svs SLD-7f6b8793.svs
1743,SLD-8513d91e.svs SLD-22696227.svs
1744,SLD-e8751766.svs SLD-03927935.svs
1745,SLD-de62d43f.svs SLD-54a1d505.svs SLD-ccf719ab.svs
1746,SLD-51abf5e5.svs SLD-4168705a.svs SLD-cb775e24.svs SLD-74aba9fc.svs SLD-52ab793f.svs SLD-533c9a31.svs
1747,SLD-53f3c158.svs SLD-b34dc8b0.svs SLD-8476af98.svs
1748,SLD-3438b4e4.svs SLD-ba6a098f.svs SLD-52177eb7.svs SLD-e6b920da.svs SLD-f642c8f3.svs SLD-5f20f406.svs
1749,SLD-5d443821.svs SLD-2e573864.svs SLD-28d798b4.svs SLD-43eb280e.svs
1750,SLD-196d362d.svs SLD-9d0b6f5e.svs SLD-feeac13d.svs
1751,SLD-7a658abe.svs
1752,SLD-becba4c8.svs
1753,SLD-ef208346.svs SLD-8d56206d.svs SLD-920c3de9.svs
1754,SLD-c602bd20.svs SLD-e1bccfb2.svs
1755,SLD-a1d20ebc.svs
1756,SLD-581ba307.svs SLD-a8e6a772.svs SLD-abecfc0b.svs
1757,SLD-4c88b9d8.svs
1758,SLD-07fe6a4e.svs SLD-9cf600ec.svs SLD-5b61f92b.svs SLD-93a25c9b.svs
1759,SLD-586523b8.svs SLD-a96e2bf4.svs SLD-ac91c01e.svs SLD-f9154865.svs
1760,SLD-ffeb5d5f.svs SLD-1dbc24fd.svs
1761,SLD-4a82e06a.svs
1762,SLD-28b4d5b9.svs SLD-9717aa6e.svs SLD-c30759a4.svs
1763,SLD-fe656bef.svs SLD-2ab465e9.svs SLD-e0efc989.svs SLD-a4a98266.svs
1764,SLD-20ca35ab.svs SLD-476c4878.svs SLD-deffed7a.svs SLD-d7285256.svs SLD-38553ac8.svs SLD-3fee2fc7.svs
1765,SLD-2cb38568.svs
1766,SLD-1ac902ee.svs
1767,SLD-00d3d1af.svs
1768,SLD-f5feba5e.svs
1769,SLD-9f93e802.svs
1770,SLD-b8d13539.svs SLD-33251c76.svs SLD-e7a2d2d0.svs SLD-ca3c4050.svs SLD-697b8538.svs SLD-d8efb5c9.svs
1771,SLD-53a9ec5d.svs
1772,SLD-fba52e59.svs
1773,SLD-b4480761.svs SLD-b4134208.svs SLD-66dfeb1e.svs
1774,SLD-29c836e0.svs SLD-d7de701d.svs
1775,SLD-beb778d6.svs SLD-94d7f681.svs SLD-3f79dd31.svs
1776,SLD-bda31488.svs SLD-3e1fa8ac.svs SLD-28600311.svs SLD-dba620f1.svs SLD-35bbcdb0.svs
1777,SLD-4384860c.svs
1778,SLD-d59b148f.svs SLD-571c9d78.svs SLD-fa7bff5f.svs SLD-357f0a64.svs SLD-62d59938.svs SLD-402988fd.svs SLD-1db1dfdc.svs
1779,SLD-f6b4160b.svs
1780,SLD-23aa9e67.svs SLD-4d29d77a.svs SLD-cf085288.svs SLD-79b68b95.svs SLD-d197b561.svs
1781,SLD-27e969e2.svs SLD-b7d779cc.svs SLD-4b5ca436.svs SLD-b4d4dfcc.svs SLD-c8bf23fb.svs
1782,SLD-9251ad08.svs
1783,
1784,SLD-f8cc3f3b.svs SLD-357f0a64.svs SLD-402988fd.svs SLD-d59b148f.svs
1785,SLD-74151acc.svs SLD-f5a3e893.svs SLD-c4841a8d.svs SLD-3f7a2748.svs
1786,SLD-50852f4f.svs SLD-1c5e1698.svs SLD-8a663359.svs
1787,SLD-e47638ec.svs
1788,SLD-ff7acd86.svs SLD-11ab249d.svs SLD-e291f5e1.svs SLD-94d50a99.svs
1789,SLD-6480fdc0.svs SLD-566ff3ec.svs SLD-7e083c1b.svs
1790,SLD-7e240205.svs SLD-c095e099.svs
1791,SLD-24eac3f4.svs
1792,SLD-d9732b86.svs SLD-23d83f22.svs SLD-e368f7d2.svs
1793,SLD-852d2ee5.svs SLD-bdb62ff3.svs
1794,
1795,SLD-beb9c9e2.svs SLD-dd9539fc.svs SLD-f7cd0b75.svs SLD-05f2b928.svs
1796,SLD-7e083c1b.svs SLD-f1c58f44.svs
1797,
1798,SLD-ccd66756.svs SLD-d020baee.svs
1799,SLD-0ff73f25.svs
1800,SLD-e355c369.svs SLD-061f5679.svs SLD-b931a26d.svs SLD-c674d244.svs
1801,SLD-9ab3cc27.svs
1802,SLD-de62d43f.svs SLD-ccf719ab.svs
1803,SLD-7984f33f.svs
1804,SLD-9b050db2.svs SLD-8ee4fd02.svs SLD-46e785ad.svs SLD-1bce35d8.svs
1805,SLD-7b056d02.svs SLD-ef617cac.svs SLD-e355c369.svs SLD-726e8017.svs SLD-061f5679.svs SLD-b931a26d.svs
1806,SLD-1cb66f67.svs SLD-cbe88a3f.svs SLD-b02de52c.svs
1807,SLD-adb6da35.svs SLD-849b8a44.svs SLD-92e94e89.svs
1808,SLD-10fc9eee.svs SLD-de6fec4b.svs SLD-ea5f24b6.svs SLD-0a1727f7.svs
1809,SLD-ed4879e7.svs SLD-b287c440.svs SLD-efd164ee.svs
1810,SLD-378b094c.svs SLD-18c8ece6.svs SLD-c82a6c15.svs
1811,SLD-d197b561.svs SLD-4d29d77a.svs SLD-79b68b95.svs SLD-70bc3ec1.svs SLD-23aa9e67.svs SLD-4bc01de3.svs SLD-f0041e32.svs
1812,SLD-e368f7d2.svs SLD-84403b37.svs SLD-23d83f22.svs SLD-42734d1c.svs SLD-b13bad4e.svs SLD-d9732b86.svs
1813,SLD-3f2de8a8.svs SLD-f22a4fc6.svs SLD-3cc4f772.svs
1814,SLD-f3ca5f64.svs SLD-583678ee.svs SLD-4b1dd9fd.svs SLD-27fa8b8a.svs SLD-5cfa38b1.svs
1815,SLD-2076d932.svs
1816,SLD-74aba9fc.svs SLD-8930d179.svs
1817,SLD-5abec113.svs SLD-ae2562ca.svs SLD-28948b4c.svs
1818,SLD-d9efbb41.svs SLD-b66b6b0b.svs SLD-ec4f4490.svs SLD-84eaf943.svs SLD-8af37d72.svs SLD-b9534807.svs
1819,SLD-10b2e6e5.svs SLD-ed9081c1.svs SLD-f0bd7405.svs SLD-a27ee80d.svs SLD-6d3f4b37.svs SLD-ec6e61bd.svs SLD-650dd400.svs
1820,SLD-40fe6898.svs SLD-8476af98.svs SLD-b34dc8b0.svs SLD-b56b9357.svs
1821,SLD-dd5aacc7.svs SLD-1a895c62.svs SLD-1417d4f9.svs
1822,SLD-153251c9.svs SLD-ccd66756.svs
1823,SLD-ed9081c1.svs SLD-ec6e61bd.svs
1824,SLD-a4a98266.svs SLD-d97d2b38.svs SLD-06999e1e.svs
1825,SLD-1e70e799.svs SLD-7f411fed.svs SLD-c09fcd8f.svs SLD-65e04993.svs SLD-41a8a6e1.svs
1826,SLD-a71b80ef.svs SLD-e10b4aad.svs SLD-29bccee9.svs SLD-f40d2a37.svs SLD-7ea496f5.svs SLD-cf2a2198.svs
1827,SLD-c149fa8e.svs SLD-3421beaf.svs SLD-a32652e8.svs
1828,SLD-6581f934.svs
1829,SLD-f2ded00f.svs SLD-68032f7e.svs SLD-fef06b04.svs
1830,SLD-e47638ec.svs SLD-6c32faff.svs SLD-f8db1a4d.svs
1831,SLD-113c1836.svs SLD-258694b6.svs SLD-d89331ac.svs SLD-38431ed6.svs SLD-c110412c.svs
1832,SLD-735b3a80.svs SLD-b5cbb690.svs SLD-c7281f15.svs SLD-b17078ee.svs
1833,SLD-07fe6a4e.svs SLD-5b61f92b.svs SLD-6e3a52d7.svs SLD-93a25c9b.svs
1834,SLD-0061fd30.svs SLD-d9073286.svs
1835,SLD-abecfc0b.svs SLD-581ba307.svs
1836,SLD-3bcab3ea.svs SLD-d26d028d.svs SLD-dcff697d.svs SLD-141bd896.svs SLD-55e9718e.svs
1837,
1838,SLD-8b32992a.svs
1839,SLD-104dff66.svs SLD-00fdec23.svs SLD-4a30f7cd.svs SLD-01d34690.svs SLD-a795ac54.svs
1840,SLD-a1fdcdf1.svs
1841,
1842,
1843,SLD-579e9a46.svs SLD-8df7a267.svs SLD-b4a06976.svs SLD-30a31251.svs
1844,SLD-3421beaf.svs
1845,SLD-849648e8.svs SLD-3b8f5fc7.svs SLD-6637c09f.svs SLD-7c96eefa.svs SLD-8091a21d.svs SLD-acf606fc.svs SLD-5084a40f.svs
1846,SLD-2b66b1c0.svs
1847,SLD-cefe73ec.svs
1848,SLD-1cf4a8ed.svs SLD-b9b5c70e.svs SLD-681091fe.svs SLD-2db6de21.svs
1849,SLD-cb4d18d6.svs
1850,SLD-9df497f1.svs
1851,SLD-6c4c3935.svs SLD-fd0ba70e.svs
1852,SLD-1d0ab994.svs
1853,SLD-9c899296.svs SLD-92b035e0.svs SLD-09c64c1d.svs SLD-c6f149c7.svs SLD-ecf150e6.svs SLD-0c15a575.svs SLD-1ca5a2f5.svs
1854,SLD-2d492ca2.svs SLD-4bc972ce.svs SLD-531da6ac.svs SLD-0a9d499c.svs SLD-a2698c2d.svs SLD-614f1ddc.svs
1855,SLD-920c3de9.svs
1856,SLD-efd164ee.svs SLD-e30d04fd.svs SLD-daa6b26a.svs SLD-2a0b2040.svs SLD-ed4879e7.svs SLD-b58c1e9f.svs SLD-b287c440.svs
1857,SLD-7b056d02.svs SLD-b931a26d.svs
1858,SLD-b1182d23.svs
1859,SLD-33251c76.svs SLD-e7a2d2d0.svs SLD-0ff73f25.svs SLD-ca3c4050.svs
1860,SLD-cbf1f93c.svs SLD-81011c5b.svs SLD-1c2c7a34.svs SLD-a1d33772.svs
1861,SLD-87ba3b90.svs SLD-4332559d.svs SLD-1e415c4e.svs SLD-cad00273.svs
1862,SLD-37d316a4.svs SLD-3fafa217.svs SLD-e139d15d.svs SLD-bb9e5a02.svs
1863,SLD-e583847f.svs SLD-852d2ee5.svs SLD-d9073286.svs
1864,SLD-9870c707.svs
1865,SLD-346d2b7e.svs SLD-353e0c86.svs
1866,SLD-fb46ed39.svs SLD-a1832fdb.svs
1867,SLD-376e22a6.svs SLD-f8db1a4d.svs
1868,SLD-53ff6644.svs
1869,SLD-54a1d505.svs SLD-dca5b353.svs SLD-ccf719ab.svs
1870,SLD-25e4979d.svs SLD-a5e3a719.svs SLD-affe2554.svs SLD-54a8762b.svs
1871,SLD-6f1bdd07.svs SLD-30f2c485.svs SLD-92a651d7.svs SLD-75fd3537.svs SLD-1aff71ae.svs
1872,SLD-49bcf4a8.svs
1873,SLD-dd5aacc7.svs
1874,SLD-52177eb7.svs
1875,SLD-b13bad4e.svs SLD-e368f7d2.svs
1876,SLD-48622a67.svs SLD-85e74250.svs SLD-4a294067.svs SLD-22696227.svs
1877,SLD-2bdb5720.svs SLD-68afe2b8.svs SLD-1f626a97.svs SLD-80245320.svs SLD-63eaa07f.svs
1878,SLD-4af0a6fe.svs SLD-5bbdd1f4.svs SLD-3c740119.svs SLD-269b6c3b.svs SLD-abf0f4bd.svs SLD-754724dd.svs SLD-7f107645.svs
1879,SLD-fb0a6a90.svs
1880,SLD-356af737.svs
1881,SLD-f1c58f44.svs SLD-7e083c1b.svs SLD-6480fdc0.svs SLD-03c8e104.svs
1882,SLD-96062930.svs SLD-28600311.svs SLD-bda31488.svs SLD-35bbcdb0.svs SLD-dba620f1.svs SLD-e47c98ea.svs
1883,SLD-10345193.svs SLD-958cd60e.svs
1884,SLD-fefc5b4a.svs SLD-c30759a4.svs
1885,SLD-c2112eda.svs SLD-ed2ee36f.svs SLD-3df8eeef.svs
1886,SLD-c82a6c15.svs
1887,SLD-c3121af6.svs SLD-c2953f51.svs
1888,SLD-18c8ece6.svs SLD-58ea0417.svs SLD-b5178761.svs SLD-d61a43f2.svs SLD-393031a6.svs SLD-8ecb4971.svs SLD-c82a6c15.svs
1889,SLD-8476af98.svs
1890,SLD-10345193.svs SLD-7c2b940d.svs
1891,SLD-e9e7e1ba.svs SLD-553a773a.svs SLD-afb9f3a8.svs SLD-916b51ee.svs
1892,SLD-c2eaf172.svs SLD-735b3a80.svs
1893,SLD-5723a959.svs SLD-c4841a8d.svs SLD-6e84f8ea.svs
1894,SLD-f0041e32.svs SLD-70bc3ec1.svs SLD-4d29d77a.svs
1895,SLD-2d8b5b41.svs SLD-5bf80676.svs
1896,SLD-cef980ce.svs SLD-dd9539fc.svs
1897,SLD-28d798b4.svs SLD-3ad23fbf.svs SLD-5d443821.svs
1898,SLD-68f49b51.svs SLD-64aba3f6.svs SLD-f3fa8613.svs SLD-90ed41f4.svs
1899,SLD-c6f149c7.svs
1900,SLD-70c455a9.svs
1901,SLD-669ff1b9.svs SLD-ea75e34d.svs SLD-4704768e.svs SLD-5bf57279.svs SLD-6e927501.svs
1902,SLD-a4a98266.svs SLD-06999e1e.svs SLD-fe656bef.svs
1903,SLD-05f2b928.svs SLD-dd9539fc.svs SLD-9d263e76.svs SLD-cef980ce.svs SLD-3d3703f8.svs
1904,SLD-5ba48aa0.svs SLD-992e7dea.svs
1905,SLD-92f078b8.svs SLD-6a325333.svs
1906,SLD-b9534807.svs
1907,SLD-8f4ed442.svs SLD-ccd66756.svs
1908,SLD-f46860a2.svs
1909,SLD-d3b564b0.svs
1910,SLD-e4751694.svs
1911,SLD-a2939b3b.svs SLD-7fa74d8a.svs SLD-9c19ed34.svs SLD-8af58903.svs
1912,SLD-571c9d78.svs SLD-d59b148f.svs SLD-402988fd.svs SLD-1db1dfdc.svs SLD-f8cc3f3b.svs SLD-62d59938.svs
1913,SLD-d9073286.svs
1914,SLD-d3b564b0.svs SLD-5c949381.svs SLD-25777cf0.svs
1915,SLD-ed4879e7.svs
1916,SLD-6c835975.svs SLD-f3254f2d.svs
1917,SLD-40e3469f.svs
1918,SLD-9b87cc5e.svs SLD-5a31a6a6.svs SLD-1a9e8547.svs
1919,SLD-bdb62ff3.svs SLD-14e16706.svs SLD-e583847f.svs
1920,SLD-de386aeb.svs SLD-272eaa36.svs SLD-299cf16b.svs
1921,SLD-91d2125a.svs SLD-95e19cb6.svs SLD-698eecba.svs SLD-8a74bec5.svs
1922,SLD-b2e74e77.svs
1923,SLD-81011c5b.svs SLD-94665d45.svs
1924,SLD-739ac9e2.svs SLD-55f7792a.svs SLD-9b87cc5e.svs
1925,SLD-4332559d.svs
1926,SLD-8eeb3fd8.svs SLD-32d116fe.svs
1927,SLD-ba6a098f.svs
1928,SLD-553a773a.svs SLD-6b325d48.svs SLD-e9e7e1ba.svs SLD-916b51ee.svs
1929,SLD-5e146c30.svs
1930,SLD-6d7fe9b2.svs
1931,SLD-8420b8d9.svs SLD-b261d0d2.svs SLD-aa66b464.svs SLD-f4db1c1e.svs SLD-a604e5af.svs SLD-f46860a2.svs SLD-a1c2d9bf.svs
1932,SLD-84403b37.svs SLD-e368f7d2.svs SLD-98decbf6.svs SLD-42734d1c.svs
1933,SLD-603803f3.svs SLD-b0445ebb.svs
1934,SLD-7499b28c.svs SLD-f4dd05d5.svs SLD-0b6d9611.svs SLD-ca20854d.svs SLD-1349747a.svs SLD-a1cba182.svs SLD-5b471c43.svs
1935,SLD-7e240205.svs SLD-03ea038f.svs SLD-34367eaa.svs SLD-f8542953.svs
1936,SLD-706146ff.svs SLD-44e8a604.svs
1937,SLD-402988fd.svs SLD-357f0a64.svs
1938,SLD-f8db1a4d.svs SLD-a9fa4ea6.svs SLD-e47638ec.svs
1939,SLD-7e3801af.svs
1940,SLD-88239867.svs SLD-c5dd967b.svs SLD-920c3de9.svs SLD-ef208346.svs SLD-432fb308.svs SLD-08f1100b.svs SLD-8d56206d.svs
1941,SLD-852d2ee5.svs SLD-14e16706.svs
1942,SLD-5aa3892a.svs SLD-4c88b9d8.svs
1943,SLD-5a31a6a6.svs SLD-55f7792a.svs SLD-91fd7d4a.svs
1944,SLD-18a77594.svs SLD-06b42b6f.svs SLD-1f94e3c8.svs
1945,SLD-56e9b78d.svs SLD-9bbac838.svs SLD-3891aef5.svs SLD-7425f4e9.svs
1946,SLD-8a663359.svs SLD-abe0a177.svs SLD-50852f4f.svs SLD-30d6863f.svs SLD-1c5e1698.svs
1947,SLD-3c740119.svs SLD-abf0f4bd.svs SLD-754724dd.svs SLD-4af0a6fe.svs
1948,SLD-ebe0572c.svs
1949,SLD-68c6dd5e.svs SLD-cdfa4cc8.svs SLD-4384860c.svs
1950,SLD-b9f94ec6.svs SLD-50ae2652.svs
1951,SLD-fa7bff5f.svs SLD-f8cc3f3b.svs SLD-d59b148f.svs
1952,SLD-7e240205.svs SLD-34367eaa.svs SLD-bb00d206.svs SLD-03ea038f.svs
1953,SLD-f9df7275.svs
1954,SLD-54a6087c.svs SLD-bf5545ce.svs SLD-de386aeb.svs
1955,SLD-4fab2ad8.svs SLD-acf606fc.svs SLD-849648e8.svs SLD-8091a21d.svs SLD-3b8f5fc7.svs
1956,SLD-702a5b67.svs SLD-b7ae7758.svs
1957,SLD-c30759a4.svs SLD-693d993c.svs SLD-9717aa6e.svs SLD-dd55daaf.svs SLD-48a133ab.svs
1958,SLD-30a31251.svs SLD-86fadb0e.svs
1959,SLD-fb46ed39.svs SLD-ae2562ca.svs SLD-8772c347.svs SLD-31cb5e8e.svs SLD-f0fcccc6.svs SLD-5abec113.svs
1960,SLD-d5e8b89c.svs SLD-ff7acd86.svs SLD-11ab249d.svs
1961,SLD-fe656bef.svs
1962,SLD-6ab01563.svs SLD-9750ca7e.svs SLD-4c4b91fe.svs SLD-ed28508d.svs SLD-8cffbbb1.svs
1963,SLD-8cffbbb1.svs SLD-246cb09c.svs SLD-6c148fc6.svs SLD-9750ca7e.svs
1964,SLD-bb5f15c1.svs SLD-b0445ebb.svs SLD-2b2bcfda.svs SLD-15db4487.svs SLD-603803f3.svs
1965,SLD-dfec4623.svs SLD-a2939b3b.svs
1966,SLD-87ba3b90.svs SLD-4e3c0f2d.svs SLD-cad00273.svs SLD-120961ea.svs SLD-889c8ae2.svs SLD-1e415c4e.svs
1967,SLD-dc2897c6.svs SLD-baa172ac.svs SLD-6279d944.svs SLD-4fee7144.svs SLD-4d236555.svs SLD-bc5074ac.svs SLD-84539813.svs
1968,SLD-7fa74d8a.svs
1969,SLD-8d5f52c0.svs SLD-d1cae193.svs SLD-a31ca36b.svs
1970,SLD-d8a230de.svs SLD-fa999f9b.svs SLD-86de3365.svs SLD-11035083.svs SLD-ddfae808.svs SLD-14d4dad6.svs
1971,SLD-92e94e89.svs SLD-ce1bb02a.svs SLD-c202387b.svs SLD-cb4d18d6.svs SLD-1734a26c.svs SLD-adb6da35.svs SLD-849b8a44.svs
1972,SLD-ccf719ab.svs SLD-2922fbd8.svs
1973,SLD-d89331ac.svs
1974,SLD-d03459a4.svs SLD-8f4ed442.svs SLD-14aaaefe.svs SLD-ccd66756.svs SLD-2ca723c4.svs SLD-95fc7389.svs
1975,SLD-a217cf25.svs SLD-0e96ed9b.svs SLD-15ac15c3.svs SLD-2fcf3b87.svs SLD-be3feafd.svs SLD-5d158e44.svs SLD-3be95767.svs
1976,SLD-3db612f4.svs SLD-f5652d00.svs SLD-6df2fc82.svs SLD-72323dc9.svs
1977,SLD-6e3a52d7.svs SLD-76a933cf.svs SLD-9cf600ec.svs
1978,SLD-f3f05323.svs SLD-01275a63.svs
1979,SLD-702a5b67.svs SLD-d7de701d.svs SLD-5f653800.svs SLD-8eafb323.svs
1980,SLD-a867a0f0.svs SLD-a8e6a772.svs SLD-42965873.svs SLD-ab1e6794.svs
1981,SLD-c2953f51.svs
1982,SLD-38431ed6.svs SLD-c110412c.svs SLD-d89331ac.svs
1983,SLD-b4577bf7.svs SLD-fb24cba4.svs SLD-955fbc33.svs SLD-9870c707.svs SLD-a25130a8.svs SLD-ef7f6bc8.svs SLD-e1a9344e.svs
1984,SLD-f5652d00.svs SLD-c3a31607.svs SLD-6df2fc82.svs SLD-3db612f4.svs SLD-c67781b2.svs
1985,SLD-d6ada066.svs SLD-4642cddb.svs SLD-398071b1.svs SLD-7f6bf51b.svs SLD-7ee1a2a3.svs SLD-fbf70946.svs
1986,SLD-ef7dee1a.svs SLD-53f3c158.svs SLD-c846bf90.svs SLD-425de95f.svs SLD-8476af98.svs SLD-40fe6898.svs SLD-b56b9357.svs
1987,SLD-8b1f1137.svs SLD-d21276c2.svs SLD-0ea255e0.svs SLD-c5826444.svs
1988,SLD-3f2de8a8.svs SLD-f22a4fc6.svs SLD-3cc4f772.svs SLD-547e3918.svs SLD-d4088ff7.svs SLD-d216ad53.svs
1989,SLD-f5a3e893.svs
1990,SLD-a3af11d0.svs SLD-94665d45.svs SLD-a1d33772.svs SLD-284b7bcd.svs SLD-f110397a.svs SLD-cbf1f93c.svs
1991,SLD-ec6e61bd.svs SLD-70c455a9.svs
1992,SLD-6bf52dfd.svs SLD-6f6ddf79.svs SLD-a5e3a719.svs SLD-e5aef699.svs SLD-7281b8a9.svs SLD-54a8762b.svs SLD-25e4979d.svs
1993,SLD-14aaaefe.svs SLD-d03459a4.svs SLD-d020baee.svs SLD-ccd66756.svs
1994,SLD-f5652d00.svs
1995,SLD-fd0ba70e.svs SLD-156af458.svs
1996,SLD-2412579d.svs SLD-dd02e100.svs SLD-7b38785b.svs SLD-0932f5b6.svs SLD-6af944e0.svs
1997,SLD-501049e2.svs SLD-e9184b9f.svs SLD-40e3469f.svs
1998,SLD-d658b1b3.svs
1999,SLD-63b74101.svs
2000,SLD-4d03cbdd.svs SLD-cc869dea.svs SLD-c9f35bf8.svs SLD-38a7ac54.svs
2001,SLD-eed15368.svs
2002,SLD-5b9e42d0.svs SLD-ed469bf4.svs SLD-d5cf2dc4.svs SLD-13d1ea49.svs SLD-688181a8.svs SLD-eb1c3ba4.svs
2003,
2004,SLD-6279d944.svs SLD-4d236555.svs SLD-84539813.svs
2005,SLD-15db4487.svs SLD-b0445ebb.svs SLD-bb5f15c1.svs
2006,SLD-f8542953.svs SLD-03ea038f.svs SLD-9df497f1.svs SLD-7e240205.svs
2007,SLD-2835bcdb.svs SLD-5f2e9167.svs SLD-b270af55.svs
2008,SLD-5bc7fdeb.svs
2009,SLD-90a2b8e1.svs
2010,SLD-3891aef5.svs
2011,SLD-53f04099.svs SLD-813dd49a.svs SLD-06792b47.svs SLD-cfdef303.svs
2012,SLD-d26d5396.svs SLD-6e648043.svs SLD-dd138266.svs SLD-5bc7fdeb.svs SLD-1d7173e5.svs
2013,SLD-6e648043.svs SLD-1d7173e5.svs
2014,SLD-e7a2d2d0.svs SLD-ca3c4050.svs SLD-33251c76.svs SLD-0ff73f25.svs
2015,SLD-f642c8f3.svs SLD-52177eb7.svs SLD-e6b920da.svs SLD-ba6a098f.svs SLD-3438b4e4.svs SLD-70f8dd99.svs
2016,SLD-91fcfe88.svs SLD-dc2151e1.svs SLD-4312ece2.svs SLD-552ae5ca.svs SLD-10cc8711.svs
2017,SLD-dd1f8e30.svs
2018,SLD-a9fa4ea6.svs SLD-22c71d04.svs SLD-f8db1a4d.svs
2019,SLD-e355c369.svs SLD-7b056d02.svs SLD-c674d244.svs SLD-b931a26d.svs SLD-726e8017.svs
2020,SLD-0542bd75.svs
2021,SLD-a38d8afc.svs SLD-ce5dc807.svs SLD-fdd2ed7a.svs SLD-90823eda.svs SLD-f97ccc57.svs
2022,SLD-ed28508d.svs SLD-9750ca7e.svs
2023,SLD-a5e3a719.svs SLD-6f6ddf79.svs SLD-6bf52dfd.svs SLD-affe2554.svs
2024,SLD-259a2b28.svs SLD-b22b8974.svs
2025,SLD-113c1836.svs SLD-d89331ac.svs SLD-77f4531b.svs SLD-fde9d47d.svs SLD-38431ed6.svs
2026,SLD-fb46ed39.svs SLD-f0fcccc6.svs SLD-28948b4c.svs SLD-5abec113.svs
2027,SLD-ff88ec82.svs
2028,SLD-9e0df45b.svs
2029,SLD-1cb66f67.svs SLD-9b050db2.svs SLD-27649a62.svs SLD-46e785ad.svs
2030,SLD-27f9e728.svs
2031,SLD-13801f25.svs SLD-a94501d7.svs SLD-5028361f.svs SLD-fa4b0bc6.svs SLD-f9d0a163.svs
2032,
2033,SLD-e51c0cdb.svs SLD-be792965.svs SLD-731c877a.svs SLD-824734df.svs SLD-b6bca2a2.svs
2034,SLD-ac98a368.svs SLD-7176d181.svs
2035,SLD-1a9e8547.svs SLD-6d7fe9b2.svs SLD-91fd7d4a.svs
2036,SLD-df8693ce.svs SLD-ffeb5d5f.svs SLD-a3ef802e.svs SLD-1dbc24fd.svs
2037,SLD-5d443821.svs SLD-3ad23fbf.svs SLD-8a7f03ae.svs SLD-64e322cf.svs SLD-79017990.svs SLD-43eb280e.svs
2038,SLD-d5cf2dc4.svs SLD-70d22718.svs SLD-ed469bf4.svs
2039,SLD-3cf9d1fe.svs
2040,SLD-0d20f686.svs
2041,SLD-10b2e6e5.svs SLD-a27ee80d.svs
2042,SLD-53a9ec5d.svs SLD-1cf4a8ed.svs SLD-17ee2fe6.svs SLD-437249fd.svs SLD-b9b5c70e.svs SLD-2db6de21.svs SLD-3346f7c6.svs
2043,SLD-101bb5fa.svs
2044,SLD-c857d8c3.svs SLD-5163de1d.svs
2045,SLD-2076d932.svs SLD-907d8532.svs SLD-4741ee56.svs
2046,SLD-31234efe.svs SLD-1058fe8c.svs SLD-dd138266.svs SLD-5bc7fdeb.svs SLD-1d7173e5.svs SLD-d26d5396.svs SLD-da54f267.svs
2047,SLD-1058fe8c.svs
2048,SLD-0a8aa1e4.svs
2049,SLD-de6fec4b.svs SLD-21681081.svs SLD-0a66dc4e.svs SLD-0a1727f7.svs SLD-ea5f24b6.svs
2050,SLD-409b3c5b.svs
2051,SLD-38431ed6.svs
2052,SLD-4332559d.svs SLD-1e415c4e.svs SLD-57030ede.svs SLD-120961ea.svs
2053,SLD-25d203e3.svs SLD-992e7dea.svs
2054,SLD-b4ca0142.svs
2055,SLD-6637c09f.svs SLD-5084a40f.svs SLD-4fab2ad8.svs
2056,SLD-29c836e0.svs SLD-5b45cf5a.svs SLD-5f653800.svs
2057,SLD-ab899605.svs SLD-dfec4623.svs SLD-7fa74d8a.svs SLD-ff88ec82.svs SLD-a2939b3b.svs
2058,SLD-5882e3bb.svs SLD-35a7c6ed.svs SLD-5e6364c6.svs
2059,SLD-c6be6432.svs
2060,SLD-6a27241f.svs SLD-bb9e5a02.svs SLD-48d8b9ef.svs SLD-3fafa217.svs SLD-37d316a4.svs
2061,SLD-9ed9c124.svs SLD-b7c144fb.svs SLD-6d5b7d50.svs
2062,SLD-79009c61.svs SLD-ab12fb53.svs SLD-5aa3892a.svs SLD-77cb1a27.svs
2063,SLD-5723a959.svs SLD-6e84f8ea.svs
2064,SLD-b5e2834d.svs
2065,SLD-581ba307.svs
2066,SLD-53f3c158.svs SLD-c846bf90.svs SLD-b56b9357.svs
2067,SLD-9b050db2.svs SLD-cbe88a3f.svs SLD-1cb66f67.svs SLD-46e785ad.svs
2068,SLD-50de4292.svs SLD-390a9016.svs
2069,SLD-b02de52c.svs SLD-46e785ad.svs SLD-27649a62.svs SLD-8ee4fd02.svs SLD-1cb66f67.svs
2070,SLD-7984f33f.svs SLD-6a594b07.svs SLD-3a19607d.svs SLD-ed0d0418.svs SLD-61c61ae4.svs SLD-3bfb255e.svs SLD-2d58bce9.svs
2071,SLD-8d99743c.svs
2072,SLD-0b2f8580.svs SLD-213124bd.svs
2073,SLD-a3af11d0.svs SLD-1c2c7a34.svs
2074,SLD-69083bd6.svs
2075,SLD-315e8080.svs SLD-9bbac838.svs SLD-3891aef5.svs SLD-8ec9ea98.svs
2076,SLD-843b2a7d.svs SLD-ea5f24b6.svs SLD-10fc9eee.svs SLD-de6fec4b.svs SLD-0a1727f7.svs
2077,SLD-a36bcb01.svs SLD-ae0fdbc8.svs SLD-905c053b.svs
2078,SLD-1baf01f1.svs SLD-7b0f78c1.svs
2079,SLD-3a8d1c00.svs SLD-aaa28439.svs SLD-7c8d5368.svs SLD-cfe4fb66.svs
2080,SLD-9cf600ec.svs
2081,SLD-52ab793f.svs
2082,SLD-88239867.svs SLD-08f1100b.svs SLD-920c3de9.svs SLD-432fb308.svs SLD-ef208346.svs SLD-8d56206d.svs SLD-fa3222c4.svs
2083,SLD-b4577bf7.svs SLD-fb24cba4.svs SLD-a25130a8.svs
2084,SLD-3f7512c5.svs
2085,SLD-8a74bec5.svs
2086,SLD-b2e74e77.svs SLD-0b4cba0a.svs
2087,SLD-5153f737.svs SLD-d7f14ec2.svs SLD-bb296639.svs SLD-3246b7d9.svs SLD-0021b632.svs
2088,SLD-3e581dd5.svs SLD-e7524102.svs SLD-58116722.svs
2089,SLD-9d4319b5.svs SLD-2b2bcfda.svs
2090,SLD-dba620f1.svs
2091,SLD-3cf9d1fe.svs SLD-f75a7e6f.svs
2092,SLD-61067a8c.svs SLD-27e969e2.svs SLD-b7d779cc.svs
2093,SLD-dfecb2ae.svs SLD-58e760bf.svs SLD-df61c534.svs SLD-18f7e499.svs
2094,SLD-889c8ae2.svs SLD-1e415c4e.svs SLD-4332559d.svs SLD-4e3c0f2d.svs SLD-57030ede.svs SLD-cad00273.svs
2095,SLD-64d02759.svs SLD-13f2a37c.svs SLD-b3c161c3.svs SLD-21da132c.svs
2096,SLD-69f12ccd.svs
2097,SLD-7e56ac3d.svs SLD-10cc8711.svs
2098,SLD-58e760bf.svs SLD-18f7e499.svs SLD-dfecb2ae.svs
2099,SLD-00d3d1af.svs SLD-98ba0f0e.svs SLD-ac7b7ab2.svs SLD-a8b56f85.svs SLD-24aeba79.svs SLD-e4b82987.svs SLD-346d2b7e.svs
2100,SLD-5aa3892a.svs SLD-8f42cebe.svs
2101,SLD-6c32faff.svs SLD-a9fa4ea6.svs
2102,SLD-5f653800.svs SLD-640ca20c.svs SLD-b7ae7758.svs SLD-8eafb323.svs
2103,SLD-8b32992a.svs SLD-c3121af6.svs SLD-3b7c1f9a.svs SLD-c2953f51.svs
2104,SLD-6279d944.svs
2105,SLD-2452bc39.svs SLD-064f768d.svs
2106,SLD-00f24603.svs SLD-9c899296.svs SLD-1ca5a2f5.svs SLD-0c15a575.svs
2107,SLD-90ed41f4.svs SLD-119fc1c4.svs SLD-7a658abe.svs
2108,SLD-444517ef.svs SLD-b0445ebb.svs SLD-603803f3.svs
2109,SLD-ef7dee1a.svs SLD-425de95f.svs SLD-53f3c158.svs SLD-b34dc8b0.svs
2110,SLD-29bccee9.svs SLD-7ea496f5.svs SLD-a71b80ef.svs SLD-8e36b82f.svs
2111,SLD-6fdc5e00.svs SLD-a0d9da58.svs SLD-496749fb.svs SLD-3db4cb81.svs
2112,SLD-d6ada066.svs SLD-4fbe2aae.svs SLD-7ee1a2a3.svs SLD-4642cddb.svs
2113,SLD-65fd5f69.svs SLD-93a25c9b.svs SLD-6e3a52d7.svs SLD-76a933cf.svs SLD-2a6f1e47.svs SLD-07fe6a4e.svs SLD-9cf600ec.svs
2114,SLD-e1c25cd1.svs SLD-9f93e802.svs
2115,SLD-0a66dc4e.svs SLD-10fc9eee.svs SLD-0a1727f7.svs SLD-21681081.svs
2116,SLD-7de8a234.svs
2117,SLD-4d29d77a.svs SLD-cf085288.svs SLD-79b68b95.svs SLD-f0041e32.svs SLD-23aa9e67.svs SLD-4bc01de3.svs SLD-70bc3ec1.svs
2118,SLD-7499b28c.svs SLD-f4dd05d5.svs SLD-1349747a.svs SLD-e6e4b8df.svs
2119,SLD-68fc642a.svs SLD-f6f25926.svs SLD-fef06b04.svs SLD-68032f7e.svs
2120,SLD-120961ea.svs SLD-889c8ae2.svs SLD-4e3c0f2d.svs SLD-57030ede.svs
2121,SLD-5028361f.svs SLD-a94501d7.svs SLD-5121f31f.svs SLD-f9d0a163.svs SLD-13801f25.svs SLD-def1274a.svs
2122,SLD-ebe0572c.svs SLD-3891aef5.svs SLD-315e8080.svs SLD-9bbac838.svs SLD-8ec9ea98.svs SLD-56e9b78d.svs SLD-7425f4e9.svs
2123,SLD-c09fcd8f.svs
2124,SLD-fa3222c4.svs SLD-c5dd967b.svs
2125,SLD-9177b6d4.svs SLD-2347b24f.svs SLD-2835bcdb.svs SLD-1f9078d5.svs
2126,SLD-1519401c.svs
2127,SLD-afb9f3a8.svs SLD-06c4e109.svs SLD-6b325d48.svs SLD-6faefeda.svs SLD-553a773a.svs SLD-e9e7e1ba.svs SLD-c9a6e611.svs
2128,SLD-c6be6432.svs
2129,SLD-ce1bb02a.svs SLD-adb6da35.svs SLD-c202387b.svs SLD-1734a26c.svs
2130,SLD-afdb4e0b.svs SLD-fff83cec.svs SLD-cd34bcd7.svs SLD-b7ed75b4.svs SLD-2c05b870.svs
2131,SLD-18a77594.svs SLD-06b42b6f.svs SLD-30c42d61.svs
2132,SLD-269b6c3b.svs
2133,SLD-a1d20ebc.svs SLD-8f42cebe.svs SLD-ab12fb53.svs
2134,SLD-113c1836.svs SLD-c110412c.svs
2135,SLD-bc5074ac.svs SLD-dc2897c6.svs
2136,SLD-5bbdd1f4.svs SLD-16f14aad.svs SLD-abf0f4bd.svs
2137,SLD-0b2f8580.svs SLD-0212585b.svs
2138,SLD-e3d48408.svs SLD-dd02e100.svs
2139,SLD-a5e3a719.svs
2140,
2141,SLD-95fc7389.svs
2142,SLD-0ecfb95b.svs SLD-71df24d9.svs
2143,SLD-c7afae8f.svs SLD-af8c96a9.svs SLD-57d1d37c.svs SLD-58e760bf.svs SLD-8f3e64f4.svs SLD-dfecb2ae.svs
2144,SLD-32d116fe.svs SLD-01ce5fc6.svs SLD-0876daaa.svs SLD-6783b0c3.svs SLD-96248805.svs
2145,SLD-eed15368.svs SLD-3e581dd5.svs SLD-4a9686a4.svs SLD-e7524102.svs SLD-277dfc7b.svs
2146,SLD-d1f15ee7.svs
2147,SLD-c90853fd.svs SLD-542d19c0.svs SLD-2d4ba5a4.svs
2148,SLD-a0d9da58.svs SLD-080638c9.svs SLD-ac73189c.svs SLD-496749fb.svs SLD-4bebcf4f.svs SLD-6fdc5e00.svs
2149,SLD-fef06b04.svs SLD-78a55d6b.svs SLD-68fc642a.svs
2150,SLD-1417d4f9.svs SLD-1a895c62.svs SLD-dd5aacc7.svs SLD-6d5b7d50.svs SLD-990e8f01.svs SLD-9ed9c124.svs SLD-b7c144fb.svs
2151,SLD-5d158e44.svs SLD-2fcf3b87.svs
2152,SLD-8d3ac4b9.svs SLD-c9f35bf8.svs SLD-26b1caba.svs SLD-38a7ac54.svs
2153,SLD-f2ded00f.svs SLD-fef06b04.svs SLD-68fc642a.svs SLD-82f4b48a.svs
2154,SLD-101bb5fa.svs SLD-6a480542.svs SLD-1965e435.svs SLD-07dc02b1.svs SLD-c618fc1e.svs
2155,SLD-a5387901.svs SLD-0b4cba0a.svs SLD-b2e74e77.svs SLD-cbf8e26a.svs
2156,SLD-469fc269.svs SLD-11ab249d.svs SLD-e291f5e1.svs SLD-eba08424.svs
2157,SLD-dba620f1.svs SLD-e47c98ea.svs SLD-96062930.svs SLD-28600311.svs
2158,SLD-58e760bf.svs
2159,SLD-ac7b7ab2.svs SLD-a8b56f85.svs SLD-24aeba79.svs SLD-346d2b7e.svs SLD-e4b82987.svs SLD-00d3d1af.svs SLD-98ba0f0e.svs
2160,SLD-e9184b9f.svs
2161,SLD-ce8c037e.svs SLD-be792965.svs SLD-dd1f8e30.svs SLD-731c877a.svs
2162,SLD-3cc4f772.svs SLD-d4088ff7.svs SLD-d7133061.svs
2163,SLD-5084a40f.svs SLD-6637c09f.svs SLD-4fab2ad8.svs
2164,SLD-d26d028d.svs SLD-d1f15ee7.svs
2165,SLD-7f6b8793.svs SLD-b318ad4c.svs SLD-bc18a40b.svs SLD-6d316b4a.svs SLD-55c7ed9d.svs SLD-1db2b452.svs SLD-09aedbd0.svs
2166,SLD-92a651d7.svs
2167,SLD-b931a26d.svs SLD-ef617cac.svs SLD-726e8017.svs
2168,SLD-7d718591.svs SLD-deffed7a.svs SLD-476c4878.svs SLD-ef38d426.svs SLD-20ca35ab.svs SLD-3fee2fc7.svs SLD-38553ac8.svs
2169,SLD-76a933cf.svs SLD-5b61f92b.svs
2170,SLD-2076d932.svs
2171,SLD-08f1100b.svs SLD-c5dd967b.svs SLD-8d56206d.svs
2172,SLD-53a9ec5d.svs SLD-437249fd.svs SLD-1cf4a8ed.svs
2173,SLD-b080e003.svs SLD-dbf2eed1.svs SLD-5e7f503c.svs
2174,SLD-6e3a52d7.svs SLD-9cf600ec.svs
2175,SLD-f1e7ea9b.svs SLD-c2112eda.svs SLD-ed2ee36f.svs SLD-e44a01f6.svs
2176,SLD-81011c5b.svs SLD-f110397a.svs SLD-94665d45.svs SLD-284b7bcd.svs SLD-a1d33772.svs
2177,SLD-d26d5396.svs SLD-1058fe8c.svs SLD-6e648043.svs SLD-1d7173e5.svs SLD-da54f267.svs SLD-5bc7fdeb.svs SLD-31234efe.svs
2178,SLD-7b38785b.svs SLD-0932f5b6.svs
2179,SLD-50de4292.svs SLD-2f16fb50.svs SLD-3e2aad3e.svs SLD-c13e66af.svs SLD-82221345.svs SLD-4a82e06a.svs SLD-390a9016.svs
2180,SLD-61994015.svs
2181,SLD-00fdec23.svs SLD-01d34690.svs SLD-23f1b67e.svs
2182,SLD-8a74bec5.svs
2183,SLD-4332559d.svs SLD-120961ea.svs SLD-4e3c0f2d.svs SLD-1e415c4e.svs
2184,SLD-01424249.svs SLD-a25130a8.svs
2185,SLD-48622a67.svs SLD-22696227.svs
2186,SLD-c315d334.svs
2187,SLD-2347b24f.svs SLD-9177b6d4.svs SLD-b270af55.svs SLD-1eda4209.svs
2188,SLD-fe38784b.svs SLD-50c6fa8c.svs SLD-9045a445.svs SLD-10345193.svs SLD-7c2b940d.svs SLD-f489362c.svs SLD-a07f7f47.svs
2189,SLD-92b035e0.svs SLD-0c15a575.svs SLD-9c899296.svs SLD-1ca5a2f5.svs
2190,SLD-ac98a368.svs SLD-3e2b6653.svs SLD-7176d181.svs SLD-a92c3c3e.svs
2191,SLD-abf0f4bd.svs SLD-269b6c3b.svs SLD-16f14aad.svs SLD-754724dd.svs SLD-7f107645.svs
2192,SLD-92e94e89.svs SLD-1734a26c.svs SLD-ce1bb02a.svs SLD-c202387b.svs SLD-adb6da35.svs SLD-cb4d18d6.svs SLD-99a2ecb1.svs
2193,SLD-9c19ed34.svs SLD-33b5b3ce.svs SLD-ab899605.svs SLD-a2939b3b.svs SLD-dfec4623.svs SLD-ff88ec82.svs SLD-8af58903.svs
2194,SLD-854df9b6.svs SLD-b4ca0142.svs SLD-5fdd5329.svs SLD-3b239fd8.svs SLD-6c749cf4.svs SLD-0d20f686.svs SLD-ced4dd7c.svs
2195,SLD-353e0c86.svs SLD-346d2b7e.svs SLD-e4b82987.svs SLD-00d3d1af.svs SLD-98ba0f0e.svs
2196,SLD-b9534807.svs SLD-b66b6b0b.svs SLD-53fb2ed1.svs
2197,SLD-c734bb05.svs SLD-992a34a1.svs SLD-9e0df45b.svs
2198,SLD-2a0b2040.svs SLD-daa6b26a.svs
2199,SLD-d1f15ee7.svs SLD-dcff697d.svs
2200,SLD-a38d8afc.svs SLD-10da8a95.svs SLD-fdd2ed7a.svs SLD-60257199.svs
2201,SLD-6b5a174d.svs SLD-7e240205.svs
2202,SLD-18f7e499.svs SLD-dfecb2ae.svs
2203,SLD-b7ed75b4.svs SLD-261cec19.svs SLD-2c05b870.svs SLD-cd34bcd7.svs
2204,SLD-1e709e19.svs SLD-08236adf.svs SLD-45a16970.svs SLD-3f7512c5.svs SLD-b49b93d5.svs
2205,SLD-57d1d37c.svs SLD-af8c96a9.svs SLD-c7afae8f.svs SLD-df61c534.svs SLD-18f7e499.svs SLD-dfecb2ae.svs
2206,SLD-4d29d77a.svs SLD-70bc3ec1.svs SLD-cf085288.svs SLD-79b68b95.svs SLD-f0041e32.svs
2207,SLD-553a773a.svs SLD-916b51ee.svs SLD-06c4e109.svs SLD-e9e7e1ba.svs SLD-6b325d48.svs SLD-6faefeda.svs SLD-c9a6e611.svs
2208,SLD-5a9414b8.svs SLD-bf1df687.svs
2209,SLD-99a2ecb1.svs SLD-cb4d18d6.svs SLD-849b8a44.svs SLD-92e94e89.svs
2210,SLD-916b51ee.svs SLD-553a773a.svs SLD-6faefeda.svs
2211,SLD-2452bc39.svs SLD-5e7f503c.svs
2212,SLD-d89331ac.svs SLD-77f4531b.svs SLD-258694b6.svs SLD-113c1836.svs SLD-c110412c.svs
2213,SLD-2347b24f.svs
2214,SLD-f0fcccc6.svs SLD-fb46ed39.svs SLD-8772c347.svs
2215,SLD-53ff6644.svs SLD-b5e2834d.svs SLD-2076d932.svs SLD-d47133e7.svs
2216,SLD-3fee2fc7.svs
2217,
2218,SLD-b49b93d5.svs
2219,SLD-598ca3b4.svs SLD-a795ac54.svs
2220,SLD-6faefeda.svs SLD-e9e7e1ba.svs SLD-c9a6e611.svs SLD-afb9f3a8.svs SLD-06c4e109.svs
2221,SLD-c202387b.svs SLD-ce1bb02a.svs SLD-849b8a44.svs SLD-92e94e89.svs SLD-1734a26c.svs
2222,SLD-905c053b.svs SLD-a36bcb01.svs SLD-7ce71b48.svs SLD-fba52e59.svs SLD-6c596216.svs
2223,SLD-f45da406.svs SLD-bbf9bb01.svs SLD-c618fc1e.svs SLD-27f9e728.svs
2224,SLD-fbf70946.svs SLD-4642cddb.svs SLD-4fbe2aae.svs SLD-7f6bf51b.svs
2225,SLD-a629d332.svs SLD-ba626aee.svs SLD-5ba830dc.svs
2226,SLD-38a7ac54.svs SLD-c9f35bf8.svs SLD-2fb01074.svs SLD-4d03cbdd.svs
2227,SLD-c602bd20.svs SLD-9c14940d.svs SLD-c1fa924e.svs SLD-5b2d81cc.svs SLD-17337a7c.svs SLD-53e83663.svs
2228,SLD-5028361f.svs SLD-a94501d7.svs
2229,SLD-6f6ddf79.svs
2230,SLD-ac98a368.svs
2231,SLD-3438b4e4.svs
2232,
2233,SLD-cad00273.svs SLD-57030ede.svs SLD-1e415c4e.svs SLD-889c8ae2.svs
2234,SLD-6d7fe9b2.svs SLD-739ac9e2.svs
2235,SLD-fdd2ed7a.svs SLD-16408169.svs SLD-60257199.svs SLD-a38d8afc.svs SLD-90823eda.svs SLD-ce5dc807.svs
2236,SLD-91d2125a.svs SLD-8a74bec5.svs
2237,SLD-58116722.svs SLD-e7524102.svs
2238,SLD-647640a1.svs SLD-24eac3f4.svs SLD-0c78c2f9.svs SLD-b6a659ef.svs SLD-e0acf9ff.svs
2239,SLD-2c2df3c2.svs
2240,SLD-5df5672b.svs SLD-992e7dea.svs SLD-aab6941b.svs SLD-d466c772.svs SLD-59e8484c.svs SLD-f6b4160b.svs
2241,SLD-aab6941b.svs SLD-d466c772.svs
2242,SLD-a27ee80d.svs SLD-6d3f4b37.svs SLD-f0bd7405.svs SLD-650dd400.svs SLD-70c455a9.svs
2243,SLD-e355c369.svs SLD-726e8017.svs SLD-c674d244.svs
2244,SLD-1e70e799.svs
2245,SLD-48a133ab.svs SLD-693d993c.svs SLD-28b4d5b9.svs SLD-c30759a4.svs SLD-9717aa6e.svs SLD-dd55daaf.svs SLD-eb1d1061.svs
2246,SLD-50c6fa8c.svs SLD-fe38784b.svs
2247,SLD-54a8762b.svs SLD-25e4979d.svs SLD-a5e3a719.svs SLD-7281b8a9.svs
2248,SLD-58bf3b9e.svs SLD-31e9ca80.svs SLD-8c94af98.svs SLD-a6245b59.svs SLD-c707aef9.svs
2249,SLD-13d72846.svs SLD-39ebfa32.svs SLD-bd2cdb8d.svs SLD-17776c3a.svs SLD-92dbd613.svs SLD-5e146c30.svs
2250,SLD-ed4879e7.svs
2251,SLD-c3121af6.svs SLD-3b7c1f9a.svs
2252,SLD-90e639e1.svs
2253,SLD-2cb38568.svs SLD-f1c51dda.svs SLD-291a58af.svs SLD-c781e11f.svs SLD-259a2b28.svs SLD-b22b8974.svs
2254,SLD-afd86432.svs SLD-fa999f9b.svs SLD-11035083.svs SLD-86de3365.svs SLD-afb120f4.svs SLD-14d4dad6.svs
2255,SLD-688181a8.svs SLD-eb1c3ba4.svs
2256,SLD-28280370.svs SLD-8c5c192f.svs
2257,SLD-88239867.svs SLD-8d56206d.svs
2258,SLD-864696c1.svs SLD-14827a89.svs
2259,SLD-b44788bd.svs SLD-b52f6009.svs SLD-e46232e7.svs SLD-0bee2ebd.svs
2260,SLD-dba620f1.svs SLD-3e1fa8ac.svs SLD-bda31488.svs SLD-e47c98ea.svs
2261,SLD-31234efe.svs SLD-1058fe8c.svs
2262,SLD-92a651d7.svs SLD-30f2c485.svs SLD-6f1bdd07.svs SLD-24039721.svs SLD-c069c542.svs SLD-1aff71ae.svs
2263,SLD-2f16fb50.svs SLD-3c9590d3.svs SLD-390a9016.svs
2264,SLD-c315d334.svs SLD-96062930.svs
2265,SLD-2835bcdb.svs SLD-1f9078d5.svs SLD-1eda4209.svs
2266,SLD-258694b6.svs
2267,SLD-c30759a4.svs
2268,SLD-afd86432.svs SLD-14d4dad6.svs
2269,SLD-becba4c8.svs SLD-706146ff.svs SLD-338f4acf.svs SLD-28702bb1.svs SLD-44e8a604.svs
2270,SLD-0542bd75.svs
2271,SLD-706146ff.svs SLD-b2c92c12.svs SLD-5931c9b4.svs SLD-9bd91220.svs SLD-28702bb1.svs SLD-44e8a604.svs
2272,SLD-b5cbb690.svs SLD-e5a15243.svs SLD-b17078ee.svs SLD-c7281f15.svs SLD-723dc8f5.svs
2273,
2274,SLD-992a34a1.svs SLD-052daad3.svs
2275,SLD-e4b82987.svs SLD-00d3d1af.svs
2276,SLD-b5178761.svs
2277,SLD-01275a63.svs SLD-88da091b.svs SLD-3bd5f8a2.svs
2278,SLD-7f411fed.svs SLD-65e04993.svs SLD-1e70e799.svs SLD-350d278d.svs
2279,SLD-53a9ec5d.svs
2280,SLD-ed7a6edf.svs SLD-dd5aacc7.svs SLD-6d5b7d50.svs SLD-990e8f01.svs SLD-1417d4f9.svs SLD-9ed9c124.svs SLD-1a895c62.svs
2281,SLD-c82a6c15.svs
2282,SLD-c857d8c3.svs SLD-579e9a46.svs SLD-30a31251.svs SLD-b4a06976.svs SLD-8df7a267.svs SLD-86fadb0e.svs
2283,SLD-3a19607d.svs SLD-7984f33f.svs SLD-2d58bce9.svs SLD-61c61ae4.svs SLD-6a594b07.svs
2284,SLD-69f12ccd.svs SLD-0fe1cedf.svs SLD-cbf8e26a.svs SLD-4fae667b.svs
2285,SLD-37fef6b5.svs SLD-c4c536fb.svs SLD-a100ed14.svs SLD-4c6e6fbb.svs SLD-4d18c103.svs SLD-1d4d1180.svs
2286,SLD-735b3a80.svs SLD-3fbdaeed.svs SLD-723dc8f5.svs SLD-c2eaf172.svs SLD-e5a15243.svs
2287,SLD-d9732b86.svs SLD-84403b37.svs SLD-e368f7d2.svs SLD-23d83f22.svs SLD-b13bad4e.svs
2288,SLD-6d316b4a.svs SLD-55c7ed9d.svs SLD-4d4985dc.svs SLD-7f6b8793.svs
2289,SLD-d020baee.svs SLD-2ca723c4.svs
2290,SLD-7281b8a9.svs SLD-6bf52dfd.svs
2291,SLD-488cac4e.svs SLD-ac2c10d0.svs
2292,SLD-7f6bf51b.svs SLD-4fbe2aae.svs SLD-024bfe48.svs SLD-fbf70946.svs SLD-398071b1.svs SLD-7ee1a2a3.svs
2293,SLD-59e8484c.svs SLD-25d203e3.svs SLD-992e7dea.svs SLD-d466c772.svs SLD-f6b4160b.svs
2294,SLD-5a9414b8.svs SLD-40aaec7a.svs
2295,SLD-48d8b9ef.svs SLD-bb9e5a02.svs
2296,
2297,SLD-7c2b940d.svs
2298,SLD-4384860c.svs SLD-8805ae31.svs
2299,SLD-de6fec4b.svs SLD-10fc9eee.svs SLD-0a66dc4e.svs SLD-21681081.svs SLD-399f8a8f.svs
2300,SLD-d26d028d.svs SLD-816480fa.svs SLD-d1f15ee7.svs
2301,SLD-5e6364c6.svs
2302,SLD-5df2e073.svs
2303,SLD-52b04994.svs SLD-a02ebb76.svs
2304,SLD-b7ed75b4.svs SLD-261cec19.svs
2305,SLD-7c8d5368.svs SLD-cfe4fb66.svs SLD-aaa28439.svs
2306,SLD-9c2e5562.svs
2307,SLD-65e04993.svs SLD-41a8a6e1.svs
2308,SLD-c5dd967b.svs SLD-432fb308.svs SLD-8d56206d.svs
2309,SLD-31e9ca80.svs SLD-c6c3744c.svs
2310,SLD-e368f7d2.svs SLD-b13bad4e.svs SLD-98decbf6.svs SLD-42734d1c.svs SLD-84403b37.svs SLD-0e5bc44c.svs
2311,SLD-9ef1c846.svs SLD-a3ef802e.svs
2312,SLD-a5387901.svs SLD-63b74101.svs SLD-b2e74e77.svs SLD-0b4cba0a.svs
2313,SLD-2b66b1c0.svs SLD-3b239fd8.svs SLD-6c749cf4.svs SLD-5fdd5329.svs SLD-0d20f686.svs
2314,SLD-284b7bcd.svs SLD-a1d33772.svs SLD-cbf1f93c.svs SLD-1c2c7a34.svs SLD-94665d45.svs
2315,SLD-5084a40f.svs SLD-6637c09f.svs SLD-849648e8.svs
2316,SLD-61067a8c.svs SLD-b4d4dfcc.svs SLD-4b5ca436.svs
2317,SLD-22696227.svs SLD-dc66a27b.svs SLD-85e74250.svs SLD-92f078b8.svs SLD-6a325333.svs
2318,SLD-d13ec39c.svs SLD-b8f35c26.svs SLD-ad0cabfc.svs
2319,SLD-c618fc1e.svs SLD-1965e435.svs SLD-6a480542.svs
2320,SLD-fd768f63.svs SLD-86fadb0e.svs SLD-8df7a267.svs SLD-b4a06976.svs SLD-30a31251.svs SLD-c857d8c3.svs SLD-579e9a46.svs
2321,SLD-3438b4e4.svs
2322,SLD-16f14aad.svs SLD-269b6c3b.svs SLD-abf0f4bd.svs SLD-4af0a6fe.svs SLD-754724dd.svs SLD-7f107645.svs SLD-3c740119.svs
2323,SLD-b49b93d5.svs SLD-a11b26b0.svs SLD-45a16970.svs SLD-43a061c4.svs SLD-3f7512c5.svs SLD-1e709e19.svs
2324,SLD-ac2c10d0.svs SLD-5a9414b8.svs SLD-e8a56f31.svs SLD-c15648ff.svs SLD-bf1df687.svs
2325,SLD-992a34a1.svs SLD-26c00984.svs
2326,SLD-91d2125a.svs SLD-dfb87708.svs
2327,SLD-08236adf.svs SLD-3f7512c5.svs
2328,SLD-5df2e073.svs SLD-813dd49a.svs SLD-a2834536.svs SLD-06792b47.svs SLD-95decd6e.svs
2329,SLD-c2112eda.svs SLD-4643d705.svs SLD-ed2ee36f.svs SLD-e44a01f6.svs
2330,SLD-b4ca0142.svs SLD-2b66b1c0.svs SLD-6c749cf4.svs SLD-0d20f686.svs SLD-5fdd5329.svs
2331,SLD-e8a56f31.svs
2332,SLD-d7a3283c.svs SLD-b4d4dfcc.svs
2333,SLD-f3ca5f64.svs SLD-a02ebb76.svs SLD-52b04994.svs SLD-4a8b77da.svs SLD-583678ee.svs SLD-5cfa38b1.svs
2334,SLD-53ff6644.svs SLD-919c21ed.svs
2335,SLD-2d8b5b41.svs SLD-1f12a0e9.svs SLD-586f1721.svs SLD-b1182d23.svs SLD-028d042b.svs SLD-078548d7.svs
2336,SLD-c15648ff.svs SLD-df0d6301.svs
2337,SLD-9cf600ec.svs SLD-6e3a52d7.svs
2338,SLD-1f94e3c8.svs SLD-f30459cc.svs SLD-5b8c4949.svs SLD-30c42d61.svs
2339,SLD-c13e66af.svs SLD-82221345.svs SLD-50de4292.svs SLD-4a82e06a.svs SLD-2f16fb50.svs SLD-3e2aad3e.svs SLD-3c9590d3.svs
2340,SLD-ef7dee1a.svs SLD-8476af98.svs SLD-b34dc8b0.svs SLD-40fe6898.svs SLD-c846bf90.svs
2341,SLD-20ca35ab.svs
2342,SLD-deb4e6c4.svs SLD-864696c1.svs SLD-5882e3bb.svs SLD-35a7c6ed.svs
2343,SLD-24039721.svs SLD-c069c542.svs
2344,SLD-b5cbb690.svs SLD-723dc8f5.svs SLD-e5a15243.svs SLD-3fbdaeed.svs SLD-c7281f15.svs
2345,SLD-e5a15243.svs SLD-c2eaf172.svs SLD-3fbdaeed.svs SLD-c7281f15.svs SLD-b5cbb690.svs
2346,SLD-4b1dd9fd.svs SLD-52b04994.svs
2347,SLD-7f107645.svs SLD-754724dd.svs SLD-3c740119.svs SLD-16f14aad.svs SLD-5bbdd1f4.svs
2348,SLD-0b09ec41.svs SLD-8a663359.svs SLD-abe0a177.svs SLD-30d6863f.svs
2349,SLD-78a55d6b.svs
2350,SLD-d26d5396.svs
2351,SLD-920c3de9.svs SLD-c5dd967b.svs SLD-88239867.svs SLD-08f1100b.svs
2352,SLD-d26d5396.svs SLD-31234efe.svs SLD-1d7173e5.svs SLD-1058fe8c.svs SLD-dd138266.svs
2353,SLD-399f8a8f.svs SLD-0a66dc4e.svs SLD-0a1727f7.svs SLD-10fc9eee.svs
2354,SLD-444517ef.svs SLD-bb5f15c1.svs SLD-cb18d6a4.svs SLD-603803f3.svs
2355,SLD-d8a1a546.svs SLD-bf5545ce.svs SLD-272eaa36.svs SLD-54a6087c.svs SLD-de386aeb.svs SLD-ea96abe6.svs SLD-e642965c.svs
2356,SLD-e7aad070.svs SLD-5153f737.svs
2357,SLD-a4a98266.svs SLD-d97d2b38.svs SLD-2ab465e9.svs SLD-8463416a.svs SLD-e0efc989.svs SLD-d3d6362b.svs
2358,SLD-61c61ae4.svs SLD-7984f33f.svs SLD-6a594b07.svs SLD-3a19607d.svs SLD-ed0d0418.svs
2359,SLD-496749fb.svs SLD-b2e02961.svs SLD-a0d9da58.svs SLD-4bebcf4f.svs
2360,SLD-3e2aad3e.svs SLD-2f16fb50.svs
2361,SLD-c2112eda.svs
2362,SLD-52177eb7.svs SLD-4b1678e4.svs SLD-5f20f406.svs SLD-ba6a098f.svs SLD-70f8dd99.svs
2363,SLD-53f3c158.svs SLD-40fe6898.svs SLD-b56b9357.svs SLD-ef7dee1a.svs
2364,SLD-65fd5f69.svs SLD-6e3a52d7.svs
2365,SLD-14827a89.svs SLD-deb4e6c4.svs SLD-d658b1b3.svs SLD-35a7c6ed.svs SLD-5882e3bb.svs SLD-3012ae1c.svs SLD-5e6364c6.svs
2366,SLD-7ce71b48.svs SLD-fba52e59.svs SLD-a36bcb01.svs
2367,SLD-6253dfe3.svs SLD-4aaeb212.svs SLD-f19b43da.svs SLD-50ae2652.svs SLD-b9f94ec6.svs SLD-09cd3bdf.svs
2368,SLD-affe2554.svs SLD-7281b8a9.svs SLD-6bf52dfd.svs SLD-54a8762b.svs SLD-25e4979d.svs SLD-e5aef699.svs SLD-a5e3a719.svs
2369,SLD-15db4487.svs SLD-603803f3.svs
2370,SLD-defa7864.svs SLD-0e96ed9b.svs
2371,SLD-7176d181.svs SLD-3e2b6653.svs SLD-af3cb9d0.svs SLD-9c272c51.svs SLD-dfc8b87a.svs
2372,SLD-6aeb5a32.svs SLD-196d362d.svs SLD-8fad725d.svs
2373,SLD-16f14aad.svs SLD-7f107645.svs SLD-754724dd.svs
2374,SLD-bc6284a8.svs SLD-7e3801af.svs
2375,SLD-7c2b940d.svs SLD-958cd60e.svs SLD-50c6fa8c.svs SLD-fe38784b.svs
2376,SLD-be3feafd.svs SLD-2fcf3b87.svs SLD-3be95767.svs SLD-0e96ed9b.svs SLD-5d158e44.svs
2377,SLD-6f6ddf79.svs SLD-e5aef699.svs SLD-54a8762b.svs SLD-7281b8a9.svs
2378,SLD-0bee2ebd.svs SLD-05727bb5.svs
2379,SLD-68afe2b8.svs SLD-80245320.svs SLD-63eaa07f.svs SLD-ebe7ef91.svs SLD-00cbd313.svs
2380,SLD-dfc8b87a.svs SLD-3957f082.svs SLD-9c272c51.svs SLD-3e2b6653.svs
2381,SLD-51abf5e5.svs SLD-e4bacd78.svs SLD-4168705a.svs SLD-533c9a31.svs SLD-74aba9fc.svs SLD-8930d179.svs SLD-cb775e24.svs
2382,SLD-0dd35d11.svs SLD-d5cf2dc4.svs SLD-ed469bf4.svs SLD-70d22718.svs SLD-688181a8.svs
2383,SLD-5bf57279.svs SLD-4704768e.svs SLD-5bd71dc6.svs
2384,SLD-5b471c43.svs SLD-e6e4b8df.svs SLD-1349747a.svs SLD-f4dd05d5.svs SLD-a1cba182.svs SLD-0b6d9611.svs
2385,SLD-8625dcb0.svs SLD-ae63ad3a.svs
2386,SLD-052daad3.svs
2387,SLD-03927935.svs
2388,SLD-e355c369.svs SLD-69083bd6.svs SLD-c674d244.svs SLD-061f5679.svs
2389,SLD-1b4e1428.svs SLD-da418b24.svs SLD-e0acf9ff.svs SLD-88d3281a.svs SLD-b6a659ef.svs SLD-647640a1.svs
2390,SLD-11fba56e.svs SLD-8c833848.svs SLD-2c805ac7.svs SLD-efa2ce12.svs
2391,SLD-d7a3283c.svs SLD-953c178e.svs SLD-c8bf23fb.svs SLD-4b5ca436.svs
2392,SLD-5931c9b4.svs SLD-338f4acf.svs SLD-becba4c8.svs SLD-28702bb1.svs SLD-b2c92c12.svs SLD-706146ff.svs SLD-9bd91220.svs
2393,SLD-a5387901.svs SLD-4fae667b.svs SLD-cbf8e26a.svs SLD-0fe1cedf.svs SLD-b2e74e77.svs SLD-69f12ccd.svs
2394,SLD-55c7ed9d.svs SLD-1db2b452.svs SLD-09aedbd0.svs SLD-bc18a40b.svs
2395,SLD-b3c161c3.svs SLD-99e8c828.svs SLD-12bdf75f.svs SLD-dc68d4fd.svs SLD-13f2a37c.svs SLD-21da132c.svs
2396,SLD-28280370.svs SLD-2cb38568.svs SLD-8c5c192f.svs
2397,SLD-a25130a8.svs SLD-9870c707.svs SLD-01424249.svs SLD-b4577bf7.svs SLD-fb24cba4.svs
2398,SLD-69f12ccd.svs SLD-b2e74e77.svs SLD-63b74101.svs SLD-cbf8e26a.svs
2399,SLD-ac7b7ab2.svs SLD-24aeba79.svs SLD-00d3d1af.svs
2400,SLD-398071b1.svs SLD-7f6bf51b.svs
2401,SLD-42965873.svs SLD-a867a0f0.svs SLD-ab1e6794.svs SLD-39d5b552.svs
2402,SLD-ade6c5e9.svs SLD-379deda1.svs
2403,SLD-3e2b6653.svs SLD-ac98a368.svs SLD-a92c3c3e.svs SLD-af3cb9d0.svs
2404,SLD-17b18e6e.svs SLD-3b7c1f9a.svs
2405,SLD-8d3ac4b9.svs SLD-c9f35bf8.svs SLD-2fb01074.svs SLD-4d03cbdd.svs SLD-26b1caba.svs
2406,SLD-ca20854d.svs SLD-a1cba182.svs SLD-e6e4b8df.svs SLD-f4dd05d5.svs
2407,SLD-5ba830dc.svs SLD-542d19c0.svs SLD-2d4ba5a4.svs
2408,SLD-23f1b67e.svs SLD-598ca3b4.svs SLD-00fdec23.svs SLD-01d34690.svs SLD-c963d148.svs
2409,SLD-04fe973d.svs
2410,SLD-b2e02961.svs SLD-080638c9.svs
2411,SLD-e9e7e1ba.svs SLD-6faefeda.svs
2412,SLD-17b18e6e.svs SLD-ad9d1f42.svs SLD-8b32992a.svs SLD-f5feba5e.svs
2413,SLD-25e4979d.svs SLD-6f6ddf79.svs
2414,SLD-8d3ac4b9.svs
2415,SLD-f25a3c68.svs SLD-b8bc6621.svs SLD-0262a5aa.svs
2416,SLD-d8a230de.svs SLD-14d4dad6.svs SLD-86de3365.svs SLD-fa999f9b.svs SLD-ddfae808.svs SLD-afd86432.svs
2417,SLD-00cbd313.svs
2418,SLD-b2e02961.svs
2419,SLD-437249fd.svs
2420,SLD-4f8e3e01.svs
2421,SLD-2fcf3b87.svs SLD-3be95767.svs SLD-a217cf25.svs SLD-defa7864.svs
2422,SLD-0b09ec41.svs SLD-abe0a177.svs
2423,SLD-852d2ee5.svs SLD-0061fd30.svs
2424,SLD-2b021118.svs SLD-8625dcb0.svs SLD-d5511e14.svs SLD-e18d99ce.svs SLD-ae63ad3a.svs SLD-94d7f681.svs SLD-beb778d6.svs
2425,SLD-cbf8e26a.svs SLD-4fae667b.svs SLD-63b74101.svs
2426,SLD-93a25c9b.svs SLD-76a933cf.svs SLD-65fd5f69.svs
2427,SLD-29bccee9.svs SLD-8e36b82f.svs SLD-f40d2a37.svs
2428,SLD-f4dd05d5.svs SLD-ca20854d.svs SLD-7499b28c.svs SLD-5b471c43.svs SLD-1349747a.svs
2429,SLD-e0acf9ff.svs SLD-88d3281a.svs SLD-da418b24.svs
2430,SLD-5d158e44.svs SLD-be3feafd.svs SLD-a217cf25.svs SLD-15ac15c3.svs SLD-2fcf3b87.svs
2431,SLD-553a773a.svs SLD-c9a6e611.svs SLD-afb9f3a8.svs SLD-6faefeda.svs
2432,SLD-77f4531b.svs SLD-113c1836.svs SLD-d89331ac.svs SLD-38431ed6.svs SLD-fde9d47d.svs SLD-1d010478.svs
2433,SLD-8cffbbb1.svs SLD-9750ca7e.svs
2434,SLD-8e50c79a.svs SLD-1519401c.svs
2435,SLD-69083bd6.svs
2436,SLD-fe38784b.svs SLD-a07f7f47.svs
2437,SLD-8c94af98.svs SLD-a6245b59.svs
2438,SLD-c5826444.svs SLD-0ea255e0.svs SLD-8b1f1137.svs SLD-1519401c.svs SLD-d21276c2.svs SLD-8e50c79a.svs SLD-848610cf.svs
2439,SLD-084fa819.svs SLD-26c00984.svs
2440,SLD-3d3703f8.svs
2441,SLD-b4134208.svs SLD-425832c0.svs
2442,SLD-084fa819.svs SLD-21f8c156.svs SLD-9e0df45b.svs
2443,SLD-90a2b8e1.svs SLD-d26d028d.svs SLD-141bd896.svs SLD-55e9718e.svs
2444,SLD-7c96eefa.svs
2445,SLD-01ce5fc6.svs SLD-0876daaa.svs SLD-dcae667e.svs SLD-8f08963c.svs SLD-32d116fe.svs
2446,SLD-702a5b67.svs SLD-5f653800.svs
2447,SLD-106861d3.svs SLD-1f94e3c8.svs
2448,SLD-4af0a6fe.svs SLD-7f107645.svs SLD-754724dd.svs SLD-abf0f4bd.svs SLD-269b6c3b.svs SLD-5bbdd1f4.svs
2449,SLD-6d316b4a.svs SLD-b318ad4c.svs SLD-1db2b452.svs SLD-7f6b8793.svs SLD-4d4985dc.svs SLD-bc18a40b.svs SLD-09aedbd0.svs
2450,SLD-fef06b04.svs SLD-68fc642a.svs
2451,SLD-95e19cb6.svs
2452,SLD-0932f5b6.svs SLD-dd02e100.svs SLD-6af944e0.svs SLD-f11ddff7.svs
2453,SLD-d97d2b38.svs SLD-d3d6362b.svs SLD-e0efc989.svs SLD-2ab465e9.svs
2454,SLD-269b6c3b.svs SLD-16f14aad.svs SLD-abf0f4bd.svs
2455,
2456,SLD-40e3469f.svs
2457,SLD-fc9ea692.svs SLD-5ba830dc.svs
2458,SLD-6b5a174d.svs SLD-34367eaa.svs SLD-c095e099.svs
2459,SLD-b1182d23.svs SLD-5bf80676.svs
2460,SLD-01424249.svs
2461,SLD-61c61ae4.svs SLD-eda67806.svs SLD-3bfb255e.svs SLD-7984f33f.svs SLD-6a594b07.svs
2462,SLD-12bdf75f.svs SLD-dc68d4fd.svs SLD-99e8c828.svs SLD-21da132c.svs SLD-0542bd75.svs SLD-64d02759.svs SLD-b3c161c3.svs
2463,SLD-e8ef99e9.svs SLD-0262a5aa.svs SLD-edec31ef.svs SLD-f25a3c68.svs SLD-f2d7fe55.svs SLD-7afc50cd.svs SLD-aa099a46.svs
2464,SLD-c6f149c7.svs SLD-0c15a575.svs SLD-1ca5a2f5.svs SLD-92b035e0.svs SLD-09c64c1d.svs SLD-ecf150e6.svs SLD-9c899296.svs
2465,SLD-338f4acf.svs
2466,SLD-fbf70946.svs SLD-7f6bf51b.svs SLD-7ee1a2a3.svs SLD-4642cddb.svs
2467,SLD-ade6c5e9.svs SLD-156af458.svs SLD-385af463.svs
2468,SLD-fe38784b.svs
2469,SLD-c88e03b6.svs
2470,SLD-8b32992a.svs SLD-f5feba5e.svs SLD-c2953f51.svs SLD-ad9d1f42.svs SLD-3b7c1f9a.svs SLD-7f67ee1a.svs SLD-17b18e6e.svs
2471,SLD-50ae2652.svs
2472,SLD-9b050db2.svs SLD-46e785ad.svs SLD-8ee4fd02.svs
2473,SLD-8f08963c.svs
2474,SLD-01ce5fc6.svs SLD-6783b0c3.svs
2475,SLD-f489362c.svs SLD-a07f7f47.svs
2476,SLD-e5aef699.svs SLD-affe2554.svs SLD-6f6ddf79.svs SLD-7281b8a9.svs
2477,SLD-877a2133.svs SLD-a3155940.svs
2478,SLD-61c61ae4.svs SLD-3a19607d.svs
2479,SLD-d7a3283c.svs
2480,SLD-b56b9357.svs SLD-b34dc8b0.svs SLD-425de95f.svs SLD-8476af98.svs
2481,SLD-7176d181.svs SLD-3e2b6653.svs
2482,SLD-f110397a.svs SLD-284b7bcd.svs SLD-81011c5b.svs
2483,SLD-0fe1cedf.svs SLD-a5387901.svs SLD-0b4cba0a.svs SLD-4fae667b.svs SLD-69f12ccd.svs SLD-b2e74e77.svs
2484,SLD-dc2151e1.svs SLD-7e56ac3d.svs SLD-4312ece2.svs SLD-552ae5ca.svs
2485,SLD-078548d7.svs SLD-586f1721.svs SLD-b1182d23.svs SLD-2d8b5b41.svs SLD-1f12a0e9.svs
2486,SLD-31cb5e8e.svs
2487,SLD-ba626aee.svs SLD-5ba830dc.svs SLD-2d4ba5a4.svs
2488,SLD-a0d9da58.svs SLD-080638c9.svs SLD-496749fb.svs
2489,SLD-9b050db2.svs SLD-1bce35d8.svs SLD-27649a62.svs SLD-cbe88a3f.svs
2490,SLD-432fb308.svs SLD-88239867.svs SLD-fa3222c4.svs SLD-920c3de9.svs SLD-08f1100b.svs SLD-ef208346.svs
2491,SLD-39b66d71.svs SLD-f367dbe2.svs SLD-40e3469f.svs SLD-e9184b9f.svs SLD-88653e42.svs
2492,SLD-dbf2eed1.svs
2493,SLD-63b74101.svs SLD-69f12ccd.svs SLD-cbf8e26a.svs SLD-0fe1cedf.svs SLD-4fae667b.svs SLD-0b4cba0a.svs SLD-b2e74e77.svs
2494,SLD-05727bb5.svs SLD-e46232e7.svs
2495,SLD-ed28508d.svs SLD-bdaa3bfa.svs SLD-6c148fc6.svs SLD-8cffbbb1.svs SLD-9750ca7e.svs
2496,SLD-ef7f6bc8.svs
2497,SLD-8d3ac4b9.svs SLD-c9f35bf8.svs SLD-cc869dea.svs
2498,SLD-f1c51dda.svs SLD-c781e11f.svs
2499,SLD-4e98ce25.svs SLD-5b2d81cc.svs SLD-53e83663.svs SLD-c1fa924e.svs SLD-9c14940d.svs
2500,SLD-329cd43a.svs
2501,SLD-92dbd613.svs
2502,SLD-49bcf4a8.svs SLD-e65d1c73.svs SLD-e1c25cd1.svs
2503,SLD-5f653800.svs SLD-d7de701d.svs SLD-640ca20c.svs
2504,SLD-d3b564b0.svs SLD-8be04c3e.svs SLD-32ae2a20.svs SLD-25777cf0.svs
2505,SLD-258694b6.svs SLD-77f4531b.svs SLD-113c1836.svs SLD-1d010478.svs
2506,
2507,SLD-f9d0a163.svs
2508,SLD-30f2c485.svs SLD-75fd3537.svs
2509,SLD-af8c96a9.svs SLD-57d1d37c.svs SLD-dfecb2ae.svs
2510,SLD-13d72846.svs
2511,SLD-1db2b452.svs SLD-b318ad4c.svs SLD-55c7ed9d.svs SLD-bc18a40b.svs
2512,SLD-ec3826bc.svs SLD-40fe81ec.svs SLD-aaa28439.svs SLD-c6962905.svs SLD-b259a6a0.svs
2513,SLD-f8cc3f3b.svs SLD-357f0a64.svs
2514,SLD-20ca35ab.svs
2515,SLD-dca5b353.svs SLD-2922fbd8.svs
2516,SLD-9717aa6e.svs SLD-dd55daaf.svs
2517,SLD-0a66dc4e.svs
2518,SLD-14827a89.svs SLD-5882e3bb.svs SLD-deb4e6c4.svs SLD-3012ae1c.svs SLD-35a7c6ed.svs SLD-d658b1b3.svs
2519,SLD-024bfe48.svs
2520,SLD-5e87905a.svs SLD-605dd4d6.svs SLD-71df24d9.svs
2521,SLD-3fafa217.svs SLD-2c2df3c2.svs SLD-6a27241f.svs
2522,SLD-476c4878.svs SLD-20ca35ab.svs
2523,SLD-11035083.svs SLD-afd86432.svs SLD-14d4dad6.svs SLD-fa999f9b.svs
2524,SLD-813dd49a.svs SLD-cfdef303.svs SLD-8d99743c.svs SLD-a2834536.svs SLD-95decd6e.svs SLD-53f04099.svs
2525,SLD-edec31ef.svs
2526,SLD-54a1d505.svs SLD-a7f5195c.svs SLD-de62d43f.svs
2527,SLD-00cbd313.svs SLD-1f626a97.svs
2528,SLD-e1a9344e.svs
2529,SLD-08f1100b.svs SLD-88239867.svs SLD-432fb308.svs SLD-ef208346.svs
2530,SLD-d7f14ec2.svs SLD-8e4a295d.svs
2531,SLD-e30d04fd.svs SLD-daa6b26a.svs SLD-ed4879e7.svs SLD-2a0b2040.svs SLD-0ef05b6f.svs SLD-efd164ee.svs SLD-b58c1e9f.svs
2532,SLD-a96e2bf4.svs SLD-ac91c01e.svs
2533,SLD-86fadb0e.svs SLD-b4a06976.svs SLD-5163de1d.svs SLD-579e9a46.svs SLD-30a31251.svs SLD-8df7a267.svs
2534,SLD-ccd66756.svs SLD-2ca723c4.svs SLD-95fc7389.svs SLD-d020baee.svs SLD-14aaaefe.svs
2535,SLD-28600311.svs SLD-bda31488.svs SLD-96062930.svs
2536,SLD-0e5bc44c.svs SLD-e368f7d2.svs SLD-b13bad4e.svs SLD-98decbf6.svs SLD-23d83f22.svs SLD-84403b37.svs SLD-d9732b86.svs
2537,SLD-385af463.svs SLD-ade6c5e9.svs
2538,SLD-8eeb3fd8.svs
2539,SLD-425de95f.svs SLD-ef7dee1a.svs SLD-8476af98.svs SLD-40fe6898.svs
2540,SLD-06792b47.svs SLD-95decd6e.svs
2541,SLD-bd2cdb8d.svs SLD-92dbd613.svs SLD-17776c3a.svs
2542,SLD-25d203e3.svs SLD-f6b4160b.svs SLD-5df5672b.svs SLD-5ba48aa0.svs SLD-d466c772.svs SLD-59e8484c.svs
2543,SLD-fb46ed39.svs SLD-28948b4c.svs SLD-31cb5e8e.svs SLD-a1832fdb.svs SLD-5abec113.svs SLD-ae2562ca.svs
2544,SLD-05727bb5.svs SLD-b44788bd.svs SLD-0bee2ebd.svs SLD-35c3de95.svs SLD-e46232e7.svs
2545,SLD-47595b01.svs SLD-f3254f2d.svs
2546,SLD-6c749cf4.svs SLD-5fdd5329.svs SLD-0d20f686.svs
2547,SLD-72323dc9.svs SLD-6df2fc82.svs SLD-c3a31607.svs SLD-f5652d00.svs
2548,SLD-cbf8e26a.svs
2549,SLD-00fdec23.svs SLD-c963d148.svs
2550,SLD-3ad23fbf.svs
2551,SLD-def1274a.svs SLD-8c3fa29f.svs SLD-fa4b0bc6.svs SLD-5121f31f.svs SLD-a94501d7.svs
2552,SLD-6a27241f.svs SLD-bb9e5a02.svs SLD-48d8b9ef.svs SLD-bc6ff6ac.svs SLD-e139d15d.svs
2553,SLD-4fab2ad8.svs SLD-849648e8.svs SLD-8091a21d.svs
2554,SLD-8091a21d.svs
2555,SLD-7c8d5368.svs SLD-ec3826bc.svs
2556,SLD-7ee1a2a3.svs SLD-d6ada066.svs
2557,SLD-5abec113.svs
2558,SLD-f22a4fc6.svs SLD-d7133061.svs
2559,SLD-e6b920da.svs SLD-3438b4e4.svs SLD-4b1678e4.svs SLD-5f20f406.svs
2560,SLD-b8d13539.svs SLD-d8efb5c9.svs SLD-e7a2d2d0.svs SLD-697b8538.svs SLD-0ff73f25.svs SLD-75fc1b10.svs
2561,SLD-e4b82987.svs SLD-353e0c86.svs SLD-346d2b7e.svs SLD-24aeba79.svs SLD-a8b56f85.svs
2562,SLD-9c272c51.svs SLD-ac98a368.svs SLD-af3cb9d0.svs SLD-a92c3c3e.svs SLD-3e2b6653.svs SLD-7176d181.svs SLD-3957f082.svs
2563,SLD-7499b28c.svs
2564,SLD-0dd35d11.svs SLD-d5cf2dc4.svs SLD-13d1ea49.svs SLD-5b9e42d0.svs
2565,SLD-99e8c828.svs SLD-64d02759.svs SLD-21da132c.svs
2566,SLD-3e581dd5.svs
2567,SLD-b7d779cc.svs SLD-61067a8c.svs SLD-b4d4dfcc.svs SLD-d7a3283c.svs SLD-953c178e.svs SLD-27e969e2.svs
2568,SLD-213124bd.svs
2569,SLD-ff7acd86.svs SLD-d5e8b89c.svs SLD-e291f5e1.svs SLD-94d50a99.svs SLD-11ab249d.svs SLD-409b3c5b.svs
2570,SLD-53e83663.svs SLD-e1bccfb2.svs SLD-c602bd20.svs SLD-5b2d81cc.svs SLD-4e98ce25.svs
2571,SLD-1965e435.svs
2572,SLD-8a647b9f.svs SLD-e46232e7.svs
2573,SLD-5121f31f.svs
2574,SLD-2fcf3b87.svs SLD-0e96ed9b.svs
2575,SLD-e38690e7.svs SLD-d1c3d1bc.svs SLD-809e2109.svs
2576,SLD-92a651d7.svs SLD-75fd3537.svs SLD-24039721.svs SLD-30f2c485.svs
2577,SLD-8513d91e.svs SLD-6a325333.svs SLD-22696227.svs SLD-4a294067.svs SLD-85e74250.svs
2578,SLD-f9df7275.svs SLD-c3edd9b7.svs SLD-61994015.svs
2579,SLD-23b870f3.svs
2580,SLD-f0fcccc6.svs SLD-28948b4c.svs
2581,SLD-29bccee9.svs SLD-f40d2a37.svs
2582,SLD-d9732b86.svs
2583,SLD-2cbb93c2.svs
2584,SLD-2b66b1c0.svs SLD-6c749cf4.svs
2585,SLD-1c2c7a34.svs
2586,SLD-2a6f1e47.svs SLD-76a933cf.svs
2587,SLD-69083bd6.svs SLD-726e8017.svs SLD-ef617cac.svs
2588,SLD-a6245b59.svs SLD-58bf3b9e.svs
2589,SLD-d6ada066.svs
2590,SLD-2347b24f.svs SLD-5f2e9167.svs
2591,SLD-b17078ee.svs SLD-b5cbb690.svs SLD-c2eaf172.svs SLD-c7281f15.svs
2592,SLD-b5cbb690.svs
2593,SLD-6e05724d.svs SLD-43a061c4.svs SLD-b49b93d5.svs SLD-3f7512c5.svs SLD-45a16970.svs
2594,SLD-b287c440.svs
2595,SLD-f367dbe2.svs SLD-cefe73ec.svs SLD-39b66d71.svs SLD-e9184b9f.svs
2596,SLD-5e4af862.svs SLD-b6e355f6.svs SLD-fd0ba70e.svs SLD-ade6c5e9.svs SLD-156af458.svs
2597,SLD-92e94e89.svs SLD-ce1bb02a.svs SLD-99a2ecb1.svs SLD-cb4d18d6.svs SLD-c202387b.svs SLD-849b8a44.svs SLD-adb6da35.svs
2598,SLD-91fcfe88.svs SLD-4124405b.svs
2599,SLD-88a0edce.svs
2600,SLD-e4751694.svs SLD-517fa07e.svs SLD-b8f35c26.svs
2601,SLD-5d443821.svs SLD-28d798b4.svs SLD-2e573864.svs SLD-43eb280e.svs
2602,SLD-09aedbd0.svs
2603,SLD-6e05724d.svs SLD-08236adf.svs SLD-1e709e19.svs SLD-a11b26b0.svs SLD-43a061c4.svs SLD-3f7512c5.svs SLD-45a16970.svs
2604,SLD-28948b4c.svs
2605,SLD-b7d779cc.svs
2606,SLD-956c2129.svs
2607,SLD-28702bb1.svs SLD-becba4c8.svs SLD-44e8a604.svs SLD-706146ff.svs SLD-b2c92c12.svs
2608,SLD-9177b6d4.svs SLD-1eda4209.svs
2609,SLD-402988fd.svs SLD-fa7bff5f.svs SLD-357f0a64.svs SLD-571c9d78.svs SLD-1db1dfdc.svs
2610,SLD-04fe973d.svs SLD-2c05b870.svs
2611,SLD-22696227.svs SLD-92f078b8.svs
2612,SLD-c82a6c15.svs SLD-8ecb4971.svs SLD-d61a43f2.svs SLD-b5178761.svs
2613,SLD-ff7acd86.svs SLD-409b3c5b.svs SLD-11ab249d.svs SLD-469fc269.svs SLD-eba08424.svs
2614,SLD-5e6364c6.svs SLD-3012ae1c.svs
2615,SLD-c2eaf172.svs SLD-735b3a80.svs SLD-3fbdaeed.svs
2616,SLD-f48ef9a8.svs SLD-6aeb5a32.svs
2617,SLD-fa92cd28.svs SLD-37fef6b5.svs SLD-a100ed14.svs SLD-01fda698.svs
2618,SLD-451437d6.svs SLD-566ff3ec.svs SLD-7e083c1b.svs
2619,SLD-8c5c192f.svs SLD-f1c51dda.svs SLD-28280370.svs SLD-2cb38568.svs
2620,SLD-9ad7558f.svs
2621,SLD-0c15a575.svs SLD-00f24603.svs SLD-09c64c1d.svs
2622,SLD-e355c369.svs SLD-b931a26d.svs SLD-726e8017.svs SLD-ef617cac.svs SLD-7b056d02.svs
2623,SLD-3346f7c6.svs SLD-681091fe.svs SLD-2db6de21.svs SLD-437249fd.svs
2624,SLD-08f1100b.svs SLD-920c3de9.svs
2625,SLD-dd9539fc.svs SLD-c471e21a.svs
2626,SLD-27f9e728.svs SLD-1965e435.svs SLD-bbf9bb01.svs SLD-07dc02b1.svs SLD-c618fc1e.svs SLD-f45da406.svs
2627,SLD-7e3801af.svs SLD-bc6284a8.svs SLD-9f93e802.svs SLD-5b62a7c9.svs SLD-d1a8d7b0.svs SLD-49bcf4a8.svs SLD-e65d1c73.svs
2628,SLD-3a8d1c00.svs SLD-cfe4fb66.svs SLD-7c8d5368.svs SLD-c6962905.svs SLD-aaa28439.svs
2629,SLD-ccf719ab.svs SLD-dca5b353.svs SLD-75f2bc20.svs SLD-de62d43f.svs
2630,SLD-d197b561.svs SLD-70bc3ec1.svs SLD-4bc01de3.svs SLD-23aa9e67.svs
2631,SLD-b3c161c3.svs SLD-21da132c.svs
2632,SLD-531da6ac.svs SLD-0a9d499c.svs SLD-4bc972ce.svs SLD-2d492ca2.svs
2633,SLD-58116722.svs SLD-1ee1723b.svs SLD-4a9686a4.svs SLD-e7524102.svs SLD-277dfc7b.svs SLD-3e581dd5.svs
2634,SLD-dfc8b87a.svs SLD-a92c3c3e.svs SLD-af3cb9d0.svs
2635,SLD-c4841a8d.svs
2636,SLD-5bd71dc6.svs SLD-ea75e34d.svs SLD-a1d53402.svs
2637,SLD-d89331ac.svs
2638,SLD-284b7bcd.svs
2639,SLD-da418b24.svs SLD-1b4e1428.svs SLD-0c78c2f9.svs
2640,SLD-6480fdc0.svs SLD-f1c58f44.svs SLD-566ff3ec.svs
2641,SLD-72323dc9.svs
2642,SLD-79009c61.svs SLD-ab12fb53.svs
2643,SLD-53ff6644.svs
2644,SLD-cef980ce.svs SLD-f7cd0b75.svs SLD-c471e21a.svs SLD-beb9c9e2.svs
2645,SLD-b5e2834d.svs SLD-53ff6644.svs SLD-d47133e7.svs
2646,SLD-8a74bec5.svs SLD-dfb87708.svs SLD-ca6cb87c.svs SLD-698eecba.svs
2647,SLD-cfdef303.svs SLD-a2834536.svs SLD-813dd49a.svs SLD-53f04099.svs
2648,SLD-91fd7d4a.svs SLD-5a31a6a6.svs SLD-739ac9e2.svs SLD-6d7fe9b2.svs
2649,SLD-5a31a6a6.svs SLD-9b87cc5e.svs
2650,SLD-3e1fa8ac.svs SLD-bda31488.svs SLD-35bbcdb0.svs
2651,SLD-dd9539fc.svs SLD-3d3703f8.svs
2652,SLD-a0d9da58.svs SLD-3db4cb81.svs SLD-4bebcf4f.svs SLD-496749fb.svs
2653,SLD-cef980ce.svs SLD-3d3703f8.svs SLD-beb9c9e2.svs SLD-f7cd0b75.svs SLD-dd9539fc.svs
2654,SLD-0212585b.svs SLD-3bd5f8a2.svs SLD-01275a63.svs
2655,SLD-ce8c037e.svs SLD-e51c0cdb.svs SLD-b6bca2a2.svs SLD-824734df.svs SLD-731c877a.svs SLD-dd1f8e30.svs
2656,SLD-5bd71dc6.svs SLD-ea75e34d.svs
2657,SLD-6e648043.svs
2658,SLD-fff83cec.svs
2659,SLD-c846bf90.svs SLD-425de95f.svs SLD-ef7dee1a.svs
2660,SLD-a5e3a719.svs SLD-6bf52dfd.svs SLD-25e4979d.svs SLD-affe2554.svs
2661,SLD-084fa819.svs SLD-26c00984.svs
2662,SLD-571c9d78.svs SLD-402988fd.svs
2663,SLD-63d0fccd.svs
2664,SLD-a02ebb76.svs
2665,SLD-07fe6a4e.svs SLD-2a6f1e47.svs
2666,SLD-fa999f9b.svs SLD-14d4dad6.svs SLD-afb120f4.svs SLD-ddfae808.svs SLD-11035083.svs
2667,SLD-68f49b51.svs
2668,SLD-ae0fdbc8.svs SLD-fba52e59.svs SLD-a36bcb01.svs SLD-25fdacbe.svs
2669,SLD-39d5b552.svs SLD-ab1e6794.svs SLD-a867a0f0.svs SLD-a8e6a772.svs SLD-abecfc0b.svs
2670,SLD-1e70e799.svs SLD-350d278d.svs SLD-7f411fed.svs SLD-c09fcd8f.svs SLD-65e04993.svs SLD-33a1d1c2.svs SLD-41a8a6e1.svs
2671,SLD-647640a1.svs SLD-da418b24.svs SLD-b6a659ef.svs SLD-24eac3f4.svs
2672,SLD-ec4f4490.svs SLD-53fb2ed1.svs SLD-84eaf943.svs SLD-b66b6b0b.svs SLD-8af37d72.svs SLD-b9534807.svs
2673,SLD-f110397a.svs SLD-81011c5b.svs SLD-284b7bcd.svs SLD-94665d45.svs SLD-a3af11d0.svs SLD-1c2c7a34.svs
2674,SLD-79017990.svs
2675,SLD-06b42b6f.svs SLD-30c42d61.svs SLD-106861d3.svs SLD-633d9c54.svs SLD-f30459cc.svs SLD-1f94e3c8.svs SLD-5b8c4949.svs
2676,SLD-88653e42.svs SLD-40e3469f.svs SLD-39b66d71.svs SLD-e9184b9f.svs
2677,SLD-3e1fa8ac.svs SLD-c315d334.svs
2678,SLD-4916e844.svs SLD-c9fe6036.svs
2679,SLD-df8693ce.svs SLD-9ef1c846.svs
2680,SLD-c3a31607.svs SLD-6df2fc82.svs
2681,SLD-4312ece2.svs
2682,SLD-62276cbc.svs SLD-c707aef9.svs
2683,SLD-f0041e32.svs
2684,SLD-07dc02b1.svs SLD-1965e435.svs
2685,SLD-afdb4e0b.svs
2686,SLD-21da132c.svs SLD-b3c161c3.svs SLD-12bdf75f.svs SLD-64d02759.svs SLD-dc68d4fd.svs SLD-99e8c828.svs SLD-13f2a37c.svs
2687,SLD-cb18d6a4.svs
2688,SLD-b2c92c12.svs
2689,SLD-feeac13d.svs SLD-f48ef9a8.svs
2690,SLD-60c6b3ed.svs
2691,SLD-6c1b6811.svs SLD-5e146c30.svs SLD-bd2cdb8d.svs
2692,SLD-2835bcdb.svs SLD-1f9078d5.svs
2693,SLD-9c19ed34.svs SLD-7fa74d8a.svs
2694,SLD-e4751694.svs SLD-5cb6f1f0.svs SLD-b8f35c26.svs SLD-ad0cabfc.svs SLD-517fa07e.svs
2695,SLD-38a7ac54.svs SLD-25323fd3.svs SLD-26b1caba.svs
2696,SLD-31234efe.svs SLD-1058fe8c.svs SLD-5bc7fdeb.svs SLD-6e648043.svs SLD-da54f267.svs SLD-d26d5396.svs
2697,SLD-08236adf.svs SLD-b49b93d5.svs SLD-6e05724d.svs SLD-3f7512c5.svs SLD-1e709e19.svs SLD-43a061c4.svs
2698,SLD-dfb87708.svs SLD-95e19cb6.svs
2699,SLD-ae0fdbc8.svs SLD-7ce71b48.svs SLD-a36bcb01.svs SLD-905c053b.svs SLD-25fdacbe.svs
2700,SLD-0a66dc4e.svs SLD-399f8a8f.svs SLD-21681081.svs SLD-843b2a7d.svs SLD-de6fec4b.svs SLD-0a1727f7.svs SLD-ea5f24b6.svs
2701,SLD-da98da57.svs SLD-95e19cb6.svs SLD-ca6cb87c.svs
2702,SLD-9717aa6e.svs SLD-48a133ab.svs SLD-693d993c.svs SLD-fefc5b4a.svs SLD-dd55daaf.svs SLD-c30759a4.svs SLD-28b4d5b9.svs
2703,SLD-f2ded00f.svs SLD-68fc642a.svs
2704,SLD-7f107645.svs SLD-16f14aad.svs
2705,SLD-8463416a.svs SLD-a4a98266.svs SLD-d97d2b38.svs SLD-d3d6362b.svs SLD-fe656bef.svs SLD-06999e1e.svs
2706,SLD-0d20f686.svs SLD-ced4dd7c.svs
2707,SLD-919c21ed.svs SLD-907d8532.svs SLD-d47133e7.svs SLD-b5e2834d.svs
2708,SLD-c6be6432.svs SLD-809e2109.svs SLD-d1c3d1bc.svs SLD-e38690e7.svs SLD-e27ac8e9.svs
2709,SLD-f164f9d8.svs SLD-dc2151e1.svs SLD-10cc8711.svs
2710,SLD-c2953f51.svs SLD-ad9d1f42.svs
2711,SLD-47595b01.svs SLD-2c805ac7.svs
2712,SLD-5e146c30.svs SLD-17776c3a.svs SLD-bd2cdb8d.svs
2713,SLD-4d18c103.svs
2714,SLD-3438b4e4.svs
2715,SLD-6df2fc82.svs SLD-3db612f4.svs
2716,SLD-4e98ce25.svs SLD-c602bd20.svs SLD-e1bccfb2.svs SLD-53e83663.svs SLD-17337a7c.svs
2717,SLD-ed9081c1.svs SLD-10b2e6e5.svs SLD-ec6e61bd.svs
2718,SLD-23f1b67e.svs SLD-c963d148.svs SLD-104dff66.svs SLD-01d34690.svs
2719,SLD-63b74101.svs SLD-0fe1cedf.svs SLD-4fae667b.svs
2720,SLD-f1e7ea9b.svs
2721,SLD-a604e5af.svs SLD-f4db1c1e.svs SLD-aa66b464.svs SLD-b261d0d2.svs SLD-a1c2d9bf.svs
2722,SLD-7afc50cd.svs SLD-f2d7fe55.svs SLD-aa099a46.svs SLD-f25a3c68.svs SLD-e8ef99e9.svs SLD-b8bc6621.svs
2723,SLD-2452bc39.svs SLD-b080e003.svs
2724,SLD-2bdb5720.svs SLD-68afe2b8.svs
2725,SLD-32ae2a20.svs
2726,SLD-3246b7d9.svs SLD-bb296639.svs SLD-9a9dadd2.svs SLD-d7f14ec2.svs
2727,SLD-88a0edce.svs SLD-68c6dd5e.svs
2728,SLD-69f12ccd.svs
2729,SLD-4384860c.svs
2730,SLD-48622a67.svs SLD-4a294067.svs SLD-dc66a27b.svs SLD-92f078b8.svs
2731,SLD-bdb62ff3.svs
2732,SLD-4fdc1351.svs SLD-fc9ea692.svs SLD-5ba830dc.svs
2733,SLD-4bebcf4f.svs SLD-a0d9da58.svs SLD-b2e02961.svs SLD-6fdc5e00.svs SLD-ac73189c.svs SLD-080638c9.svs
2734,SLD-cad00273.svs SLD-4e3c0f2d.svs SLD-889c8ae2.svs
2735,SLD-1c2c7a34.svs SLD-cbf1f93c.svs SLD-f110397a.svs SLD-94665d45.svs SLD-a3af11d0.svs SLD-81011c5b.svs
2736,SLD-b2e74e77.svs
2737,SLD-e291f5e1.svs
2738,SLD-e1a9344e.svs SLD-955fbc33.svs
2739,SLD-ac73189c.svs
2740,SLD-ec3826bc.svs SLD-c6962905.svs
2741,SLD-5c949381.svs SLD-32ae2a20.svs
2742,SLD-00f520f4.svs SLD-0a8aa1e4.svs SLD-453432cd.svs SLD-9ef1c846.svs
2743,SLD-9bd91220.svs SLD-becba4c8.svs SLD-338f4acf.svs
2744,SLD-8a663359.svs SLD-50852f4f.svs SLD-30d6863f.svs SLD-1c5e1698.svs SLD-b7a02afd.svs SLD-abe0a177.svs SLD-0b09ec41.svs
2745,SLD-beb9c9e2.svs SLD-dd9539fc.svs SLD-9d263e76.svs SLD-05f2b928.svs SLD-c471e21a.svs SLD-f7cd0b75.svs SLD-cef980ce.svs
2746,SLD-4fee7144.svs SLD-dc2897c6.svs SLD-bc5074ac.svs
2747,SLD-8772c347.svs
2748,SLD-a27ee80d.svs
2749,SLD-a2698c2d.svs SLD-531da6ac.svs SLD-b934718f.svs
2750,SLD-6a480542.svs SLD-27f9e728.svs
2751,SLD-df8693ce.svs
2752,SLD-cda6a326.svs SLD-566ff3ec.svs SLD-6480fdc0.svs
2753,SLD-25323fd3.svs SLD-4d03cbdd.svs SLD-26b1caba.svs SLD-cc869dea.svs SLD-38a7ac54.svs
2754,SLD-13d72846.svs SLD-6c1b6811.svs SLD-39ebfa32.svs SLD-5e146c30.svs SLD-4e051eea.svs SLD-92dbd613.svs SLD-bd2cdb8d.svs
2755,SLD-24039721.svs SLD-1aff71ae.svs
2756,SLD-5d443821.svs SLD-43eb280e.svs SLD-3ad23fbf.svs SLD-2e573864.svs SLD-64e322cf.svs SLD-28d798b4.svs SLD-8a7f03ae.svs
2757,SLD-5c949381.svs SLD-755a3ac1.svs SLD-60c6b3ed.svs
2758,SLD-bda31488.svs SLD-28600311.svs
2759,SLD-a32652e8.svs SLD-a1ab17c0.svs SLD-1624d318.svs SLD-4b7350d1.svs
2760,SLD-40fe81ec.svs SLD-b259a6a0.svs SLD-7c8d5368.svs SLD-ec3826bc.svs
2761,SLD-a2834536.svs SLD-06792b47.svs SLD-cfdef303.svs SLD-95decd6e.svs SLD-813dd49a.svs SLD-5df2e073.svs
2762,SLD-05727bb5.svs
2763,SLD-ab899605.svs SLD-9c19ed34.svs SLD-a2939b3b.svs
2764,SLD-e8a56f31.svs SLD-40aaec7a.svs SLD-bf1df687.svs
2765,SLD-14827a89.svs SLD-35a7c6ed.svs SLD-deb4e6c4.svs
2766,SLD-13f2a37c.svs
2767,SLD-13f2a37c.svs SLD-21da132c.svs SLD-dc68d4fd.svs SLD-0542bd75.svs SLD-64d02759.svs
2768,SLD-5bbdd1f4.svs SLD-3c740119.svs SLD-269b6c3b.svs SLD-16f14aad.svs
2769,SLD-7984f33f.svs SLD-eda67806.svs SLD-ed0d0418.svs SLD-6a594b07.svs
2770,SLD-e47c98ea.svs SLD-28600311.svs SLD-96062930.svs SLD-dba620f1.svs SLD-bda31488.svs SLD-35bbcdb0.svs SLD-3e1fa8ac.svs
2771,SLD-e7524102.svs SLD-58116722.svs
2772,SLD-fde9d47d.svs SLD-c110412c.svs SLD-38431ed6.svs SLD-258694b6.svs SLD-77f4531b.svs SLD-1d010478.svs
2773,SLD-213124bd.svs
2774,SLD-213124bd.svs SLD-88da091b.svs SLD-0b2f8580.svs
2775,SLD-1d4d1180.svs SLD-fa92cd28.svs SLD-01fda698.svs
2776,SLD-8772c347.svs SLD-31cb5e8e.svs SLD-f0fcccc6.svs SLD-fb46ed39.svs
2777,SLD-dc68d4fd.svs SLD-12bdf75f.svs SLD-b3c161c3.svs SLD-0542bd75.svs SLD-13f2a37c.svs SLD-21da132c.svs
2778,SLD-4916e844.svs SLD-8e9b185e.svs SLD-e64ddd91.svs SLD-1b770deb.svs SLD-c9fe6036.svs SLD-3380dcfc.svs
2779,SLD-992e7dea.svs
2780,SLD-95decd6e.svs SLD-5df2e073.svs SLD-06792b47.svs SLD-53f04099.svs SLD-8d99743c.svs SLD-813dd49a.svs
2781,SLD-aa66b464.svs SLD-f46860a2.svs
2782,SLD-11ab249d.svs SLD-ff7acd86.svs SLD-469fc269.svs SLD-409b3c5b.svs SLD-d5e8b89c.svs
2783,SLD-1f626a97.svs SLD-68afe2b8.svs
2784,SLD-0a8aa1e4.svs SLD-a3ef802e.svs SLD-1dbc24fd.svs SLD-df8693ce.svs
2785,SLD-4642cddb.svs
2786,SLD-277dfc7b.svs SLD-4a9686a4.svs
2787,SLD-7ee1a2a3.svs SLD-4642cddb.svs SLD-7f6bf51b.svs SLD-024bfe48.svs SLD-4fbe2aae.svs SLD-d6ada066.svs SLD-398071b1.svs
2788,SLD-fa3222c4.svs
2789,SLD-ed9081c1.svs SLD-650dd400.svs SLD-10b2e6e5.svs SLD-a27ee80d.svs
2790,SLD-3b239fd8.svs SLD-2b66b1c0.svs SLD-b4ca0142.svs SLD-5fdd5329.svs SLD-854df9b6.svs
2791,SLD-ab899605.svs SLD-dfec4623.svs SLD-7fa74d8a.svs SLD-a2939b3b.svs SLD-33b5b3ce.svs SLD-ff88ec82.svs
2792,SLD-dcff697d.svs SLD-d26d028d.svs SLD-141bd896.svs SLD-816480fa.svs
2793,SLD-32ae2a20.svs
2794,SLD-cbf8e26a.svs SLD-63b74101.svs SLD-a5387901.svs SLD-4fae667b.svs
2795,SLD-d9732b86.svs SLD-23d83f22.svs SLD-98decbf6.svs SLD-e368f7d2.svs SLD-b13bad4e.svs SLD-42734d1c.svs
2796,SLD-571c9d78.svs SLD-357f0a64.svs SLD-402988fd.svs SLD-fa7bff5f.svs SLD-1db1dfdc.svs SLD-62d59938.svs SLD-d59b148f.svs
2797,SLD-b8d13539.svs SLD-697b8538.svs SLD-75fc1b10.svs SLD-33251c76.svs SLD-d8efb5c9.svs SLD-ca3c4050.svs
2798,SLD-b7ae7758.svs SLD-5f653800.svs
2799,SLD-ed2ee36f.svs SLD-3df8eeef.svs SLD-4643d705.svs SLD-c2112eda.svs SLD-9251ad08.svs SLD-f1e7ea9b.svs SLD-e44a01f6.svs
2800,SLD-fc145cfe.svs SLD-734c5192.svs SLD-a96e2bf4.svs SLD-ac91c01e.svs SLD-69967b5c.svs SLD-f9154865.svs
2801,SLD-5cb6f1f0.svs SLD-b8f35c26.svs
2802,SLD-059ebb2e.svs SLD-8d5f52c0.svs SLD-e8751766.svs
2803,SLD-f8cc3f3b.svs SLD-fa7bff5f.svs
2804,SLD-5b45cf5a.svs SLD-8eafb323.svs SLD-702a5b67.svs SLD-29c836e0.svs SLD-d7de701d.svs
2805,SLD-272eaa36.svs SLD-ea96abe6.svs SLD-d8a1a546.svs SLD-299cf16b.svs SLD-54a6087c.svs SLD-de386aeb.svs
2806,SLD-d4088ff7.svs
2807,SLD-2076d932.svs SLD-4741ee56.svs SLD-907d8532.svs SLD-919c21ed.svs
2808,SLD-c202387b.svs SLD-ce1bb02a.svs SLD-92e94e89.svs SLD-99a2ecb1.svs
2809,SLD-ed7a6edf.svs SLD-6d5b7d50.svs
2810,SLD-7d718591.svs SLD-deffed7a.svs SLD-ef38d426.svs SLD-d7285256.svs SLD-20ca35ab.svs SLD-38553ac8.svs SLD-476c4878.svs
2811,SLD-7afc50cd.svs SLD-edec31ef.svs
2812,SLD-1e415c4e.svs SLD-4e3c0f2d.svs SLD-57030ede.svs SLD-cad00273.svs SLD-4332559d.svs
2813,SLD-e27ac8e9.svs SLD-d1c3d1bc.svs SLD-e38690e7.svs SLD-c6be6432.svs
2814,SLD-a36bcb01.svs SLD-67e98363.svs
2815,SLD-c734bb05.svs
2816,SLD-feeac13d.svs SLD-196d362d.svs SLD-6aeb5a32.svs SLD-f48ef9a8.svs
2817,SLD-3f7a2748.svs SLD-6e84f8ea.svs SLD-2cbb93c2.svs
2818,SLD-b4480761.svs SLD-66dfeb1e.svs SLD-9ab3cc27.svs SLD-b4134208.svs
2819,SLD-2fcf3b87.svs SLD-be3feafd.svs SLD-15ac15c3.svs SLD-5d158e44.svs SLD-a217cf25.svs SLD-0e96ed9b.svs SLD-3be95767.svs
2820,SLD-1188afa1.svs SLD-90ed41f4.svs SLD-119fc1c4.svs
2821,SLD-6f1bdd07.svs SLD-c069c542.svs SLD-24039721.svs SLD-49b564fb.svs SLD-1aff71ae.svs SLD-75fd3537.svs
2822,SLD-f367dbe2.svs SLD-88653e42.svs SLD-cefe73ec.svs
2823,SLD-6951743e.svs SLD-da98da57.svs SLD-95e19cb6.svs SLD-91d2125a.svs SLD-698eecba.svs SLD-8a74bec5.svs SLD-dfb87708.svs
2824,SLD-c781e11f.svs
2825,SLD-8091a21d.svs SLD-3b8f5fc7.svs
2826,SLD-d020baee.svs SLD-ccd66756.svs SLD-153251c9.svs
2827,SLD-fff83cec.svs SLD-cd34bcd7.svs SLD-04fe973d.svs SLD-afdb4e0b.svs
2828,SLD-26b1caba.svs
2829,SLD-d8a1a546.svs SLD-bf5545ce.svs SLD-272eaa36.svs SLD-ea96abe6.svs SLD-e642965c.svs SLD-299cf16b.svs
2830,SLD-061f5679.svs SLD-e355c369.svs
2831,SLD-7f411fed.svs SLD-33a1d1c2.svs SLD-c09fcd8f.svs SLD-350d278d.svs SLD-65e04993.svs SLD-ad4ab155.svs
2832,SLD-9c14940d.svs SLD-4e98ce25.svs SLD-17337a7c.svs SLD-53e83663.svs SLD-e1bccfb2.svs
2833,SLD-852d2ee5.svs
2834,SLD-a5e3a719.svs SLD-6f6ddf79.svs
2835,SLD-03c8e104.svs SLD-451437d6.svs SLD-4f8e3e01.svs SLD-cda6a326.svs
2836,SLD-788c31f6.svs SLD-9e0df45b.svs SLD-084fa819.svs SLD-c734bb05.svs SLD-992a34a1.svs SLD-052daad3.svs
2837,SLD-8e4a295d.svs SLD-9a9dadd2.svs SLD-0021b632.svs
2838,SLD-291a58af.svs SLD-28280370.svs SLD-b22b8974.svs SLD-8c5c192f.svs
2839,SLD-c7867a38.svs SLD-d1c3d1bc.svs
2840,SLD-813dd49a.svs SLD-a2834536.svs SLD-5df2e073.svs SLD-06792b47.svs
2841,SLD-e47c98ea.svs SLD-3e1fa8ac.svs SLD-dba620f1.svs SLD-35bbcdb0.svs SLD-28600311.svs SLD-96062930.svs
2842,SLD-0ecfb95b.svs SLD-5e87905a.svs SLD-f2ed33e1.svs SLD-605dd4d6.svs SLD-71df24d9.svs SLD-a1fdcdf1.svs
2843,SLD-b5178761.svs SLD-58ea0417.svs SLD-c82a6c15.svs SLD-18c8ece6.svs
2844,SLD-735b3a80.svs SLD-e5a15243.svs SLD-b5cbb690.svs SLD-c7281f15.svs SLD-c2eaf172.svs SLD-b17078ee.svs SLD-723dc8f5.svs
2845,SLD-2db6de21.svs SLD-681091fe.svs SLD-3346f7c6.svs SLD-b9b5c70e.svs SLD-437249fd.svs SLD-1cf4a8ed.svs SLD-17ee2fe6.svs
2846,SLD-907d8532.svs SLD-4741ee56.svs
2847,SLD-261cec19.svs SLD-cd34bcd7.svs
2848,SLD-a1d53402.svs SLD-f902d6c0.svs SLD-4704768e.svs SLD-6e927501.svs
2849,SLD-5723a959.svs SLD-2cbb93c2.svs SLD-6e84f8ea.svs SLD-74151acc.svs SLD-3f7a2748.svs
2850,SLD-dd9539fc.svs
2851,SLD-e4b82987.svs SLD-00d3d1af.svs SLD-ac7b7ab2.svs
2852,SLD-789a2829.svs SLD-abe0a177.svs SLD-8a663359.svs
2853,SLD-0b2f8580.svs SLD-213124bd.svs
2854,SLD-735b3a80.svs SLD-b17078ee.svs SLD-723dc8f5.svs SLD-b5cbb690.svs SLD-c2eaf172.svs
2855,SLD-d8a230de.svs SLD-ddfae808.svs SLD-afd86432.svs
2856,
2857,SLD-1f626a97.svs SLD-68afe2b8.svs
2858,SLD-ac73189c.svs SLD-6fdc5e00.svs SLD-4bebcf4f.svs SLD-496749fb.svs SLD-080638c9.svs
2859,SLD-43eb280e.svs SLD-64e322cf.svs SLD-28d798b4.svs SLD-8a7f03ae.svs SLD-79017990.svs SLD-2e573864.svs
2860,SLD-88d3281a.svs
2861,SLD-f97ccc57.svs SLD-16408169.svs SLD-ce5dc807.svs SLD-a38d8afc.svs SLD-fdd2ed7a.svs
2862,SLD-c3a31607.svs
2863,SLD-c069c542.svs SLD-92a651d7.svs SLD-75fd3537.svs
2864,SLD-40fe6898.svs SLD-b56b9357.svs SLD-53f3c158.svs SLD-8476af98.svs
2865,SLD-cbe88a3f.svs SLD-1bce35d8.svs SLD-8ee4fd02.svs SLD-46e785ad.svs SLD-b02de52c.svs SLD-1cb66f67.svs SLD-27649a62.svs
2866,SLD-517fa07e.svs SLD-7b0f78c1.svs SLD-b8f35c26.svs SLD-1baf01f1.svs
2867,SLD-70c455a9.svs SLD-10b2e6e5.svs SLD-650dd400.svs SLD-f0bd7405.svs SLD-6d3f4b37.svs SLD-a27ee80d.svs SLD-ec6e61bd.svs
2868,SLD-ec41e6f6.svs
2869,SLD-e8a56f31.svs SLD-ac2c10d0.svs SLD-40aaec7a.svs SLD-c15648ff.svs SLD-bf1df687.svs
2870,SLD-d9082a42.svs SLD-142a6c95.svs SLD-66dfeb1e.svs SLD-b4480761.svs
2871,SLD-1349747a.svs
2872,SLD-d47133e7.svs SLD-53ff6644.svs SLD-b5e2834d.svs
2873,SLD-b1182d23.svs SLD-1f12a0e9.svs SLD-2d8b5b41.svs SLD-5bf80676.svs
2874,SLD-beb9c9e2.svs
2875,SLD-39b66d71.svs SLD-e9184b9f.svs SLD-88653e42.svs
2876,SLD-78a55d6b.svs SLD-f6f25926.svs
2877,SLD-fa3222c4.svs
2878,SLD-992a34a1.svs SLD-21f8c156.svs SLD-9e0df45b.svs SLD-084fa819.svs
2879,SLD-329cd43a.svs SLD-7751b3fa.svs
2880,SLD-c3121af6.svs SLD-8b32992a.svs
2881,SLD-0a9d499c.svs SLD-4bc972ce.svs
2882,SLD-34367eaa.svs SLD-7e240205.svs SLD-c095e099.svs SLD-9df497f1.svs SLD-03ea038f.svs
2883,SLD-1965e435.svs SLD-f45da406.svs SLD-07dc02b1.svs SLD-101bb5fa.svs SLD-c618fc1e.svs SLD-bbf9bb01.svs
2884,SLD-38431ed6.svs SLD-77f4531b.svs SLD-fde9d47d.svs SLD-1d010478.svs
2885,SLD-afb120f4.svs SLD-d8a230de.svs SLD-ddfae808.svs SLD-86de3365.svs
2886,SLD-4b7350d1.svs
2887,SLD-53fb2ed1.svs SLD-8af37d72.svs
2888,SLD-586523b8.svs
2889,SLD-b6a659ef.svs SLD-88d3281a.svs SLD-1b4e1428.svs SLD-0c78c2f9.svs SLD-e0acf9ff.svs
2890,SLD-5e6364c6.svs SLD-5882e3bb.svs SLD-35a7c6ed.svs SLD-864696c1.svs
2891,SLD-1db1dfdc.svs SLD-f8cc3f3b.svs SLD-357f0a64.svs SLD-d59b148f.svs SLD-62d59938.svs SLD-402988fd.svs
2892,SLD-e44a01f6.svs
2893,SLD-a25130a8.svs
2894,SLD-0b09ec41.svs SLD-8a663359.svs
2895,SLD-571c9d78.svs SLD-402988fd.svs SLD-d59b148f.svs
2896,SLD-b9b5c70e.svs SLD-2db6de21.svs SLD-53a9ec5d.svs SLD-437249fd.svs SLD-3346f7c6.svs
2897,SLD-e4751694.svs SLD-ad0cabfc.svs SLD-1baf01f1.svs SLD-b8f35c26.svs SLD-5cb6f1f0.svs SLD-d13ec39c.svs SLD-7b0f78c1.svs
2898,SLD-6c4c3935.svs SLD-5e4af862.svs SLD-385af463.svs
2899,SLD-f40d2a37.svs SLD-7ea496f5.svs SLD-29bccee9.svs
2900,SLD-f2ed33e1.svs
2901,SLD-b9b5c70e.svs
2902,SLD-ed4879e7.svs SLD-efd164ee.svs SLD-b58c1e9f.svs SLD-2a0b2040.svs SLD-e30d04fd.svs SLD-daa6b26a.svs
2903,SLD-55c7ed9d.svs
2904,SLD-dc2151e1.svs SLD-7e56ac3d.svs
2905,SLD-329cd43a.svs SLD-bdb62ff3.svs SLD-852d2ee5.svs SLD-e583847f.svs SLD-d9073286.svs SLD-0061fd30.svs
2906,SLD-86de3365.svs SLD-d8a230de.svs
2907,SLD-53a9ec5d.svs SLD-681091fe.svs SLD-17ee2fe6.svs SLD-1cf4a8ed.svs
2908,SLD-f1e7ea9b.svs SLD-e44a01f6.svs
2909,SLD-30c42d61.svs SLD-5b8c4949.svs SLD-18a77594.svs SLD-1f94e3c8.svs
2910,SLD-b7ed75b4.svs SLD-261cec19.svs SLD-63d0fccd.svs SLD-2c05b870.svs SLD-cd34bcd7.svs SLD-afdb4e0b.svs SLD-04fe973d.svs
2911,SLD-31e9ca80.svs
2912,SLD-28d798b4.svs SLD-8a7f03ae.svs SLD-3ad23fbf.svs
2913,SLD-88a0edce.svs
2914,SLD-10b2e6e5.svs SLD-a27ee80d.svs SLD-6d3f4b37.svs SLD-70c455a9.svs SLD-ed9081c1.svs SLD-f0bd7405.svs SLD-ec6e61bd.svs
2915,
2916,SLD-40aaec7a.svs SLD-e8a56f31.svs SLD-ac2c10d0.svs
2917,SLD-f1c58f44.svs
2918,SLD-2db6de21.svs
2919,SLD-106861d3.svs SLD-5b8c4949.svs SLD-1f94e3c8.svs SLD-30c42d61.svs SLD-f30459cc.svs SLD-18a77594.svs SLD-633d9c54.svs
2920,SLD-4d18c103.svs SLD-1d4d1180.svs SLD-c4c536fb.svs SLD-01fda698.svs SLD-fa92cd28.svs
2921,SLD-23b870f3.svs
2922,SLD-df0d6301.svs SLD-c15648ff.svs
2923,SLD-3956fba9.svs
2924,SLD-d560e64c.svs SLD-91fd7d4a.svs SLD-5a31a6a6.svs SLD-1a9e8547.svs SLD-6d7fe9b2.svs SLD-55f7792a.svs
2925,SLD-cef980ce.svs SLD-c471e21a.svs SLD-f7cd0b75.svs SLD-dd9539fc.svs SLD-beb9c9e2.svs
2926,SLD-992a34a1.svs SLD-26c00984.svs SLD-084fa819.svs
2927,SLD-9b050db2.svs SLD-1bce35d8.svs
2928,SLD-8e4a295d.svs SLD-3246b7d9.svs
2929,SLD-1aff71ae.svs SLD-75fd3537.svs SLD-24039721.svs SLD-30f2c485.svs SLD-6f1bdd07.svs
2930,SLD-080638c9.svs
2931,SLD-cc869dea.svs SLD-8d3ac4b9.svs
2932,SLD-afd86432.svs
2933,SLD-f22a4fc6.svs SLD-d216ad53.svs SLD-3f2de8a8.svs
2934,SLD-a1ab17c0.svs SLD-c149fa8e.svs SLD-a32652e8.svs SLD-4b7350d1.svs SLD-1624d318.svs SLD-0078cb12.svs SLD-7bb8c2f1.svs
2935,SLD-a3ef802e.svs SLD-1dbc24fd.svs SLD-453432cd.svs
2936,SLD-03ea038f.svs SLD-34367eaa.svs
2937,SLD-b3c161c3.svs SLD-99e8c828.svs
2938,SLD-469a1289.svs SLD-a96e2bf4.svs SLD-69967b5c.svs SLD-ac91c01e.svs
2939,SLD-c3a31607.svs
2940,SLD-755a3ac1.svs SLD-8be04c3e.svs
2941,SLD-e10b4aad.svs
2942,SLD-1e709e19.svs
2943,SLD-c13e66af.svs
2944,SLD-34367eaa.svs
2945,SLD-4e3c0f2d.svs SLD-889c8ae2.svs SLD-cad00273.svs SLD-57030ede.svs SLD-4332559d.svs
2946,SLD-e413961f.svs SLD-68c6dd5e.svs SLD-fb0a6a90.svs
2947,SLD-fdd2ed7a.svs SLD-f97ccc57.svs
2948,SLD-4e051eea.svs SLD-6c1b6811.svs SLD-39ebfa32.svs
2949,SLD-453432cd.svs SLD-00f520f4.svs SLD-9ef1c846.svs
2950,SLD-824734df.svs SLD-731c877a.svs
2951,SLD-9d4319b5.svs
2952,SLD-d560e64c.svs SLD-739ac9e2.svs SLD-6d7fe9b2.svs SLD-9b87cc5e.svs SLD-1a9e8547.svs SLD-91fd7d4a.svs SLD-5a31a6a6.svs
2953,SLD-30c42d61.svs SLD-106861d3.svs SLD-1f94e3c8.svs SLD-633d9c54.svs
2954,SLD-27fa8b8a.svs SLD-5cfa38b1.svs SLD-583678ee.svs SLD-f3ca5f64.svs SLD-4a8b77da.svs SLD-a02ebb76.svs SLD-52b04994.svs
2955,SLD-ef38d426.svs SLD-20ca35ab.svs SLD-476c4878.svs SLD-38553ac8.svs
2956,SLD-28948b4c.svs SLD-f0fcccc6.svs SLD-31cb5e8e.svs SLD-ae2562ca.svs SLD-fb46ed39.svs
2957,SLD-9177b6d4.svs SLD-b270af55.svs SLD-5f2e9167.svs SLD-2347b24f.svs
2958,SLD-ed0d0418.svs SLD-eda67806.svs SLD-3a19607d.svs SLD-61c61ae4.svs SLD-3bfb255e.svs
2959,SLD-bdaa3bfa.svs SLD-6ab01563.svs SLD-246cb09c.svs SLD-ed28508d.svs SLD-4c4b91fe.svs SLD-6c148fc6.svs
2960,SLD-3fafa217.svs SLD-6a27241f.svs SLD-e139d15d.svs SLD-bc6ff6ac.svs SLD-bb9e5a02.svs SLD-37d316a4.svs
2961,SLD-40aaec7a.svs SLD-5a9414b8.svs SLD-bf1df687.svs
2962,SLD-8a83efc8.svs SLD-4916e844.svs SLD-9c2e5562.svs SLD-1b770deb.svs SLD-3380dcfc.svs SLD-e64ddd91.svs
2963,SLD-a38d8afc.svs SLD-f97ccc57.svs SLD-10da8a95.svs SLD-16408169.svs SLD-fdd2ed7a.svs SLD-ce5dc807.svs
2964,SLD-213124bd.svs SLD-01275a63.svs SLD-0b2f8580.svs
2965,SLD-aaa28439.svs SLD-40fe81ec.svs
2966,SLD-3f7a2748.svs SLD-c4841a8d.svs SLD-f5a3e893.svs
2967,SLD-25e4979d.svs SLD-54a8762b.svs SLD-affe2554.svs
2968,SLD-8c833848.svs
2969,SLD-c602bd20.svs SLD-e1bccfb2.svs SLD-4e98ce25.svs SLD-9c14940d.svs SLD-c1fa924e.svs
2970,SLD-d03459a4.svs SLD-8f4ed442.svs
2971,SLD-0ecfb95b.svs SLD-a1fdcdf1.svs SLD-605dd4d6.svs SLD-5e87905a.svs SLD-877a2133.svs SLD-71df24d9.svs
2972,SLD-3b8f5fc7.svs SLD-6637c09f.svs SLD-5084a40f.svs SLD-4fab2ad8.svs SLD-acf606fc.svs SLD-849648e8.svs
2973,SLD-0b6d9611.svs SLD-5b471c43.svs
2974,SLD-b4a06976.svs SLD-fd768f63.svs
2975,SLD-8805ae31.svs SLD-cdfa4cc8.svs SLD-bc52b34e.svs SLD-88a0edce.svs SLD-68c6dd5e.svs
2976,SLD-eecb325b.svs SLD-5e7f503c.svs
2977,SLD-1f9078d5.svs
2978,SLD-7c96eefa.svs SLD-849648e8.svs
2979,SLD-b7c144fb.svs SLD-990e8f01.svs
2980,SLD-c88e03b6.svs SLD-58bf3b9e.svs
2981,SLD-8b1f1137.svs SLD-0ea255e0.svs SLD-8e50c79a.svs SLD-d21276c2.svs SLD-79faf501.svs SLD-1519401c.svs
2982,SLD-723dc8f5.svs SLD-c7281f15.svs SLD-b17078ee.svs SLD-735b3a80.svs SLD-c2eaf172.svs SLD-e5a15243.svs SLD-3fbdaeed.svs
2983,SLD-385af463.svs
2984,SLD-702a5b67.svs SLD-b7ae7758.svs
2985,SLD-d658b1b3.svs SLD-14827a89.svs SLD-3012ae1c.svs SLD-5882e3bb.svs SLD-864696c1.svs SLD-deb4e6c4.svs SLD-35a7c6ed.svs
2986,SLD-5931c9b4.svs SLD-44e8a604.svs SLD-b2c92c12.svs SLD-becba4c8.svs SLD-338f4acf.svs
2987,SLD-6d7fe9b2.svs SLD-5a31a6a6.svs SLD-d560e64c.svs SLD-91fd7d4a.svs
2988,SLD-488cac4e.svs SLD-bf1df687.svs SLD-40aaec7a.svs SLD-e8a56f31.svs
2989,SLD-26c00984.svs
2990,SLD-5b62a7c9.svs SLD-9f93e802.svs SLD-e65d1c73.svs SLD-bc6284a8.svs SLD-49bcf4a8.svs SLD-d1a8d7b0.svs
2991,SLD-d03459a4.svs SLD-14aaaefe.svs SLD-d020baee.svs SLD-8f4ed442.svs SLD-153251c9.svs SLD-ccd66756.svs
2992,SLD-17b18e6e.svs SLD-ad9d1f42.svs SLD-c2953f51.svs
2993,SLD-ec3826bc.svs
2994,SLD-5163de1d.svs SLD-86fadb0e.svs
2995,SLD-7d718591.svs SLD-20ca35ab.svs SLD-38553ac8.svs
2996,SLD-3fafa217.svs
2997,SLD-6aeb5a32.svs SLD-8fad725d.svs SLD-9d0b6f5e.svs SLD-581332c2.svs SLD-f48ef9a8.svs
2998,SLD-a1fdcdf1.svs SLD-f2ed33e1.svs
2999,SLD-848610cf.svs SLD-8e50c79a.svs SLD-0ea255e0.svs SLD-c5826444.svs
3000,SLD-2b2bcfda.svs SLD-15db4487.svs
3001,SLD-cda6a326.svs SLD-6480fdc0.svs
3002,SLD-deb4e6c4.svs SLD-5e6364c6.svs
3003,SLD-cf085288.svs SLD-70bc3ec1.svs SLD-f0041e32.svs SLD-d197b561.svs SLD-4bc01de3.svs SLD-23aa9e67.svs
3004,SLD-dd02e100.svs SLD-7b38785b.svs SLD-f11ddff7.svs
3005,SLD-8ee4fd02.svs SLD-cbe88a3f.svs SLD-b02de52c.svs SLD-1cb66f67.svs SLD-9b050db2.svs
3006,SLD-8625dcb0.svs SLD-d5511e14.svs SLD-beb778d6.svs
3007,SLD-70d22718.svs SLD-0dd35d11.svs
3008,SLD-84403b37.svs SLD-e368f7d2.svs
3009,SLD-dc2151e1.svs SLD-91fcfe88.svs SLD-7e56ac3d.svs
3010,SLD-5b61f92b.svs SLD-65fd5f69.svs SLD-93a25c9b.svs SLD-9cf600ec.svs SLD-76a933cf.svs
3011,SLD-e47c98ea.svs SLD-96062930.svs
3012,SLD-91fcfe88.svs SLD-10cc8711.svs
3013,SLD-7984f33f.svs SLD-61c61ae4.svs SLD-3a19607d.svs SLD-2d58bce9.svs SLD-6a594b07.svs
3014,SLD-4b1dd9fd.svs SLD-4a8b77da.svs SLD-583678ee.svs
3015,SLD-52ab793f.svs SLD-e4bacd78.svs
3016,SLD-03c8e104.svs SLD-6480fdc0.svs SLD-4f8e3e01.svs SLD-cda6a326.svs
3017,SLD-81011c5b.svs
3018,SLD-22c71d04.svs SLD-a9fa4ea6.svs SLD-6c32faff.svs SLD-f8db1a4d.svs SLD-584d3c02.svs
3019,SLD-723dc8f5.svs SLD-b5cbb690.svs SLD-735b3a80.svs
3020,SLD-becba4c8.svs SLD-706146ff.svs SLD-9bd91220.svs SLD-28702bb1.svs SLD-5931c9b4.svs
3021,SLD-d13ec39c.svs SLD-5cb6f1f0.svs SLD-b8f35c26.svs
3022,SLD-40aaec7a.svs SLD-df0d6301.svs
3023,
3024,SLD-905c053b.svs SLD-67e98363.svs SLD-ae0fdbc8.svs SLD-7ce71b48.svs
3025,SLD-b4d4dfcc.svs SLD-b7d779cc.svs SLD-d7a3283c.svs SLD-27e969e2.svs SLD-c8bf23fb.svs
3026,SLD-f9154865.svs
3027,SLD-213124bd.svs
3028,SLD-e30d04fd.svs SLD-ed4879e7.svs SLD-0ef05b6f.svs
3029,SLD-9da28338.svs SLD-f9df7275.svs SLD-c3edd9b7.svs SLD-074f3be0.svs SLD-61994015.svs SLD-f45c8840.svs
3030,SLD-14827a89.svs SLD-d658b1b3.svs SLD-5e6364c6.svs SLD-3012ae1c.svs SLD-5882e3bb.svs SLD-864696c1.svs SLD-35a7c6ed.svs
3031,SLD-eba08424.svs
3032,SLD-106861d3.svs SLD-f30459cc.svs SLD-06b42b6f.svs
3033,SLD-4b1678e4.svs SLD-ba6a098f.svs
3034,SLD-e355c369.svs SLD-69083bd6.svs
3035,SLD-47595b01.svs SLD-d48457df.svs SLD-6c835975.svs
3036,SLD-b9cde60c.svs SLD-39d5b552.svs SLD-ab1e6794.svs SLD-42965873.svs SLD-581ba307.svs
3037,SLD-ae0fdbc8.svs SLD-7ce71b48.svs SLD-25fdacbe.svs SLD-6c596216.svs
3038,SLD-7f6bf51b.svs
3039,
3040,SLD-06b42b6f.svs SLD-5b8c4949.svs SLD-106861d3.svs SLD-f30459cc.svs SLD-1f94e3c8.svs SLD-633d9c54.svs SLD-18a77594.svs
3041,SLD-88239867.svs
3042,SLD-28b4d5b9.svs SLD-693d993c.svs
3043,SLD-e7a2d2d0.svs
3044,SLD-0b6d9611.svs
3045,SLD-91fcfe88.svs SLD-4312ece2.svs
3046,SLD-1ac902ee.svs SLD-5c949381.svs
3047,SLD-f3ca5f64.svs SLD-583678ee.svs SLD-4b1dd9fd.svs SLD-52b04994.svs
3048,SLD-598ca3b4.svs SLD-a795ac54.svs SLD-104dff66.svs SLD-4a30f7cd.svs SLD-00fdec23.svs SLD-c963d148.svs SLD-23f1b67e.svs
3049,SLD-55c7ed9d.svs
3050,SLD-9e0df45b.svs SLD-992a34a1.svs
3051,SLD-5df2e073.svs SLD-8d99743c.svs SLD-06792b47.svs SLD-813dd49a.svs
3052,SLD-ae0fdbc8.svs SLD-a36bcb01.svs SLD-67e98363.svs SLD-905c053b.svs SLD-25fdacbe.svs SLD-6c596216.svs
3053,SLD-d26d5396.svs SLD-5bc7fdeb.svs
3054,SLD-353e0c86.svs SLD-ac7b7ab2.svs
3055,SLD-bc6284a8.svs SLD-49bcf4a8.svs SLD-9f93e802.svs SLD-e65d1c73.svs SLD-e1c25cd1.svs SLD-d1a8d7b0.svs SLD-5b62a7c9.svs
3056,SLD-0a66dc4e.svs SLD-ea5f24b6.svs SLD-0a1727f7.svs SLD-21681081.svs
3057,SLD-f40d2a37.svs
3058,SLD-b0445ebb.svs SLD-603803f3.svs
3059,SLD-e65d1c73.svs SLD-7e3801af.svs SLD-5b62a7c9.svs
3060,SLD-3b7c1f9a.svs SLD-7f67ee1a.svs SLD-c3121af6.svs SLD-ad9d1f42.svs
3061,SLD-a1d33772.svs SLD-94665d45.svs SLD-81011c5b.svs SLD-a3af11d0.svs
3062,SLD-82221345.svs SLD-390a9016.svs SLD-4a82e06a.svs
3063,SLD-21da132c.svs SLD-dc68d4fd.svs
3064,SLD-9c14940d.svs
3065,SLD-ce8c037e.svs SLD-731c877a.svs SLD-3c9a9236.svs
3066,SLD-8b32992a.svs SLD-c2953f51.svs SLD-7f67ee1a.svs SLD-ad9d1f42.svs SLD-3b7c1f9a.svs SLD-17b18e6e.svs
3067,SLD-a795ac54.svs SLD-4a30f7cd.svs SLD-104dff66.svs SLD-23f1b67e.svs SLD-01d34690.svs SLD-00fdec23.svs
3068,SLD-142a6c95.svs SLD-b4480761.svs SLD-d9082a42.svs SLD-b4134208.svs SLD-232f8c5b.svs SLD-9ab3cc27.svs
3069,SLD-d560e64c.svs SLD-91fd7d4a.svs SLD-55f7792a.svs SLD-9b87cc5e.svs
3070,SLD-722c353d.svs SLD-277dfc7b.svs SLD-eed15368.svs SLD-4a9686a4.svs SLD-3e581dd5.svs SLD-58116722.svs
3071,SLD-6783b0c3.svs SLD-8eeb3fd8.svs SLD-96248805.svs SLD-0876daaa.svs SLD-dcae667e.svs SLD-32d116fe.svs SLD-01ce5fc6.svs
3072,SLD-ef38d426.svs SLD-20ca35ab.svs
3073,
3074,SLD-84403b37.svs
3075,SLD-6480fdc0.svs SLD-4f8e3e01.svs
3076,SLD-6480fdc0.svs SLD-f1c58f44.svs SLD-7e083c1b.svs SLD-566ff3ec.svs SLD-cda6a326.svs SLD-4f8e3e01.svs
3077,SLD-c618fc1e.svs SLD-101bb5fa.svs
3078,SLD-f9154865.svs
3079,SLD-4af0a6fe.svs
3080,SLD-10345193.svs SLD-f489362c.svs SLD-a07f7f47.svs SLD-958cd60e.svs SLD-7c2b940d.svs SLD-50c6fa8c.svs SLD-fe38784b.svs
3081,SLD-9c2e5562.svs SLD-8e9b185e.svs SLD-3380dcfc.svs SLD-4916e844.svs SLD-8a83efc8.svs SLD-e64ddd91.svs
3082,SLD-3e2aad3e.svs
3083,SLD-e9e7e1ba.svs
3084,SLD-350d278d.svs
3085,SLD-9ed9c124.svs SLD-b7c144fb.svs SLD-1417d4f9.svs SLD-990e8f01.svs SLD-6d5b7d50.svs SLD-dd5aacc7.svs SLD-ed7a6edf.svs
3086,SLD-35c3de95.svs SLD-8a647b9f.svs SLD-e46232e7.svs SLD-05727bb5.svs SLD-b52f6009.svs SLD-5e2d2454.svs SLD-b44788bd.svs
3087,SLD-5bc7fdeb.svs
3088,SLD-96062930.svs SLD-bda31488.svs SLD-35bbcdb0.svs SLD-c315d334.svs SLD-e47c98ea.svs
3089,SLD-d658b1b3.svs SLD-5882e3bb.svs SLD-deb4e6c4.svs SLD-35a7c6ed.svs
3090,SLD-dcff697d.svs SLD-d1f15ee7.svs SLD-90a2b8e1.svs SLD-141bd896.svs SLD-55e9718e.svs SLD-3bcab3ea.svs SLD-816480fa.svs
3091,SLD-379deda1.svs SLD-5e4af862.svs SLD-ade6c5e9.svs SLD-b6e355f6.svs
3092,SLD-4642cddb.svs SLD-4fbe2aae.svs
3093,SLD-b5e2834d.svs SLD-53ff6644.svs SLD-d47133e7.svs
3094,SLD-ce1bb02a.svs
3095,SLD-b318ad4c.svs SLD-55c7ed9d.svs SLD-4d4985dc.svs SLD-6d316b4a.svs
3096,SLD-06792b47.svs SLD-8d99743c.svs SLD-a2834536.svs
3097,SLD-1058fe8c.svs SLD-5bc7fdeb.svs SLD-d26d5396.svs SLD-6e648043.svs
3098,SLD-2c05b870.svs SLD-b7ed75b4.svs SLD-04fe973d.svs SLD-fff83cec.svs
3099,SLD-fb46ed39.svs SLD-8772c347.svs
3100,SLD-d61a43f2.svs SLD-b5178761.svs SLD-18c8ece6.svs SLD-378b094c.svs
3101,SLD-4fae667b.svs SLD-cbf8e26a.svs
3102,SLD-b3c161c3.svs SLD-21da132c.svs SLD-dc68d4fd.svs
3103,SLD-8091a21d.svs SLD-acf606fc.svs
3104,SLD-14e16706.svs
3105,SLD-028d042b.svs SLD-586f1721.svs SLD-2d8b5b41.svs SLD-590e83da.svs SLD-1f12a0e9.svs
3106,SLD-6e05724d.svs SLD-b49b93d5.svs
3107,SLD-ad4ab155.svs SLD-350d278d.svs SLD-33a1d1c2.svs SLD-c09fcd8f.svs
3108,SLD-dd5aacc7.svs SLD-1a895c62.svs SLD-990e8f01.svs
3109,SLD-eba08424.svs
3110,SLD-47595b01.svs SLD-f3254f2d.svs SLD-efa2ce12.svs SLD-2c805ac7.svs
3111,SLD-a1d53402.svs SLD-4704768e.svs
3112,SLD-b934718f.svs SLD-956c2129.svs SLD-614f1ddc.svs SLD-531da6ac.svs SLD-4bc972ce.svs SLD-2d492ca2.svs
3113,SLD-bb5f15c1.svs SLD-603803f3.svs SLD-9d4319b5.svs SLD-b0445ebb.svs
3114,SLD-ce5dc807.svs SLD-90823eda.svs SLD-a38d8afc.svs SLD-10da8a95.svs SLD-fdd2ed7a.svs SLD-f97ccc57.svs
3115,SLD-fff83cec.svs SLD-cd34bcd7.svs
3116,SLD-c9fe6036.svs
3117,SLD-dcae667e.svs SLD-8f08963c.svs
3118,SLD-95fc7389.svs SLD-153251c9.svs
3119,SLD-4d236555.svs SLD-bc5074ac.svs SLD-6279d944.svs SLD-41300879.svs SLD-4fee7144.svs SLD-baa172ac.svs
3120,SLD-f0bd7405.svs
3121,SLD-a36bcb01.svs SLD-25fdacbe.svs
3122,SLD-58116722.svs SLD-722c353d.svs
3123,SLD-06999e1e.svs SLD-2ab465e9.svs SLD-d97d2b38.svs SLD-e0efc989.svs SLD-fe656bef.svs SLD-a4a98266.svs SLD-d3d6362b.svs
3124,SLD-fba52e59.svs SLD-6c596216.svs SLD-67e98363.svs
3125,SLD-07fe6a4e.svs SLD-76a933cf.svs
3126,SLD-afb120f4.svs SLD-ddfae808.svs SLD-86de3365.svs SLD-fa999f9b.svs SLD-d8a230de.svs
3127,SLD-92dbd613.svs SLD-bd2cdb8d.svs
3128,SLD-a92c3c3e.svs SLD-dfc8b87a.svs SLD-7176d181.svs
3129,SLD-c781e11f.svs
3130,SLD-d89331ac.svs SLD-38431ed6.svs SLD-1d010478.svs
3131,SLD-6b325d48.svs SLD-553a773a.svs SLD-916b51ee.svs SLD-afb9f3a8.svs SLD-e9e7e1ba.svs SLD-c9a6e611.svs
3132,SLD-5fdd5329.svs SLD-ced4dd7c.svs
3133,SLD-5df2e073.svs SLD-813dd49a.svs SLD-a2834536.svs SLD-95decd6e.svs SLD-53f04099.svs SLD-8d99743c.svs
3134,SLD-1c5e1698.svs SLD-abe0a177.svs
3135,SLD-4384860c.svs SLD-bc52b34e.svs SLD-8805ae31.svs SLD-88a0edce.svs
3136,
3137,SLD-eecb325b.svs SLD-2452bc39.svs SLD-064f768d.svs
3138,SLD-698eecba.svs SLD-dfb87708.svs SLD-8a74bec5.svs
3139,SLD-08f1100b.svs
3140,SLD-70bc3ec1.svs SLD-79b68b95.svs
3141,SLD-c8bf23fb.svs SLD-4b5ca436.svs SLD-27e969e2.svs SLD-b7d779cc.svs SLD-953c178e.svs SLD-61067a8c.svs
3142,SLD-1db2b452.svs SLD-7f6b8793.svs SLD-4d4985dc.svs SLD-bc18a40b.svs
3143,SLD-5163de1d.svs SLD-b4a06976.svs
3144,SLD-c069c542.svs SLD-75fd3537.svs SLD-30f2c485.svs SLD-1aff71ae.svs SLD-6f1bdd07.svs SLD-92a651d7.svs
3145,SLD-68032f7e.svs SLD-f6f25926.svs SLD-4e60678b.svs SLD-68fc642a.svs SLD-fef06b04.svs SLD-82f4b48a.svs
3146,SLD-101bb5fa.svs SLD-27f9e728.svs SLD-1965e435.svs SLD-c618fc1e.svs SLD-bbf9bb01.svs
3147,SLD-d7f14ec2.svs
3148,SLD-a8b56f85.svs SLD-353e0c86.svs
3149,SLD-2d4ba5a4.svs SLD-ba626aee.svs SLD-542d19c0.svs
3150,SLD-5f653800.svs SLD-d7de701d.svs SLD-8eafb323.svs
3151,SLD-3c740119.svs SLD-4af0a6fe.svs
3152,SLD-084fa819.svs SLD-21f8c156.svs
3153,SLD-7ce71b48.svs SLD-6c596216.svs
3154,SLD-533c9a31.svs SLD-cb775e24.svs
3155,SLD-90823eda.svs SLD-fdd2ed7a.svs
3156,SLD-49b564fb.svs SLD-6f1bdd07.svs SLD-c069c542.svs SLD-30f2c485.svs
3157,SLD-5028361f.svs SLD-def1274a.svs SLD-f9d0a163.svs
3158,SLD-bb296639.svs SLD-8e4a295d.svs SLD-e7aad070.svs SLD-9a9dadd2.svs SLD-d7f14ec2.svs SLD-3246b7d9.svs
3159,SLD-f5feba5e.svs SLD-ad9d1f42.svs SLD-c3121af6.svs SLD-3b7c1f9a.svs
3160,SLD-58ea0417.svs SLD-378b094c.svs SLD-b5178761.svs
3161,SLD-1db1dfdc.svs SLD-402988fd.svs SLD-d59b148f.svs SLD-62d59938.svs SLD-f8cc3f3b.svs
3162,SLD-d4088ff7.svs SLD-d216ad53.svs SLD-d7133061.svs
3163,SLD-af8c96a9.svs SLD-18f7e499.svs SLD-57d1d37c.svs SLD-c7afae8f.svs SLD-df61c534.svs
3164,SLD-409b3c5b.svs SLD-11ab249d.svs SLD-ff7acd86.svs SLD-d5e8b89c.svs SLD-eba08424.svs SLD-e291f5e1.svs
3165,SLD-8be04c3e.svs SLD-5c949381.svs SLD-32ae2a20.svs SLD-25777cf0.svs SLD-d3b564b0.svs
3166,SLD-f45da406.svs SLD-6a480542.svs SLD-bbf9bb01.svs SLD-c618fc1e.svs SLD-07dc02b1.svs SLD-1965e435.svs SLD-101bb5fa.svs
3167,SLD-e5aef699.svs SLD-affe2554.svs SLD-54a8762b.svs SLD-25e4979d.svs
3168,SLD-dfb87708.svs SLD-91d2125a.svs
3169,SLD-efa2ce12.svs SLD-8c833848.svs SLD-47595b01.svs SLD-f3254f2d.svs SLD-11fba56e.svs SLD-d48457df.svs SLD-6c835975.svs
3170,SLD-5028361f.svs SLD-13801f25.svs SLD-8c3fa29f.svs
3171,SLD-2b2bcfda.svs SLD-cb18d6a4.svs SLD-444517ef.svs
3172,SLD-b7a02afd.svs SLD-8a663359.svs
3173,SLD-1c2c7a34.svs SLD-cbf1f93c.svs SLD-81011c5b.svs
3174,SLD-33a1d1c2.svs
3175,SLD-864696c1.svs
3176,SLD-e0efc989.svs
3177,SLD-ec071cf1.svs SLD-a9fa4ea6.svs SLD-e47638ec.svs SLD-22c71d04.svs SLD-584d3c02.svs
3178,SLD-ffeb5d5f.svs SLD-9ef1c846.svs SLD-453432cd.svs SLD-1dbc24fd.svs SLD-0a8aa1e4.svs
3179,SLD-1624d318.svs SLD-a32652e8.svs
3180,SLD-b7d779cc.svs SLD-c8bf23fb.svs SLD-61067a8c.svs SLD-953c178e.svs
3181,SLD-357f0a64.svs SLD-f8cc3f3b.svs SLD-62d59938.svs SLD-402988fd.svs SLD-d59b148f.svs
3182,SLD-0dcf035b.svs
3183,SLD-702a5b67.svs
3184,SLD-dcae667e.svs SLD-8eeb3fd8.svs
3185,SLD-1f626a97.svs SLD-2bdb5720.svs SLD-68afe2b8.svs SLD-63eaa07f.svs SLD-f436498e.svs
3186,SLD-583678ee.svs SLD-52b04994.svs SLD-f3ca5f64.svs SLD-5cfa38b1.svs SLD-27fa8b8a.svs SLD-a02ebb76.svs
3187,SLD-2c05b870.svs SLD-fff83cec.svs
3188,SLD-9da28338.svs SLD-44f20133.svs SLD-61994015.svs SLD-0a8bc856.svs SLD-c3edd9b7.svs
3189,SLD-854df9b6.svs SLD-ced4dd7c.svs SLD-6c749cf4.svs SLD-2b66b1c0.svs SLD-5fdd5329.svs
3190,SLD-58116722.svs SLD-4a9686a4.svs SLD-277dfc7b.svs SLD-3e581dd5.svs
3191,SLD-b270af55.svs
3192,SLD-dcae667e.svs SLD-01ce5fc6.svs
3193,SLD-d13ec39c.svs SLD-5cb6f1f0.svs SLD-7b0f78c1.svs
3194,SLD-907d8532.svs SLD-53ff6644.svs SLD-919c21ed.svs SLD-d47133e7.svs SLD-2076d932.svs SLD-5ac5f4f0.svs SLD-4741ee56.svs
3195,SLD-54a1d505.svs SLD-dca5b353.svs SLD-de62d43f.svs SLD-261908b9.svs SLD-ccf719ab.svs
3196,SLD-cbf8e26a.svs SLD-b2e74e77.svs
3197,SLD-9e0df45b.svs SLD-992a34a1.svs SLD-052daad3.svs SLD-c734bb05.svs SLD-084fa819.svs
3198,SLD-ed7a6edf.svs SLD-1a895c62.svs SLD-6d5b7d50.svs
3199,SLD-0876daaa.svs SLD-96248805.svs SLD-8f08963c.svs SLD-dcae667e.svs SLD-8eeb3fd8.svs
3200,SLD-b56b9357.svs SLD-8476af98.svs SLD-53f3c158.svs SLD-c846bf90.svs
3201,SLD-e44fc3a9.svs SLD-90e639e1.svs SLD-254bf7ae.svs SLD-6c0be55c.svs
3202,SLD-ac73189c.svs SLD-3db4cb81.svs
3203,SLD-41300879.svs
3204,SLD-64e322cf.svs
3205,SLD-7984f33f.svs SLD-eda67806.svs SLD-2d58bce9.svs SLD-61c61ae4.svs
3206,SLD-0c15a575.svs
3207,SLD-2d4ba5a4.svs SLD-a629d332.svs
3208,SLD-51abf5e5.svs SLD-8930d179.svs SLD-e4bacd78.svs SLD-74aba9fc.svs SLD-533c9a31.svs SLD-4168705a.svs SLD-cb775e24.svs
3209,SLD-b5e2834d.svs
3210,SLD-ca20854d.svs SLD-0b6d9611.svs SLD-1349747a.svs SLD-7499b28c.svs
3211,SLD-e8751766.svs SLD-03927935.svs SLD-7ed61f4e.svs SLD-a31ca36b.svs
3212,SLD-0f2670d2.svs SLD-356af737.svs SLD-4aaeb212.svs SLD-09cd3bdf.svs
3213,SLD-34367eaa.svs SLD-6b5a174d.svs
3214,SLD-bc5074ac.svs
3215,SLD-4e98ce25.svs
3216,SLD-b9534807.svs SLD-8af37d72.svs SLD-84eaf943.svs SLD-d9efbb41.svs
3217,SLD-17b18e6e.svs SLD-3b7c1f9a.svs SLD-f5feba5e.svs
3218,SLD-113c1836.svs SLD-1d010478.svs SLD-77f4531b.svs
3219,SLD-586f1721.svs
3220,SLD-55f7792a.svs SLD-6d7fe9b2.svs SLD-91fd7d4a.svs SLD-1a9e8547.svs
3221,SLD-379deda1.svs
3222,SLD-55c7ed9d.svs SLD-1db2b452.svs SLD-b318ad4c.svs SLD-6d316b4a.svs
3223,SLD-5abec113.svs SLD-fb46ed39.svs SLD-ae2562ca.svs SLD-31cb5e8e.svs SLD-a1832fdb.svs SLD-8772c347.svs SLD-28948b4c.svs
3224,SLD-f40d2a37.svs SLD-7ea496f5.svs SLD-e10b4aad.svs SLD-a92d6b05.svs SLD-8e36b82f.svs
3225,SLD-c5dd967b.svs SLD-88239867.svs SLD-08f1100b.svs SLD-ef208346.svs SLD-8d56206d.svs
3226,SLD-c6962905.svs
3227,SLD-66dfeb1e.svs SLD-9ab3cc27.svs SLD-b4480761.svs SLD-232f8c5b.svs SLD-425832c0.svs
3228,SLD-a604e5af.svs
3229,SLD-e5a15243.svs SLD-c7281f15.svs SLD-b5cbb690.svs
3230,SLD-ef38d426.svs SLD-7d718591.svs SLD-476c4878.svs SLD-3fee2fc7.svs SLD-38553ac8.svs
3231,SLD-4e60678b.svs
3232,SLD-d8a230de.svs SLD-fa999f9b.svs SLD-86de3365.svs SLD-afb120f4.svs SLD-14d4dad6.svs
3233,SLD-ce1bb02a.svs SLD-adb6da35.svs SLD-cb4d18d6.svs SLD-849b8a44.svs SLD-92e94e89.svs
3234,SLD-3d3703f8.svs SLD-f7cd0b75.svs
3235,SLD-d61a43f2.svs SLD-393031a6.svs SLD-b5178761.svs SLD-8ecb4971.svs SLD-378b094c.svs
3236,SLD-a1fdcdf1.svs
3237,SLD-614f1ddc.svs
3238,SLD-688181a8.svs SLD-70d22718.svs
3239,SLD-c846bf90.svs SLD-40fe6898.svs SLD-8476af98.svs SLD-53f3c158.svs SLD-b34dc8b0.svs
3240,SLD-75fc1b10.svs SLD-697b8538.svs SLD-b8d13539.svs SLD-ca3c4050.svs SLD-33251c76.svs
3241,SLD-64d02759.svs SLD-21da132c.svs
3242,SLD-90e639e1.svs
3243,SLD-5a220eb2.svs
3244,SLD-af8c96a9.svs
3245,SLD-dc68d4fd.svs
3246,SLD-78a55d6b.svs SLD-f6f25926.svs
3247,SLD-a31ca36b.svs SLD-29530a13.svs SLD-d1cae193.svs SLD-e8751766.svs
3248,SLD-ffeb5d5f.svs SLD-00f520f4.svs
3249,SLD-b4577bf7.svs
3250,SLD-a0f9c074.svs
3251,SLD-f3f05323.svs SLD-88da091b.svs SLD-0212585b.svs SLD-0b2f8580.svs
3252,SLD-00fdec23.svs
3253,SLD-bf5545ce.svs SLD-d8a1a546.svs SLD-de386aeb.svs SLD-299cf16b.svs SLD-54a6087c.svs
3254,SLD-68fc642a.svs
3255,
3256,SLD-378b094c.svs
3257,SLD-6a480542.svs SLD-bbf9bb01.svs SLD-101bb5fa.svs SLD-07dc02b1.svs SLD-1965e435.svs
3258,SLD-7bb8c2f1.svs SLD-1624d318.svs
3259,SLD-c149fa8e.svs SLD-3421beaf.svs
3260,SLD-6c749cf4.svs SLD-3b239fd8.svs SLD-b4ca0142.svs SLD-0d20f686.svs SLD-ced4dd7c.svs SLD-854df9b6.svs
3261,SLD-246cb09c.svs SLD-4c4b91fe.svs SLD-8cffbbb1.svs SLD-6ab01563.svs SLD-ed28508d.svs SLD-6c148fc6.svs SLD-bdaa3bfa.svs
3262,SLD-590e83da.svs SLD-2d8b5b41.svs SLD-1f12a0e9.svs SLD-078548d7.svs SLD-b1182d23.svs SLD-586f1721.svs SLD-028d042b.svs
3263,SLD-b34dc8b0.svs SLD-40fe6898.svs
3264,SLD-25323fd3.svs SLD-c9f35bf8.svs
3265,SLD-852d2ee5.svs SLD-e583847f.svs
3266,SLD-357f0a64.svs SLD-f8cc3f3b.svs SLD-62d59938.svs SLD-fa7bff5f.svs
3267,SLD-dc2151e1.svs SLD-4312ece2.svs SLD-10cc8711.svs SLD-91fcfe88.svs SLD-552ae5ca.svs
3268,SLD-f642c8f3.svs SLD-70f8dd99.svs SLD-5f20f406.svs
3269,SLD-0ef05b6f.svs SLD-ed4879e7.svs SLD-daa6b26a.svs
3270,
3271,SLD-20ca35ab.svs SLD-d7285256.svs
3272,SLD-70d22718.svs SLD-688181a8.svs SLD-13d1ea49.svs SLD-0dd35d11.svs SLD-d5cf2dc4.svs SLD-ed469bf4.svs SLD-5b9e42d0.svs
3273,SLD-24eac3f4.svs
3274,SLD-571c9d78.svs SLD-402988fd.svs SLD-62d59938.svs SLD-1db1dfdc.svs SLD-357f0a64.svs SLD-d59b148f.svs
3275,SLD-dfec4623.svs
3276,SLD-8e36b82f.svs SLD-f40d2a37.svs SLD-a92d6b05.svs SLD-e10b4aad.svs SLD-cf2a2198.svs SLD-a71b80ef.svs
3277,SLD-e9184b9f.svs
3278,SLD-ac2c10d0.svs
3279,SLD-2ab465e9.svs
3280,SLD-fa999f9b.svs SLD-86de3365.svs SLD-afd86432.svs SLD-14d4dad6.svs SLD-11035083.svs SLD-ddfae808.svs
3281,SLD-7281b8a9.svs SLD-25e4979d.svs SLD-e5aef699.svs
3282,SLD-0932f5b6.svs SLD-dd02e100.svs SLD-7de8a234.svs SLD-7b38785b.svs
3283,SLD-584d3c02.svs
3284,SLD-7a658abe.svs SLD-f660ffd5.svs SLD-68f49b51.svs
3285,SLD-8a647b9f.svs SLD-b44788bd.svs SLD-5e2d2454.svs SLD-0bee2ebd.svs
3286,SLD-06c4e109.svs SLD-916b51ee.svs SLD-afb9f3a8.svs SLD-e9e7e1ba.svs SLD-6faefeda.svs
3287,SLD-f1c51dda.svs SLD-259a2b28.svs SLD-c781e11f.svs
3288,SLD-28b4d5b9.svs SLD-9717aa6e.svs SLD-eb1d1061.svs SLD-693d993c.svs SLD-dd55daaf.svs SLD-c30759a4.svs
3289,SLD-7f6bf51b.svs
3290,
3291,SLD-f1e7ea9b.svs SLD-4643d705.svs SLD-e44a01f6.svs
3292,SLD-0b2f8580.svs
3293,SLD-8f08963c.svs SLD-6783b0c3.svs SLD-32d116fe.svs SLD-0876daaa.svs SLD-8eeb3fd8.svs SLD-01ce5fc6.svs
3294,SLD-56e9b78d.svs SLD-7425f4e9.svs
3295,SLD-4d29d77a.svs SLD-70bc3ec1.svs SLD-f0041e32.svs SLD-d197b561.svs
3296,SLD-10cc8711.svs SLD-dc2151e1.svs SLD-91fcfe88.svs
3297,SLD-c7867a38.svs
3298,SLD-62d59938.svs
3299,SLD-6aeb5a32.svs
3300,SLD-2b021118.svs SLD-e18d99ce.svs
3301,SLD-9d0b6f5e.svs SLD-f48ef9a8.svs SLD-581332c2.svs
3302,SLD-843b2a7d.svs
3303,SLD-437249fd.svs SLD-17ee2fe6.svs
3304,SLD-91d2125a.svs SLD-dfb87708.svs
3305,SLD-bf5545ce.svs SLD-e642965c.svs SLD-299cf16b.svs SLD-de386aeb.svs SLD-54a6087c.svs
3306,SLD-2452bc39.svs SLD-dbf2eed1.svs
3307,SLD-a795ac54.svs SLD-c963d148.svs
3308,SLD-a795ac54.svs SLD-00fdec23.svs SLD-c963d148.svs
3309,SLD-18c8ece6.svs SLD-58ea0417.svs
3310,SLD-b2e74e77.svs SLD-4fae667b.svs
3311,SLD-f3254f2d.svs SLD-d48457df.svs SLD-11fba56e.svs SLD-47595b01.svs SLD-2c805ac7.svs SLD-efa2ce12.svs SLD-8c833848.svs
3312,SLD-f40d2a37.svs SLD-8e36b82f.svs SLD-a92d6b05.svs SLD-cf2a2198.svs SLD-a71b80ef.svs SLD-29bccee9.svs SLD-7ea496f5.svs
3313,SLD-b4480761.svs SLD-142a6c95.svs
3314,SLD-8a647b9f.svs
3315,SLD-b5e2834d.svs SLD-919c21ed.svs
3316,SLD-95fc7389.svs
3317,SLD-8930d179.svs
3318,SLD-ebe0572c.svs SLD-3891aef5.svs SLD-8ec9ea98.svs
3319,SLD-824734df.svs
3320,SLD-269b6c3b.svs SLD-abf0f4bd.svs
3321,SLD-b318ad4c.svs SLD-55c7ed9d.svs
3322,SLD-809e2109.svs SLD-c6be6432.svs SLD-c7867a38.svs
3323,SLD-27fa8b8a.svs SLD-4b1dd9fd.svs
3324,SLD-1b770deb.svs SLD-9c2e5562.svs SLD-8a83efc8.svs
3325,SLD-1cf4a8ed.svs SLD-53a9ec5d.svs SLD-2db6de21.svs SLD-437249fd.svs SLD-17ee2fe6.svs SLD-681091fe.svs
3326,SLD-6951743e.svs
3327,SLD-abf0f4bd.svs
3328,SLD-4e98ce25.svs SLD-c1fa924e.svs SLD-c602bd20.svs SLD-e1bccfb2.svs
3329,
3330,SLD-8513d91e.svs
3331,SLD-3956fba9.svs SLD-72323dc9.svs
3332,SLD-2d20481a.svs SLD-d7133061.svs SLD-f22a4fc6.svs SLD-d4088ff7.svs SLD-3f2de8a8.svs SLD-3cc4f772.svs
3333,SLD-03927935.svs
3334,SLD-b1182d23.svs
3335,SLD-437249fd.svs SLD-681091fe.svs SLD-1cf4a8ed.svs SLD-b9b5c70e.svs SLD-53a9ec5d.svs SLD-2db6de21.svs
3336,SLD-1cf4a8ed.svs
3337,SLD-9750ca7e.svs SLD-246cb09c.svs SLD-bdaa3bfa.svs SLD-ed28508d.svs SLD-6c148fc6.svs SLD-8cffbbb1.svs SLD-6ab01563.svs
3338,SLD-a1fdcdf1.svs SLD-71df24d9.svs SLD-605dd4d6.svs SLD-0ecfb95b.svs SLD-877a2133.svs SLD-5e87905a.svs SLD-f2ed33e1.svs
3339,SLD-fdd2ed7a.svs SLD-16408169.svs SLD-60257199.svs SLD-f97ccc57.svs
3340,
3341,SLD-d03459a4.svs SLD-95fc7389.svs SLD-2ca723c4.svs SLD-8f4ed442.svs
3342,SLD-46e785ad.svs SLD-b02de52c.svs SLD-1cb66f67.svs
3343,SLD-35a7c6ed.svs SLD-deb4e6c4.svs SLD-14827a89.svs
3344,SLD-26b1caba.svs SLD-2fb01074.svs
3345,SLD-bb5f15c1.svs SLD-cb18d6a4.svs SLD-9d4319b5.svs SLD-15db4487.svs SLD-b0445ebb.svs
3346,SLD-d1c3d1bc.svs
3347,SLD-ff88ec82.svs SLD-7fa74d8a.svs
3348,SLD-3956fba9.svs SLD-40d2d16f.svs SLD-3db612f4.svs SLD-c67781b2.svs SLD-f5652d00.svs SLD-72323dc9.svs
3349,SLD-14aaaefe.svs
3350,SLD-a11b26b0.svs SLD-45a16970.svs SLD-6e05724d.svs SLD-1e709e19.svs SLD-43a061c4.svs SLD-08236adf.svs
3351,SLD-49bcf4a8.svs
3352,SLD-350d278d.svs
3353,SLD-5df2e073.svs
3354,SLD-55e9718e.svs SLD-816480fa.svs
3355,SLD-b6e355f6.svs SLD-385af463.svs SLD-5e4af862.svs SLD-ade6c5e9.svs SLD-fd0ba70e.svs SLD-6c4c3935.svs SLD-379deda1.svs
3356,SLD-af8c96a9.svs
3357,SLD-96062930.svs SLD-e47c98ea.svs SLD-c315d334.svs
3358,SLD-13d72846.svs SLD-4e051eea.svs SLD-17776c3a.svs SLD-5e146c30.svs SLD-6c1b6811.svs SLD-92dbd613.svs SLD-39ebfa32.svs
3359,
3360,SLD-06792b47.svs SLD-95decd6e.svs SLD-53f04099.svs
3361,SLD-29530a13.svs
3362,SLD-8ec9ea98.svs SLD-6581f934.svs SLD-9bbac838.svs
3363,SLD-f436498e.svs
3364,SLD-1bce35d8.svs SLD-b02de52c.svs SLD-1cb66f67.svs SLD-9b050db2.svs SLD-46e785ad.svs SLD-8ee4fd02.svs SLD-cbe88a3f.svs
3365,SLD-af8c96a9.svs SLD-58e760bf.svs SLD-df61c534.svs SLD-57d1d37c.svs
3366,SLD-28948b4c.svs SLD-f0fcccc6.svs SLD-fb46ed39.svs SLD-5abec113.svs
3367,SLD-353e0c86.svs
3368,SLD-6bf4d047.svs SLD-2cbb93c2.svs SLD-c4841a8d.svs
3369,SLD-0ff73f25.svs SLD-ca3c4050.svs SLD-33251c76.svs SLD-75fc1b10.svs SLD-697b8538.svs SLD-e7a2d2d0.svs SLD-d8efb5c9.svs
3370,SLD-37fef6b5.svs
3371,SLD-ac7b7ab2.svs SLD-24aeba79.svs
3372,SLD-726e8017.svs SLD-061f5679.svs SLD-e355c369.svs SLD-7b056d02.svs SLD-c674d244.svs SLD-ef617cac.svs SLD-b931a26d.svs
3373,SLD-f9154865.svs SLD-69967b5c.svs SLD-586523b8.svs SLD-ac91c01e.svs
3374,SLD-5e4af862.svs SLD-6c4c3935.svs
3375,SLD-3b239fd8.svs SLD-854df9b6.svs SLD-6c749cf4.svs SLD-5fdd5329.svs SLD-b4ca0142.svs SLD-0d20f686.svs SLD-ced4dd7c.svs
3376,SLD-8c94af98.svs
3377,SLD-542d19c0.svs SLD-ba626aee.svs SLD-5ba830dc.svs SLD-a629d332.svs
3378,SLD-f0bd7405.svs
3379,SLD-ff7acd86.svs SLD-eba08424.svs SLD-d5e8b89c.svs
3380,SLD-ebe7ef91.svs SLD-63eaa07f.svs
3381,SLD-a2bb6283.svs
3382,SLD-23aa9e67.svs SLD-f0041e32.svs SLD-70bc3ec1.svs SLD-4d29d77a.svs
3383,SLD-269b6c3b.svs SLD-3c740119.svs
3384,SLD-329cd43a.svs SLD-0061fd30.svs SLD-14e16706.svs
3385,SLD-291a58af.svs SLD-8c5c192f.svs SLD-b22b8974.svs SLD-f1c51dda.svs
3386,SLD-92f078b8.svs SLD-48622a67.svs SLD-6a325333.svs SLD-22696227.svs
3387,SLD-fc9ea692.svs SLD-4fdc1351.svs SLD-a629d332.svs SLD-2d4ba5a4.svs SLD-542d19c0.svs SLD-ba626aee.svs SLD-c90853fd.svs
3388,SLD-b931a26d.svs SLD-c674d244.svs SLD-061f5679.svs
3389,SLD-99e8c828.svs SLD-64d02759.svs SLD-13f2a37c.svs SLD-12bdf75f.svs
3390,SLD-2ee66e21.svs SLD-d9efbb41.svs SLD-ec4f4490.svs SLD-8af37d72.svs SLD-b9534807.svs
3391,SLD-2b66b1c0.svs
3392,SLD-ed4879e7.svs SLD-0ef05b6f.svs SLD-daa6b26a.svs SLD-b287c440.svs SLD-e30d04fd.svs
3393,SLD-53f3c158.svs SLD-8476af98.svs SLD-c846bf90.svs
3394,SLD-e355c369.svs SLD-061f5679.svs
3395,SLD-2fcf3b87.svs
3396,SLD-dba620f1.svs SLD-e47c98ea.svs SLD-3e1fa8ac.svs SLD-bda31488.svs
3397,SLD-94d50a99.svs SLD-11ab249d.svs SLD-d5e8b89c.svs
3398,SLD-531da6ac.svs SLD-4bc972ce.svs
3399,
3400,SLD-c202387b.svs SLD-adb6da35.svs SLD-cb4d18d6.svs
3401,SLD-90823eda.svs SLD-60257199.svs SLD-f97ccc57.svs
3402,SLD-2ca723c4.svs SLD-d020baee.svs SLD-8f4ed442.svs SLD-153251c9.svs
3403,SLD-01275a63.svs SLD-f3f05323.svs
3404,SLD-6a27241f.svs
3405,SLD-2d492ca2.svs SLD-b934718f.svs SLD-956c2129.svs SLD-a2698c2d.svs
3406,SLD-75fc1b10.svs SLD-e7a2d2d0.svs SLD-33251c76.svs SLD-ca3c4050.svs SLD-0ff73f25.svs SLD-b8d13539.svs
3407,SLD-eb1c3ba4.svs SLD-d5cf2dc4.svs SLD-0dd35d11.svs SLD-688181a8.svs
3408,SLD-a07f7f47.svs SLD-fe38784b.svs SLD-7c2b940d.svs SLD-958cd60e.svs
3409,SLD-399f8a8f.svs SLD-10fc9eee.svs SLD-0a1727f7.svs SLD-843b2a7d.svs SLD-21681081.svs
3410,SLD-1db1dfdc.svs SLD-571c9d78.svs SLD-357f0a64.svs
3411,SLD-44f20133.svs SLD-c3edd9b7.svs SLD-0a8bc856.svs SLD-9da28338.svs
3412,SLD-f9d0a163.svs SLD-8c3fa29f.svs SLD-a94501d7.svs
3413,SLD-fc9ea692.svs SLD-4fdc1351.svs SLD-a629d332.svs SLD-2d4ba5a4.svs
3414,SLD-62276cbc.svs SLD-c707aef9.svs
3415,SLD-3fee2fc7.svs SLD-38553ac8.svs SLD-20ca35ab.svs SLD-ef38d426.svs SLD-476c4878.svs SLD-d7285256.svs SLD-deffed7a.svs
3416,SLD-788c31f6.svs SLD-c734bb05.svs
3417,SLD-cc869dea.svs
3418,SLD-40aaec7a.svs
3419,SLD-6f1bdd07.svs SLD-49b564fb.svs SLD-75fd3537.svs SLD-92a651d7.svs SLD-30f2c485.svs SLD-c069c542.svs SLD-24039721.svs
3420,SLD-a100ed14.svs SLD-01fda698.svs SLD-fa92cd28.svs
3421,SLD-1db1dfdc.svs SLD-62d59938.svs SLD-402988fd.svs SLD-357f0a64.svs
3422,SLD-58bf3b9e.svs SLD-8c94af98.svs SLD-c6c3744c.svs
3423,SLD-b259a6a0.svs SLD-3a8d1c00.svs SLD-aaa28439.svs SLD-cfe4fb66.svs SLD-7c8d5368.svs
3424,SLD-64e322cf.svs SLD-2e573864.svs SLD-28d798b4.svs
3425,SLD-4fab2ad8.svs
3426,SLD-0542bd75.svs SLD-99e8c828.svs SLD-21da132c.svs
3427,SLD-8a74bec5.svs SLD-dfb87708.svs
3428,SLD-aab6941b.svs SLD-5df5672b.svs SLD-5ba48aa0.svs SLD-992e7dea.svs SLD-25d203e3.svs
3429,SLD-74aba9fc.svs SLD-51abf5e5.svs SLD-cb775e24.svs SLD-e4bacd78.svs SLD-533c9a31.svs SLD-8930d179.svs SLD-52ab793f.svs
3430,SLD-ec6e61bd.svs
3431,SLD-b34dc8b0.svs SLD-8476af98.svs
3432,SLD-6ab01563.svs SLD-246cb09c.svs SLD-8cffbbb1.svs SLD-bdaa3bfa.svs SLD-6c148fc6.svs SLD-ed28508d.svs
3433,SLD-29bccee9.svs SLD-a71b80ef.svs SLD-cf2a2198.svs SLD-8e36b82f.svs SLD-7ea496f5.svs
3434,SLD-e46232e7.svs SLD-8a647b9f.svs SLD-35c3de95.svs SLD-b52f6009.svs
3435,SLD-c9fe6036.svs SLD-9c2e5562.svs
3436,SLD-9b050db2.svs SLD-1cb66f67.svs
3437,SLD-3bcab3ea.svs SLD-d1f15ee7.svs SLD-d26d028d.svs SLD-816480fa.svs SLD-90a2b8e1.svs SLD-141bd896.svs
3438,SLD-4124405b.svs SLD-4312ece2.svs SLD-f164f9d8.svs SLD-dc2151e1.svs SLD-7e56ac3d.svs
3439,SLD-078548d7.svs SLD-b1182d23.svs SLD-1f12a0e9.svs
3440,SLD-eb1d1061.svs
3441,SLD-a38d8afc.svs SLD-f97ccc57.svs
3442,SLD-90823eda.svs SLD-a38d8afc.svs SLD-fdd2ed7a.svs SLD-ce5dc807.svs SLD-10da8a95.svs
3443,SLD-fefc5b4a.svs SLD-dd55daaf.svs SLD-693d993c.svs SLD-28b4d5b9.svs
3444,SLD-f8db1a4d.svs SLD-22c71d04.svs SLD-a9fa4ea6.svs SLD-376e22a6.svs
3445,SLD-bdaa3bfa.svs SLD-6c148fc6.svs
3446,SLD-e139d15d.svs SLD-6a27241f.svs SLD-37d316a4.svs SLD-bb9e5a02.svs SLD-bc6ff6ac.svs
3447,SLD-379deda1.svs SLD-5e4af862.svs
3448,SLD-4bc01de3.svs SLD-70bc3ec1.svs SLD-d197b561.svs SLD-f0041e32.svs SLD-4d29d77a.svs SLD-23aa9e67.svs SLD-cf085288.svs
3449,SLD-c15648ff.svs SLD-488cac4e.svs SLD-5a9414b8.svs SLD-40aaec7a.svs SLD-ac2c10d0.svs SLD-e8a56f31.svs
3450,SLD-77f4531b.svs SLD-d89331ac.svs
3451,SLD-e7a2d2d0.svs
3452,SLD-584d3c02.svs SLD-a9fa4ea6.svs SLD-ec071cf1.svs SLD-e47638ec.svs
3453,SLD-788c31f6.svs SLD-9e0df45b.svs SLD-21f8c156.svs SLD-084fa819.svs
3454,SLD-88239867.svs
3455,SLD-05f2b928.svs
3456,SLD-0e96ed9b.svs SLD-defa7864.svs SLD-2fcf3b87.svs SLD-be3feafd.svs SLD-5d158e44.svs
3457,SLD-34367eaa.svs SLD-c095e099.svs
3458,SLD-9870c707.svs SLD-fb24cba4.svs
3459,SLD-0a9d499c.svs
3460,SLD-e355c369.svs SLD-b931a26d.svs SLD-726e8017.svs SLD-7b056d02.svs SLD-061f5679.svs SLD-c674d244.svs
3461,SLD-a8e6a772.svs SLD-581ba307.svs
3462,SLD-8625dcb0.svs SLD-2b021118.svs SLD-d5511e14.svs
3463,SLD-74aba9fc.svs
3464,SLD-953c178e.svs
3465,SLD-f0fcccc6.svs SLD-8772c347.svs
3466,SLD-e6e4b8df.svs
3467,SLD-91fd7d4a.svs SLD-739ac9e2.svs SLD-d560e64c.svs SLD-6d7fe9b2.svs
3468,SLD-816480fa.svs SLD-d1f15ee7.svs
3469,SLD-91fd7d4a.svs
3470,SLD-fa999f9b.svs SLD-afb120f4.svs SLD-14d4dad6.svs SLD-86de3365.svs
3471,SLD-f45c8840.svs SLD-c3edd9b7.svs SLD-0a8bc856.svs
3472,SLD-c5dd967b.svs
3473,SLD-aa66b464.svs SLD-0dcf035b.svs SLD-f4db1c1e.svs
3474,SLD-0b4cba0a.svs SLD-4fae667b.svs SLD-0fe1cedf.svs
3475,SLD-4d4985dc.svs SLD-55c7ed9d.svs SLD-bc18a40b.svs
3476,SLD-5882e3bb.svs
3477,SLD-3c9a9236.svs SLD-e51c0cdb.svs SLD-be792965.svs SLD-dd1f8e30.svs SLD-824734df.svs
3478,SLD-852d2ee5.svs SLD-e583847f.svs
3479,SLD-0f2670d2.svs SLD-50ae2652.svs SLD-6253dfe3.svs SLD-09cd3bdf.svs
3480,SLD-5cb6f1f0.svs SLD-d13ec39c.svs SLD-1baf01f1.svs SLD-517fa07e.svs
3481,SLD-01275a63.svs SLD-0212585b.svs SLD-213124bd.svs SLD-f3f05323.svs SLD-88da091b.svs SLD-61f6c877.svs
3482,SLD-259a2b28.svs SLD-b22b8974.svs SLD-28280370.svs
3483,SLD-0b4cba0a.svs
3484,SLD-50c6fa8c.svs SLD-a07f7f47.svs SLD-f489362c.svs SLD-10345193.svs
3485,SLD-61067a8c.svs SLD-b7d779cc.svs SLD-d7a3283c.svs SLD-b4d4dfcc.svs SLD-c8bf23fb.svs
3486,SLD-abf0f4bd.svs
3487,SLD-eba08424.svs
3488,SLD-8ecb4971.svs
3489,SLD-c602bd20.svs SLD-e1bccfb2.svs SLD-c1fa924e.svs
3490,SLD-28702bb1.svs
3491,SLD-b13bad4e.svs SLD-84403b37.svs
3492,SLD-a5e3a719.svs
3493,SLD-920c3de9.svs SLD-c5dd967b.svs
3494,SLD-1cf4a8ed.svs
3495,SLD-affe2554.svs SLD-6f6ddf79.svs SLD-a5e3a719.svs SLD-7281b8a9.svs SLD-e5aef699.svs
3496,SLD-8a663359.svs SLD-abe0a177.svs
3497,SLD-b080e003.svs SLD-eecb325b.svs SLD-3b9cea95.svs
3498,SLD-f75a7e6f.svs SLD-a2bb6283.svs SLD-4815642c.svs SLD-2b863694.svs SLD-5a220eb2.svs SLD-3d83ad7c.svs SLD-541d1a81.svs
3499,SLD-681091fe.svs SLD-17ee2fe6.svs SLD-2db6de21.svs
3500,SLD-c4c536fb.svs
3501,SLD-38a7ac54.svs SLD-4d03cbdd.svs
3502,SLD-6951743e.svs SLD-95e19cb6.svs
3503,SLD-9e0df45b.svs SLD-084fa819.svs SLD-21f8c156.svs SLD-26c00984.svs SLD-992a34a1.svs SLD-052daad3.svs
3504,SLD-b56b9357.svs SLD-40fe6898.svs
3505,SLD-907d8532.svs
3506,SLD-9717aa6e.svs SLD-c30759a4.svs SLD-48a133ab.svs SLD-dd55daaf.svs SLD-28b4d5b9.svs SLD-693d993c.svs SLD-fefc5b4a.svs
3507,SLD-f3254f2d.svs SLD-8c833848.svs SLD-11fba56e.svs
3508,SLD-4fdc1351.svs SLD-ba626aee.svs
3509,SLD-fc145cfe.svs SLD-f9154865.svs SLD-734c5192.svs
3510,SLD-8772c347.svs SLD-5abec113.svs SLD-28948b4c.svs SLD-f0fcccc6.svs SLD-ae2562ca.svs
3511,SLD-6f6ddf79.svs
3512,SLD-ef7dee1a.svs SLD-53f3c158.svs SLD-40fe6898.svs SLD-425de95f.svs
3513,SLD-cb18d6a4.svs SLD-9d4319b5.svs
3514,SLD-fe656bef.svs SLD-d97d2b38.svs SLD-a4a98266.svs SLD-06999e1e.svs SLD-8463416a.svs SLD-e0efc989.svs
3515,SLD-b259a6a0.svs SLD-40fe81ec.svs
3516,SLD-29530a13.svs SLD-8d5f52c0.svs SLD-a31ca36b.svs SLD-03927935.svs
3517,SLD-f3f05323.svs SLD-0b2f8580.svs SLD-0212585b.svs SLD-01275a63.svs SLD-3bd5f8a2.svs SLD-88da091b.svs SLD-61f6c877.svs
3518,SLD-dd55daaf.svs SLD-693d993c.svs SLD-28b4d5b9.svs SLD-fefc5b4a.svs
3519,
3520,SLD-45a16970.svs SLD-b49b93d5.svs SLD-08236adf.svs
3521,SLD-62276cbc.svs SLD-58bf3b9e.svs SLD-31e9ca80.svs
3522,SLD-17337a7c.svs SLD-c1fa924e.svs SLD-5b2d81cc.svs SLD-4e98ce25.svs SLD-53e83663.svs SLD-c602bd20.svs SLD-e1bccfb2.svs
3523,SLD-a3af11d0.svs SLD-cbf1f93c.svs SLD-a1d33772.svs SLD-94665d45.svs
3524,SLD-46e785ad.svs SLD-9b050db2.svs SLD-1bce35d8.svs SLD-cbe88a3f.svs SLD-8ee4fd02.svs
3525,SLD-4a30f7cd.svs SLD-23f1b67e.svs SLD-a795ac54.svs SLD-00fdec23.svs
3526,SLD-dd55daaf.svs
3527,SLD-f20b575d.svs
3528,SLD-77f4531b.svs SLD-1d010478.svs SLD-fde9d47d.svs SLD-113c1836.svs SLD-c110412c.svs
3529,SLD-87ba3b90.svs SLD-57030ede.svs SLD-4e3c0f2d.svs SLD-4332559d.svs SLD-1e415c4e.svs SLD-889c8ae2.svs
3530,SLD-3b7c1f9a.svs SLD-8b32992a.svs SLD-17b18e6e.svs SLD-c2953f51.svs SLD-7f67ee1a.svs SLD-c3121af6.svs SLD-f5feba5e.svs
3531,SLD-2b863694.svs SLD-3cf9d1fe.svs SLD-541d1a81.svs SLD-f75a7e6f.svs
3532,SLD-7e240205.svs SLD-bb00d206.svs
3533,SLD-399f8a8f.svs SLD-21681081.svs
3534,SLD-854df9b6.svs SLD-b4ca0142.svs
3535,SLD-4c88b9d8.svs SLD-ab12fb53.svs
3536,SLD-47595b01.svs SLD-2c805ac7.svs SLD-6c835975.svs SLD-11fba56e.svs SLD-8c833848.svs SLD-efa2ce12.svs
3537,SLD-abf0f4bd.svs SLD-269b6c3b.svs SLD-16f14aad.svs
3538,SLD-1624d318.svs SLD-7bb8c2f1.svs SLD-3421beaf.svs SLD-a1ab17c0.svs
3539,SLD-1a9e8547.svs
3540,SLD-a36bcb01.svs SLD-67e98363.svs SLD-905c053b.svs
3541,SLD-6c0be55c.svs SLD-254bf7ae.svs
3542,SLD-a1d53402.svs SLD-5bd71dc6.svs SLD-4704768e.svs SLD-669ff1b9.svs SLD-6e927501.svs SLD-ea75e34d.svs SLD-5bf57279.svs
3543,SLD-e6b920da.svs SLD-5f20f406.svs SLD-4b1678e4.svs SLD-ba6a098f.svs SLD-70f8dd99.svs
3544,SLD-f1c58f44.svs SLD-7e083c1b.svs SLD-566ff3ec.svs
3545,SLD-d6ada066.svs SLD-4fbe2aae.svs
3546,SLD-453432cd.svs SLD-9ef1c846.svs
3547,SLD-1b770deb.svs
3548,SLD-31234efe.svs SLD-dd138266.svs SLD-1058fe8c.svs SLD-da54f267.svs SLD-6e648043.svs SLD-5bc7fdeb.svs SLD-d26d5396.svs
3549,SLD-cfe4fb66.svs
3550,SLD-52b04994.svs SLD-5cfa38b1.svs SLD-583678ee.svs
3551,SLD-6fdc5e00.svs SLD-b2e02961.svs SLD-496749fb.svs SLD-a0d9da58.svs
3552,SLD-49bcf4a8.svs SLD-7e3801af.svs SLD-d1a8d7b0.svs
3553,SLD-c6f149c7.svs
3554,SLD-1d0ab994.svs
3555,SLD-8d3ac4b9.svs SLD-25323fd3.svs SLD-26b1caba.svs SLD-c9f35bf8.svs SLD-4d03cbdd.svs
3556,SLD-3b9cea95.svs SLD-5e7f503c.svs SLD-b080e003.svs SLD-064f768d.svs SLD-dbf2eed1.svs SLD-eecb325b.svs SLD-2452bc39.svs
3557,SLD-e7aad070.svs
3558,SLD-f0fcccc6.svs SLD-8772c347.svs
3559,SLD-dbf2eed1.svs SLD-2452bc39.svs
3560,SLD-f0fcccc6.svs SLD-fb46ed39.svs SLD-8772c347.svs SLD-a1832fdb.svs SLD-ae2562ca.svs SLD-28948b4c.svs
3561,SLD-40fe6898.svs SLD-53f3c158.svs
3562,SLD-18c8ece6.svs SLD-8ecb4971.svs SLD-b5178761.svs SLD-378b094c.svs
3563,SLD-6c835975.svs SLD-47595b01.svs SLD-d48457df.svs
3564,SLD-119fc1c4.svs SLD-64aba3f6.svs SLD-68f49b51.svs SLD-90ed41f4.svs SLD-1188afa1.svs
3565,SLD-98decbf6.svs SLD-84403b37.svs SLD-0e5bc44c.svs SLD-23d83f22.svs SLD-b13bad4e.svs SLD-d9732b86.svs SLD-e368f7d2.svs
3566,SLD-28702bb1.svs
3567,SLD-77f4531b.svs SLD-d89331ac.svs
3568,SLD-cb775e24.svs SLD-533c9a31.svs SLD-51abf5e5.svs
3569,SLD-1ac902ee.svs SLD-d3b564b0.svs SLD-32ae2a20.svs SLD-5c949381.svs SLD-60c6b3ed.svs SLD-755a3ac1.svs SLD-25777cf0.svs
3570,SLD-541d1a81.svs SLD-3cf9d1fe.svs SLD-4815642c.svs SLD-3d83ad7c.svs
3571,SLD-28600311.svs SLD-96062930.svs SLD-3e1fa8ac.svs
3572,SLD-8a7f03ae.svs SLD-64e322cf.svs SLD-2e573864.svs SLD-43eb280e.svs
3573,SLD-586f1721.svs SLD-2d8b5b41.svs SLD-1f12a0e9.svs SLD-078548d7.svs SLD-b1182d23.svs SLD-590e83da.svs SLD-028d042b.svs
3574,SLD-d5e8b89c.svs SLD-469fc269.svs SLD-94d50a99.svs SLD-eba08424.svs SLD-409b3c5b.svs SLD-e291f5e1.svs
3575,SLD-aa099a46.svs SLD-0262a5aa.svs SLD-7afc50cd.svs SLD-f25a3c68.svs SLD-b8bc6621.svs SLD-edec31ef.svs
3576,SLD-f0041e32.svs SLD-70bc3ec1.svs SLD-23aa9e67.svs SLD-4d29d77a.svs
3577,SLD-5bf80676.svs
3578,SLD-93a25c9b.svs
3579,SLD-b318ad4c.svs SLD-55c7ed9d.svs SLD-1db2b452.svs SLD-bc18a40b.svs
3580,SLD-53f3c158.svs SLD-40fe6898.svs SLD-c846bf90.svs
3581,
3582,SLD-06c4e109.svs SLD-6faefeda.svs
3583,SLD-fd0ba70e.svs
3584,SLD-7984f33f.svs SLD-ed0d0418.svs SLD-6a594b07.svs SLD-eda67806.svs SLD-3a19607d.svs
3585,SLD-de62d43f.svs SLD-75f2bc20.svs
3586,SLD-c7867a38.svs SLD-b2d10e3d.svs SLD-809e2109.svs SLD-e38690e7.svs
3587,SLD-c82a6c15.svs SLD-d61a43f2.svs SLD-58ea0417.svs SLD-8ecb4971.svs SLD-18c8ece6.svs SLD-378b094c.svs SLD-393031a6.svs
3588,SLD-5028361f.svs SLD-5121f31f.svs SLD-fa4b0bc6.svs
3589,SLD-39d5b552.svs SLD-abecfc0b.svs SLD-42965873.svs SLD-ab1e6794.svs SLD-a867a0f0.svs SLD-a8e6a772.svs
3590,SLD-c2eaf172.svs
3591,SLD-5bbdd1f4.svs SLD-269b6c3b.svs
3592,SLD-49b564fb.svs SLD-75fd3537.svs SLD-24039721.svs SLD-c069c542.svs
3593,SLD-b52f6009.svs SLD-35c3de95.svs SLD-0bee2ebd.svs SLD-8a647b9f.svs SLD-e46232e7.svs SLD-b44788bd.svs SLD-5e2d2454.svs
3594,SLD-b7d779cc.svs SLD-d7a3283c.svs
3595,SLD-7a658abe.svs SLD-90ed41f4.svs SLD-f3fa8613.svs
3596,SLD-4fbe2aae.svs SLD-7ee1a2a3.svs SLD-fbf70946.svs SLD-398071b1.svs SLD-024bfe48.svs
3597,SLD-1bce35d8.svs SLD-27649a62.svs
3598,SLD-b259a6a0.svs SLD-3a8d1c00.svs
3599,SLD-ca20854d.svs SLD-a1cba182.svs
3600,SLD-dcff697d.svs SLD-816480fa.svs SLD-55e9718e.svs SLD-d1f15ee7.svs
3601,SLD-e46232e7.svs SLD-8a647b9f.svs SLD-b52f6009.svs SLD-05727bb5.svs
3602,SLD-c2112eda.svs
3603,SLD-dcff697d.svs SLD-90a2b8e1.svs SLD-d26d028d.svs SLD-55e9718e.svs
3604,SLD-32d116fe.svs SLD-dcae667e.svs
3605,SLD-a0f9c074.svs SLD-2347b24f.svs SLD-9177b6d4.svs
3606,SLD-4a30f7cd.svs SLD-c963d148.svs
3607,SLD-54a6087c.svs SLD-272eaa36.svs SLD-299cf16b.svs SLD-e642965c.svs
3608,SLD-0b2f8580.svs SLD-61f6c877.svs SLD-88da091b.svs SLD-0212585b.svs
3609,SLD-9ab3cc27.svs SLD-425832c0.svs SLD-d9082a42.svs
3610,SLD-dbf2eed1.svs SLD-3b9cea95.svs SLD-9ad7558f.svs SLD-eecb325b.svs SLD-5e7f503c.svs SLD-2452bc39.svs
3611,SLD-a4a98266.svs SLD-e0efc989.svs SLD-2ab465e9.svs SLD-8463416a.svs SLD-06999e1e.svs SLD-fe656bef.svs SLD-d3d6362b.svs
3612,SLD-6df2fc82.svs SLD-40d2d16f.svs
3613,SLD-4d18c103.svs SLD-37fef6b5.svs SLD-01fda698.svs SLD-fa92cd28.svs SLD-a100ed14.svs SLD-c4c536fb.svs SLD-1d4d1180.svs
3614,SLD-0a9d499c.svs
3615,SLD-d48457df.svs SLD-6c835975.svs SLD-11fba56e.svs SLD-efa2ce12.svs
3616,SLD-101bb5fa.svs SLD-bbf9bb01.svs
3617,SLD-10345193.svs
3618,SLD-681091fe.svs SLD-b9b5c70e.svs SLD-437249fd.svs
3619,SLD-dd5aacc7.svs SLD-b7c144fb.svs SLD-1417d4f9.svs SLD-ed7a6edf.svs SLD-9ed9c124.svs
3620,SLD-bb9e5a02.svs SLD-e139d15d.svs SLD-2c2df3c2.svs SLD-6a27241f.svs SLD-37d316a4.svs SLD-3fafa217.svs SLD-bc6ff6ac.svs
3621,SLD-bb296639.svs SLD-e7aad070.svs SLD-3246b7d9.svs SLD-d7f14ec2.svs SLD-9a9dadd2.svs SLD-8e4a295d.svs
3622,SLD-f3ca5f64.svs SLD-5cfa38b1.svs SLD-a02ebb76.svs SLD-4b1dd9fd.svs
3623,SLD-3d83ad7c.svs SLD-f75a7e6f.svs SLD-2b863694.svs SLD-5a220eb2.svs SLD-3cf9d1fe.svs SLD-4815642c.svs SLD-541d1a81.svs
3624,SLD-77f4531b.svs SLD-38431ed6.svs SLD-fde9d47d.svs SLD-c110412c.svs
3625,SLD-e51c0cdb.svs SLD-be792965.svs
3626,SLD-fff83cec.svs SLD-63d0fccd.svs SLD-261cec19.svs SLD-afdb4e0b.svs SLD-cd34bcd7.svs
3627,SLD-b8bc6621.svs SLD-0262a5aa.svs SLD-aa099a46.svs SLD-7afc50cd.svs SLD-e8ef99e9.svs SLD-edec31ef.svs SLD-f25a3c68.svs
3628,SLD-28280370.svs
3629,SLD-01275a63.svs
3630,SLD-ce5dc807.svs SLD-16408169.svs SLD-10da8a95.svs SLD-f97ccc57.svs SLD-90823eda.svs
3631,SLD-8a663359.svs SLD-b7a02afd.svs
3632,SLD-f642c8f3.svs SLD-ba6a098f.svs SLD-70f8dd99.svs
3633,
3634,SLD-5cfa38b1.svs
3635,SLD-6a480542.svs
3636,SLD-94d50a99.svs SLD-e291f5e1.svs
3637,SLD-03927935.svs SLD-d1cae193.svs
3638,SLD-ad9d1f42.svs SLD-17b18e6e.svs SLD-7f67ee1a.svs SLD-f5feba5e.svs SLD-c2953f51.svs SLD-8b32992a.svs SLD-3b7c1f9a.svs
3639,SLD-2fcf3b87.svs SLD-a217cf25.svs SLD-be3feafd.svs SLD-5d158e44.svs SLD-defa7864.svs
3640,SLD-269b6c3b.svs SLD-3c740119.svs SLD-4af0a6fe.svs SLD-16f14aad.svs
3641,SLD-46e785ad.svs SLD-b02de52c.svs SLD-cbe88a3f.svs
3642,SLD-9da28338.svs SLD-f9df7275.svs SLD-61994015.svs SLD-0a8bc856.svs SLD-074f3be0.svs
3643,SLD-2922fbd8.svs
3644,SLD-63d0fccd.svs
3645,SLD-9bbac838.svs SLD-8ec9ea98.svs SLD-56e9b78d.svs SLD-315e8080.svs SLD-6581f934.svs SLD-7425f4e9.svs
3646,SLD-5028361f.svs SLD-5121f31f.svs SLD-a94501d7.svs SLD-13801f25.svs
3647,SLD-4e3c0f2d.svs SLD-57030ede.svs SLD-1e415c4e.svs SLD-889c8ae2.svs SLD-87ba3b90.svs
3648,SLD-b52f6009.svs SLD-35c3de95.svs SLD-e46232e7.svs SLD-0bee2ebd.svs
3649,SLD-b931a26d.svs SLD-ef617cac.svs SLD-c674d244.svs SLD-e355c369.svs SLD-061f5679.svs SLD-7b056d02.svs SLD-69083bd6.svs
3650,SLD-f11ddff7.svs
3651,SLD-a0d9da58.svs SLD-6fdc5e00.svs SLD-080638c9.svs SLD-3db4cb81.svs
3652,SLD-06792b47.svs
3653,SLD-566ff3ec.svs SLD-03c8e104.svs
3654,SLD-05727bb5.svs SLD-8a647b9f.svs SLD-b44788bd.svs SLD-5e2d2454.svs SLD-35c3de95.svs SLD-e46232e7.svs
3655,SLD-c2112eda.svs SLD-2f6570d7.svs SLD-3df8eeef.svs SLD-9251ad08.svs SLD-f1e7ea9b.svs SLD-ed2ee36f.svs SLD-4643d705.svs
3656,SLD-755a3ac1.svs SLD-8be04c3e.svs
3657,SLD-8772c347.svs SLD-28948b4c.svs SLD-ae2562ca.svs SLD-5abec113.svs
3658,SLD-849648e8.svs SLD-4fab2ad8.svs SLD-acf606fc.svs SLD-3b8f5fc7.svs
3659,SLD-c7281f15.svs SLD-3fbdaeed.svs
3660,SLD-00f24603.svs SLD-92b035e0.svs SLD-1ca5a2f5.svs SLD-ecf150e6.svs
3661,SLD-3956fba9.svs SLD-6df2fc82.svs SLD-72323dc9.svs SLD-40d2d16f.svs SLD-c3a31607.svs SLD-f5652d00.svs
3662,SLD-94d50a99.svs SLD-11ab249d.svs SLD-eba08424.svs SLD-e291f5e1.svs SLD-ff7acd86.svs SLD-409b3c5b.svs SLD-469fc269.svs
3663,SLD-88653e42.svs SLD-f367dbe2.svs
3664,SLD-42734d1c.svs SLD-84403b37.svs SLD-d9732b86.svs SLD-e368f7d2.svs
3665,SLD-6279d944.svs SLD-dc2897c6.svs SLD-84539813.svs SLD-baa172ac.svs
3666,SLD-1e709e19.svs SLD-08236adf.svs SLD-6e05724d.svs SLD-45a16970.svs
3667,SLD-f2d7fe55.svs SLD-aa099a46.svs SLD-f25a3c68.svs SLD-e8ef99e9.svs SLD-edec31ef.svs
3668,SLD-6e84f8ea.svs SLD-c4841a8d.svs
3669,SLD-7e083c1b.svs SLD-4f8e3e01.svs SLD-03c8e104.svs SLD-cda6a326.svs SLD-451437d6.svs SLD-566ff3ec.svs SLD-f1c58f44.svs
3670,SLD-0932f5b6.svs SLD-e3d48408.svs SLD-dd02e100.svs SLD-7de8a234.svs
3671,SLD-c2953f51.svs SLD-8b32992a.svs SLD-ad9d1f42.svs SLD-3b7c1f9a.svs SLD-c3121af6.svs
3672,SLD-5e87905a.svs SLD-a1fdcdf1.svs
3673,SLD-43eb280e.svs SLD-64e322cf.svs SLD-8a7f03ae.svs SLD-79017990.svs
3674,SLD-7984f33f.svs SLD-ed0d0418.svs
3675,SLD-0e96ed9b.svs SLD-be3feafd.svs
3676,SLD-1734a26c.svs SLD-adb6da35.svs SLD-92e94e89.svs
3677,SLD-633d9c54.svs
3678,SLD-4a9686a4.svs SLD-277dfc7b.svs SLD-3e581dd5.svs SLD-1ee1723b.svs SLD-e7524102.svs
3679,SLD-1a9e8547.svs SLD-9b87cc5e.svs SLD-739ac9e2.svs SLD-55f7792a.svs SLD-91fd7d4a.svs SLD-5a31a6a6.svs
3680,SLD-399f8a8f.svs SLD-0a66dc4e.svs SLD-de6fec4b.svs SLD-ea5f24b6.svs
3681,SLD-a604e5af.svs
3682,SLD-34367eaa.svs SLD-6b5a174d.svs SLD-f8542953.svs SLD-7e240205.svs SLD-c095e099.svs SLD-03ea038f.svs
3683,SLD-7afc50cd.svs SLD-edec31ef.svs
3684,SLD-c602bd20.svs SLD-4e98ce25.svs SLD-c1fa924e.svs SLD-17337a7c.svs SLD-53e83663.svs SLD-e1bccfb2.svs SLD-5b2d81cc.svs
3685,SLD-bb00d206.svs SLD-f8542953.svs SLD-34367eaa.svs SLD-03ea038f.svs SLD-c095e099.svs
3686,SLD-d89331ac.svs SLD-77f4531b.svs SLD-113c1836.svs
3687,SLD-38a7ac54.svs SLD-c9f35bf8.svs SLD-2fb01074.svs
3688,SLD-de386aeb.svs SLD-e642965c.svs SLD-bf5545ce.svs SLD-299cf16b.svs SLD-d8a1a546.svs SLD-272eaa36.svs
3689,SLD-a92d6b05.svs
3690,SLD-b8d13539.svs SLD-75fc1b10.svs
3691,SLD-a8e6a772.svs
3692,SLD-1d0ab994.svs
3693,SLD-9ad7558f.svs SLD-064f768d.svs SLD-2452bc39.svs SLD-b080e003.svs SLD-5e7f503c.svs
3694,SLD-c3edd9b7.svs
3695,SLD-dd55daaf.svs
3696,SLD-b4a06976.svs SLD-8df7a267.svs SLD-fd768f63.svs SLD-86fadb0e.svs SLD-579e9a46.svs
3697,SLD-722c353d.svs SLD-58116722.svs SLD-1ee1723b.svs SLD-3e581dd5.svs
3698,SLD-92e94e89.svs SLD-99a2ecb1.svs SLD-cb4d18d6.svs
3699,SLD-398071b1.svs SLD-4fbe2aae.svs
3700,SLD-d89331ac.svs SLD-1d010478.svs SLD-258694b6.svs SLD-113c1836.svs SLD-38431ed6.svs
3701,SLD-b259a6a0.svs SLD-aaa28439.svs SLD-cfe4fb66.svs SLD-ec3826bc.svs SLD-c6962905.svs SLD-7c8d5368.svs
3702,SLD-90e639e1.svs SLD-1d0ab994.svs
3703,SLD-79b68b95.svs SLD-d197b561.svs SLD-f0041e32.svs SLD-cf085288.svs SLD-4bc01de3.svs SLD-70bc3ec1.svs
3704,SLD-3246b7d9.svs SLD-5153f737.svs SLD-e7aad070.svs SLD-0021b632.svs SLD-d7f14ec2.svs SLD-8e4a295d.svs
3705,SLD-e47638ec.svs SLD-ec071cf1.svs SLD-a9fa4ea6.svs SLD-22c71d04.svs SLD-376e22a6.svs
3706,SLD-4d18c103.svs SLD-a100ed14.svs SLD-1d4d1180.svs
3707,SLD-f902d6c0.svs SLD-a1d53402.svs SLD-669ff1b9.svs SLD-6e927501.svs
3708,SLD-2d58bce9.svs SLD-6a594b07.svs
3709,SLD-2d8b5b41.svs SLD-1f12a0e9.svs SLD-586f1721.svs SLD-5bf80676.svs
3710,SLD-84eaf943.svs SLD-8af37d72.svs SLD-b66b6b0b.svs SLD-53fb2ed1.svs SLD-2ee66e21.svs
3711,SLD-4642cddb.svs SLD-fbf70946.svs SLD-7f6bf51b.svs SLD-4fbe2aae.svs SLD-024bfe48.svs SLD-d6ada066.svs
3712,SLD-350d278d.svs SLD-33a1d1c2.svs SLD-ad4ab155.svs SLD-7f411fed.svs SLD-65e04993.svs
3713,SLD-640ca20c.svs SLD-b7ae7758.svs SLD-5b45cf5a.svs
3714,SLD-3ad23fbf.svs SLD-8a7f03ae.svs SLD-2e573864.svs SLD-5d443821.svs SLD-79017990.svs SLD-28d798b4.svs SLD-43eb280e.svs
3715,SLD-9c2e5562.svs SLD-3380dcfc.svs
3716,SLD-583678ee.svs SLD-4a8b77da.svs SLD-f3ca5f64.svs SLD-52b04994.svs SLD-5cfa38b1.svs SLD-a02ebb76.svs
3717,SLD-398071b1.svs SLD-d6ada066.svs
3718,SLD-9750ca7e.svs
3719,SLD-9da28338.svs SLD-c3edd9b7.svs SLD-f9df7275.svs SLD-074f3be0.svs SLD-f45c8840.svs
3720,SLD-f6b4160b.svs SLD-992e7dea.svs
3721,SLD-ac7b7ab2.svs SLD-00d3d1af.svs
3722,SLD-3df8eeef.svs SLD-2f6570d7.svs SLD-9251ad08.svs
3723,SLD-9c899296.svs SLD-00f24603.svs SLD-0c15a575.svs SLD-1ca5a2f5.svs SLD-c6f149c7.svs
3724,SLD-c9f35bf8.svs SLD-2fb01074.svs SLD-26b1caba.svs SLD-4d03cbdd.svs SLD-25323fd3.svs
3725,SLD-f6f25926.svs SLD-fef06b04.svs SLD-4e60678b.svs SLD-f2ded00f.svs SLD-68fc642a.svs SLD-82f4b48a.svs SLD-68032f7e.svs
3726,SLD-1bce35d8.svs SLD-46e785ad.svs SLD-b02de52c.svs SLD-1cb66f67.svs SLD-cbe88a3f.svs SLD-9b050db2.svs
3727,SLD-40d2d16f.svs SLD-3db612f4.svs
3728,SLD-25fdacbe.svs
3729,SLD-f164f9d8.svs SLD-10cc8711.svs SLD-dc2151e1.svs
3730,SLD-c2112eda.svs SLD-3df8eeef.svs SLD-e44a01f6.svs SLD-f1e7ea9b.svs
3731,SLD-8eafb323.svs SLD-5b45cf5a.svs SLD-d7de701d.svs SLD-5f653800.svs SLD-b7ae7758.svs SLD-702a5b67.svs
3732,SLD-c2953f51.svs SLD-3b7c1f9a.svs
3733,SLD-8fad725d.svs SLD-feeac13d.svs SLD-fec24805.svs SLD-f48ef9a8.svs SLD-581332c2.svs SLD-6aeb5a32.svs
3734,SLD-4642cddb.svs SLD-398071b1.svs
3735,SLD-f1e7ea9b.svs
3736,SLD-91d2125a.svs SLD-95e19cb6.svs SLD-6951743e.svs SLD-da98da57.svs SLD-ca6cb87c.svs
3737,
3738,SLD-0a1727f7.svs SLD-21681081.svs SLD-de6fec4b.svs SLD-ea5f24b6.svs
3739,SLD-3c9a9236.svs
3740,SLD-8cffbbb1.svs SLD-6c148fc6.svs SLD-4c4b91fe.svs SLD-6ab01563.svs SLD-bdaa3bfa.svs SLD-ed28508d.svs
3741,SLD-afd86432.svs SLD-14d4dad6.svs
3742,SLD-c3a31607.svs SLD-6df2fc82.svs SLD-c67781b2.svs
3743,SLD-50c6fa8c.svs SLD-958cd60e.svs SLD-9045a445.svs SLD-7c2b940d.svs SLD-a07f7f47.svs
3744,SLD-ebe7ef91.svs SLD-1f626a97.svs
3745,SLD-598ca3b4.svs SLD-4a30f7cd.svs SLD-a795ac54.svs SLD-01d34690.svs SLD-00fdec23.svs
3746,SLD-b7ae7758.svs SLD-5b45cf5a.svs SLD-8eafb323.svs SLD-5f653800.svs SLD-d7de701d.svs SLD-702a5b67.svs SLD-29c836e0.svs
3747,SLD-b2d10e3d.svs
3748,SLD-a2834536.svs
3749,SLD-57030ede.svs SLD-1e415c4e.svs SLD-4e3c0f2d.svs SLD-120961ea.svs
3750,SLD-f97ccc57.svs SLD-ce5dc807.svs
3751,SLD-49b564fb.svs SLD-24039721.svs
3752,SLD-95fc7389.svs
3753,SLD-13801f25.svs SLD-5028361f.svs SLD-5121f31f.svs SLD-def1274a.svs
3754,SLD-49b564fb.svs
3755,SLD-501049e2.svs
3756,SLD-3b8f5fc7.svs SLD-6637c09f.svs
3757,SLD-dba620f1.svs SLD-28600311.svs SLD-96062930.svs SLD-35bbcdb0.svs SLD-bda31488.svs SLD-c315d334.svs
3758,SLD-402988fd.svs SLD-357f0a64.svs SLD-62d59938.svs SLD-1db1dfdc.svs SLD-d59b148f.svs
3759,SLD-d21276c2.svs
3760,SLD-2c2df3c2.svs SLD-48d8b9ef.svs SLD-3fafa217.svs SLD-e139d15d.svs SLD-bc6ff6ac.svs SLD-6a27241f.svs SLD-bb9e5a02.svs
3761,SLD-9f93e802.svs
3762,SLD-8f42cebe.svs
3763,SLD-75f2bc20.svs
3764,SLD-3cc4f772.svs SLD-d216ad53.svs SLD-f22a4fc6.svs
3765,SLD-4384860c.svs SLD-cdfa4cc8.svs SLD-68c6dd5e.svs SLD-bc52b34e.svs
3766,SLD-d9073286.svs
3767,SLD-16f14aad.svs SLD-754724dd.svs
3768,SLD-647640a1.svs SLD-0c78c2f9.svs SLD-88d3281a.svs SLD-1b4e1428.svs
3769,SLD-13f2a37c.svs SLD-12bdf75f.svs
3770,SLD-96248805.svs SLD-6783b0c3.svs SLD-01ce5fc6.svs SLD-8f08963c.svs SLD-dcae667e.svs SLD-8eeb3fd8.svs
3771,SLD-c6be6432.svs SLD-b2d10e3d.svs SLD-e27ac8e9.svs SLD-d1c3d1bc.svs SLD-c7867a38.svs SLD-809e2109.svs SLD-e38690e7.svs
3772,SLD-6e648043.svs SLD-31234efe.svs SLD-d26d5396.svs
3773,SLD-789a2829.svs SLD-b7a02afd.svs SLD-8a663359.svs
3774,SLD-1ac902ee.svs
3775,SLD-77cb1a27.svs SLD-23b870f3.svs SLD-4c88b9d8.svs SLD-5aa3892a.svs SLD-a1d20ebc.svs SLD-8f42cebe.svs
3776,SLD-571c9d78.svs SLD-f8cc3f3b.svs SLD-fa7bff5f.svs SLD-357f0a64.svs SLD-62d59938.svs SLD-1db1dfdc.svs
3777,SLD-ed7a6edf.svs SLD-dd5aacc7.svs SLD-b7c144fb.svs SLD-1417d4f9.svs SLD-9ed9c124.svs
3778,SLD-0932f5b6.svs SLD-7de8a234.svs
3779,SLD-8e4a295d.svs SLD-9a9dadd2.svs SLD-5153f737.svs
3780,SLD-39ebfa32.svs SLD-6c1b6811.svs SLD-4e051eea.svs
3781,SLD-6e648043.svs
3782,SLD-ed469bf4.svs SLD-0dd35d11.svs
3783,SLD-552ae5ca.svs
3784,SLD-e47c98ea.svs
3785,SLD-8f4ed442.svs SLD-95fc7389.svs
3786,SLD-5bf57279.svs SLD-ea75e34d.svs SLD-669ff1b9.svs SLD-4704768e.svs SLD-a1d53402.svs
3787,SLD-58e760bf.svs
3788,SLD-4d4985dc.svs
3789,SLD-c707aef9.svs SLD-c6c3744c.svs SLD-58bf3b9e.svs SLD-c88e03b6.svs SLD-8c94af98.svs SLD-31e9ca80.svs SLD-a6245b59.svs
3790,SLD-2fcf3b87.svs SLD-defa7864.svs SLD-0e96ed9b.svs SLD-15ac15c3.svs
3791,SLD-e27ac8e9.svs SLD-e38690e7.svs SLD-809e2109.svs SLD-c7867a38.svs
3792,SLD-64aba3f6.svs
3793,SLD-beb778d6.svs SLD-e18d99ce.svs SLD-ae63ad3a.svs SLD-3f79dd31.svs SLD-94d7f681.svs SLD-2b021118.svs SLD-8625dcb0.svs
3794,SLD-fa4b0bc6.svs
3795,SLD-ac73189c.svs
3796,SLD-9a9dadd2.svs SLD-e7aad070.svs
3797,SLD-849b8a44.svs SLD-adb6da35.svs SLD-1734a26c.svs
3798,SLD-49b564fb.svs
3799,SLD-3f7512c5.svs SLD-45a16970.svs SLD-1e709e19.svs
3800,SLD-e413961f.svs SLD-cdfa4cc8.svs SLD-88a0edce.svs
3801,SLD-fa92cd28.svs SLD-a100ed14.svs SLD-c4c536fb.svs SLD-01fda698.svs
3802,SLD-13f2a37c.svs SLD-0542bd75.svs
3803,SLD-c1fa924e.svs SLD-e1bccfb2.svs SLD-4e98ce25.svs
3804,SLD-7e56ac3d.svs SLD-f164f9d8.svs SLD-91fcfe88.svs SLD-dc2151e1.svs SLD-4312ece2.svs SLD-10cc8711.svs SLD-4124405b.svs
3805,SLD-8a647b9f.svs SLD-5e2d2454.svs
3806,SLD-6f6ddf79.svs SLD-e5aef699.svs SLD-affe2554.svs SLD-a5e3a719.svs
3807,SLD-0021b632.svs SLD-bb296639.svs SLD-9a9dadd2.svs SLD-8e4a295d.svs SLD-e7aad070.svs SLD-d7f14ec2.svs
3808,SLD-92e94e89.svs
3809,SLD-00cbd313.svs SLD-2bdb5720.svs SLD-63eaa07f.svs SLD-ebe7ef91.svs SLD-80245320.svs SLD-f436498e.svs
3810,
3811,SLD-30d6863f.svs
3812,SLD-5723a959.svs SLD-6e84f8ea.svs SLD-f5a3e893.svs SLD-c4841a8d.svs SLD-2cbb93c2.svs
3813,SLD-e51c0cdb.svs SLD-be792965.svs SLD-3c9a9236.svs SLD-824734df.svs SLD-b6bca2a2.svs
3814,SLD-4e98ce25.svs SLD-c1fa924e.svs
3815,SLD-5163de1d.svs SLD-fd768f63.svs SLD-8df7a267.svs SLD-579e9a46.svs
3816,SLD-9177b6d4.svs SLD-2835bcdb.svs SLD-a0f9c074.svs SLD-5f2e9167.svs
3817,SLD-b4a06976.svs SLD-5163de1d.svs SLD-c857d8c3.svs SLD-8df7a267.svs SLD-fd768f63.svs SLD-579e9a46.svs
3818,SLD-fef06b04.svs
3819,SLD-7f67ee1a.svs SLD-8b32992a.svs SLD-ad9d1f42.svs SLD-f5feba5e.svs SLD-c2953f51.svs
3820,SLD-2922fbd8.svs SLD-dca5b353.svs
3821,SLD-b8d13539.svs SLD-697b8538.svs SLD-75fc1b10.svs SLD-0ff73f25.svs SLD-d8efb5c9.svs
3822,SLD-09c64c1d.svs SLD-c6f149c7.svs SLD-ecf150e6.svs SLD-9c899296.svs
3823,SLD-c2eaf172.svs SLD-b17078ee.svs SLD-e5a15243.svs SLD-3fbdaeed.svs SLD-735b3a80.svs SLD-b5cbb690.svs
3824,SLD-6951743e.svs SLD-dfb87708.svs SLD-698eecba.svs SLD-95e19cb6.svs
3825,SLD-55c7ed9d.svs SLD-b318ad4c.svs
3826,SLD-9bd91220.svs
3827,SLD-a795ac54.svs SLD-4a30f7cd.svs SLD-01d34690.svs
3828,SLD-bdaa3bfa.svs
3829,SLD-6e3a52d7.svs SLD-5b61f92b.svs SLD-65fd5f69.svs SLD-93a25c9b.svs SLD-9cf600ec.svs
3830,SLD-d26d028d.svs SLD-d1f15ee7.svs SLD-816480fa.svs
3831,SLD-3b8f5fc7.svs SLD-7c96eefa.svs
3832,SLD-e8751766.svs SLD-059ebb2e.svs
3833,SLD-40fe6898.svs
3834,SLD-42965873.svs SLD-a8e6a772.svs SLD-ab1e6794.svs
3835,SLD-eb1c3ba4.svs SLD-d5cf2dc4.svs SLD-0dd35d11.svs
3836,SLD-f45c8840.svs
3837,SLD-258694b6.svs SLD-38431ed6.svs SLD-fde9d47d.svs SLD-113c1836.svs SLD-d89331ac.svs SLD-77f4531b.svs SLD-c110412c.svs
3838,SLD-0ef05b6f.svs
3839,SLD-9d263e76.svs SLD-3d3703f8.svs SLD-cef980ce.svs
3840,SLD-3b8f5fc7.svs SLD-6637c09f.svs SLD-8091a21d.svs
3841,SLD-b66b6b0b.svs SLD-53fb2ed1.svs
3842,SLD-61c61ae4.svs SLD-ed0d0418.svs
3843,SLD-444517ef.svs SLD-15db4487.svs SLD-b0445ebb.svs
3844,SLD-50ae2652.svs SLD-356af737.svs SLD-4aaeb212.svs SLD-6253dfe3.svs
3845,SLD-581ba307.svs SLD-a8e6a772.svs SLD-39d5b552.svs SLD-a867a0f0.svs
3846,SLD-6480fdc0.svs SLD-cda6a326.svs
3847,SLD-739ac9e2.svs SLD-6d7fe9b2.svs SLD-9b87cc5e.svs
3848,SLD-b44788bd.svs SLD-35c3de95.svs
3849,SLD-38553ac8.svs
3850,SLD-4b7350d1.svs SLD-7bb8c2f1.svs SLD-3421beaf.svs SLD-a1ab17c0.svs SLD-a32652e8.svs
3851,SLD-a604e5af.svs SLD-b261d0d2.svs SLD-8420b8d9.svs SLD-aa66b464.svs SLD-a1c2d9bf.svs SLD-f46860a2.svs
3852,SLD-3db612f4.svs SLD-40d2d16f.svs SLD-72323dc9.svs
3853,SLD-3c9590d3.svs SLD-4a82e06a.svs SLD-3e2aad3e.svs
3854,SLD-6a480542.svs SLD-07dc02b1.svs SLD-bbf9bb01.svs SLD-f45da406.svs
3855,SLD-4aaeb212.svs SLD-50ae2652.svs SLD-09cd3bdf.svs SLD-f19b43da.svs SLD-356af737.svs
3856,SLD-8d3ac4b9.svs SLD-c9f35bf8.svs SLD-4d03cbdd.svs SLD-25323fd3.svs SLD-38a7ac54.svs SLD-cc869dea.svs
3857,SLD-13801f25.svs SLD-f9d0a163.svs
3858,SLD-b4134208.svs
3859,SLD-ed2ee36f.svs SLD-e44a01f6.svs SLD-f1e7ea9b.svs SLD-9251ad08.svs SLD-4643d705.svs SLD-c2112eda.svs
3860,SLD-ef7f6bc8.svs SLD-955fbc33.svs
3861,SLD-9b050db2.svs SLD-46e785ad.svs SLD-b02de52c.svs SLD-8ee4fd02.svs SLD-cbe88a3f.svs
3862,SLD-df61c534.svs SLD-18f7e499.svs
3863,SLD-03ea038f.svs SLD-7e240205.svs SLD-bb00d206.svs SLD-6b5a174d.svs SLD-f8542953.svs SLD-c095e099.svs SLD-9df497f1.svs
3864,SLD-379deda1.svs SLD-5e4af862.svs SLD-6c4c3935.svs SLD-b6e355f6.svs SLD-385af463.svs SLD-ade6c5e9.svs
3865,SLD-df8693ce.svs SLD-00f520f4.svs SLD-0a8aa1e4.svs
3866,SLD-7bb8c2f1.svs SLD-a32652e8.svs SLD-a1ab17c0.svs SLD-1624d318.svs SLD-3421beaf.svs
3867,SLD-5abec113.svs SLD-fb46ed39.svs SLD-f0fcccc6.svs SLD-a1832fdb.svs
3868,SLD-01424249.svs SLD-b4577bf7.svs
3869,SLD-598ca3b4.svs SLD-23f1b67e.svs
3870,SLD-590e83da.svs SLD-028d042b.svs SLD-586f1721.svs
3871,SLD-2c805ac7.svs SLD-8c833848.svs SLD-47595b01.svs SLD-d48457df.svs
3872,SLD-4d236555.svs SLD-6279d944.svs SLD-bc5074ac.svs SLD-41300879.svs SLD-4fee7144.svs
3873,SLD-57d1d37c.svs SLD-8f3e64f4.svs
3874,SLD-57d1d37c.svs SLD-18f7e499.svs SLD-58e760bf.svs SLD-c7afae8f.svs
3875,SLD-ef208346.svs SLD-c5dd967b.svs SLD-432fb308.svs SLD-fa3222c4.svs SLD-8d56206d.svs
3876,SLD-e355c369.svs SLD-7b056d02.svs
3877,SLD-5a220eb2.svs SLD-541d1a81.svs SLD-4815642c.svs SLD-3d83ad7c.svs SLD-3cf9d1fe.svs
3878,SLD-5882e3bb.svs SLD-3012ae1c.svs SLD-5e6364c6.svs SLD-d658b1b3.svs SLD-864696c1.svs
3879,SLD-49b564fb.svs SLD-75fd3537.svs SLD-c069c542.svs SLD-92a651d7.svs
3880,SLD-d03459a4.svs SLD-8f4ed442.svs SLD-95fc7389.svs SLD-153251c9.svs SLD-14aaaefe.svs SLD-d020baee.svs
3881,SLD-376e22a6.svs SLD-ec071cf1.svs SLD-e47638ec.svs
3882,SLD-f2d7fe55.svs SLD-f25a3c68.svs SLD-7afc50cd.svs SLD-aa099a46.svs
3883,SLD-7f6b8793.svs SLD-55c7ed9d.svs SLD-09aedbd0.svs
3884,SLD-c781e11f.svs SLD-28280370.svs SLD-2cb38568.svs SLD-8c5c192f.svs
3885,SLD-119fc1c4.svs SLD-64aba3f6.svs SLD-f3fa8613.svs
3886,SLD-b3c161c3.svs SLD-21da132c.svs SLD-64d02759.svs SLD-dc68d4fd.svs
3887,SLD-f5652d00.svs SLD-3db612f4.svs SLD-3956fba9.svs SLD-40d2d16f.svs SLD-c3a31607.svs
3888,SLD-8c833848.svs SLD-efa2ce12.svs SLD-11fba56e.svs SLD-6c835975.svs
3889,SLD-dd1f8e30.svs SLD-b6bca2a2.svs SLD-e51c0cdb.svs SLD-824734df.svs SLD-731c877a.svs SLD-ce8c037e.svs SLD-3c9a9236.svs
3890,SLD-905c053b.svs SLD-25fdacbe.svs
3891,SLD-4fae667b.svs SLD-a5387901.svs
3892,SLD-f11ddff7.svs
3893,SLD-cbe88a3f.svs SLD-1bce35d8.svs SLD-27649a62.svs SLD-46e785ad.svs
3894,SLD-d6ada066.svs SLD-7ee1a2a3.svs SLD-fbf70946.svs SLD-7f6bf51b.svs SLD-024bfe48.svs SLD-4fbe2aae.svs SLD-398071b1.svs
3895,SLD-9c14940d.svs
3896,SLD-1ee1723b.svs
3897,SLD-10345193.svs SLD-7c2b940d.svs SLD-9045a445.svs SLD-a07f7f47.svs
3898,SLD-113c1836.svs SLD-38431ed6.svs SLD-d89331ac.svs SLD-258694b6.svs
3899,SLD-d1a8d7b0.svs SLD-bc6284a8.svs
3900,SLD-f25a3c68.svs
3901,SLD-3b7c1f9a.svs SLD-c3121af6.svs SLD-17b18e6e.svs SLD-c2953f51.svs
3902,SLD-d5cf2dc4.svs
3903,SLD-8f42cebe.svs
3904,SLD-3df8eeef.svs SLD-ed2ee36f.svs SLD-f1e7ea9b.svs
3905,SLD-1cf4a8ed.svs SLD-2db6de21.svs SLD-681091fe.svs
3906,SLD-5163de1d.svs SLD-8df7a267.svs
3907,SLD-e64ddd91.svs SLD-c9fe6036.svs SLD-4916e844.svs SLD-9c2e5562.svs SLD-8e9b185e.svs
3908,SLD-80245320.svs SLD-00cbd313.svs SLD-63eaa07f.svs SLD-2bdb5720.svs
3909,SLD-a0f9c074.svs SLD-2347b24f.svs SLD-1eda4209.svs
3910,SLD-6fdc5e00.svs SLD-4bebcf4f.svs
3911,SLD-b4577bf7.svs
3912,SLD-1e415c4e.svs SLD-889c8ae2.svs SLD-57030ede.svs SLD-87ba3b90.svs SLD-cad00273.svs
3913,SLD-c2eaf172.svs
3914,SLD-06c4e109.svs
3915,SLD-01d34690.svs SLD-23f1b67e.svs
3916,SLD-5e2d2454.svs
3917,SLD-f6b4160b.svs SLD-d466c772.svs
3918,SLD-d3d6362b.svs SLD-a4a98266.svs SLD-d97d2b38.svs SLD-8463416a.svs
3919,SLD-2d20481a.svs SLD-d216ad53.svs SLD-547e3918.svs
3920,SLD-7e56ac3d.svs
3921,SLD-af3cb9d0.svs SLD-a92c3c3e.svs SLD-7176d181.svs SLD-9c272c51.svs
3922,SLD-31234efe.svs SLD-1058fe8c.svs
3923,SLD-17ee2fe6.svs SLD-3346f7c6.svs SLD-681091fe.svs
3924,SLD-3fafa217.svs
3925,SLD-650dd400.svs SLD-10b2e6e5.svs
3926,SLD-6b5a174d.svs SLD-9df497f1.svs SLD-c095e099.svs
3927,SLD-60257199.svs
3928,SLD-2452bc39.svs SLD-dbf2eed1.svs SLD-5e7f503c.svs
3929,SLD-c110412c.svs SLD-113c1836.svs SLD-38431ed6.svs SLD-77f4531b.svs
3930,SLD-b13bad4e.svs SLD-42734d1c.svs SLD-98decbf6.svs SLD-23d83f22.svs SLD-d9732b86.svs
3931,SLD-7c8d5368.svs SLD-cfe4fb66.svs SLD-b259a6a0.svs SLD-3a8d1c00.svs SLD-ec3826bc.svs SLD-c6962905.svs SLD-40fe81ec.svs
3932,
3933,SLD-32ae2a20.svs SLD-5c949381.svs SLD-60c6b3ed.svs SLD-1ac902ee.svs SLD-8be04c3e.svs SLD-d3b564b0.svs
3934,SLD-eb1c3ba4.svs SLD-0dd35d11.svs SLD-ed469bf4.svs SLD-13d1ea49.svs
3935,SLD-3f7a2748.svs SLD-6bf4d047.svs
3936,SLD-05727bb5.svs
3937,SLD-45a16970.svs
3938,SLD-0dcf035b.svs SLD-f4db1c1e.svs SLD-a1c2d9bf.svs SLD-a604e5af.svs SLD-8420b8d9.svs
3939,SLD-f25a3c68.svs SLD-e8ef99e9.svs SLD-b8bc6621.svs SLD-7afc50cd.svs SLD-edec31ef.svs SLD-aa099a46.svs
3940,SLD-58116722.svs SLD-eed15368.svs SLD-3e581dd5.svs SLD-1ee1723b.svs SLD-277dfc7b.svs SLD-e7524102.svs
3941,SLD-0a8aa1e4.svs SLD-df8693ce.svs SLD-00f520f4.svs
3942,SLD-58e760bf.svs SLD-dfecb2ae.svs SLD-df61c534.svs
3943,SLD-b6bca2a2.svs SLD-be792965.svs
3944,SLD-7425f4e9.svs SLD-3891aef5.svs SLD-6581f934.svs SLD-8ec9ea98.svs SLD-315e8080.svs SLD-ebe0572c.svs SLD-56e9b78d.svs
3945,SLD-5bbdd1f4.svs SLD-16f14aad.svs SLD-4af0a6fe.svs SLD-3c740119.svs
3946,SLD-76a933cf.svs SLD-9cf600ec.svs SLD-5b61f92b.svs SLD-93a25c9b.svs
3947,SLD-113c1836.svs SLD-d89331ac.svs SLD-1d010478.svs
3948,SLD-f7cd0b75.svs
3949,SLD-4fab2ad8.svs SLD-8091a21d.svs
3950,SLD-2a6f1e47.svs SLD-9cf600ec.svs SLD-6e3a52d7.svs SLD-07fe6a4e.svs SLD-65fd5f69.svs SLD-5b61f92b.svs SLD-76a933cf.svs
3951,SLD-469fc269.svs SLD-409b3c5b.svs SLD-eba08424.svs SLD-d5e8b89c.svs
3952,SLD-98ba0f0e.svs SLD-00d3d1af.svs SLD-346d2b7e.svs SLD-ac7b7ab2.svs SLD-e4b82987.svs
3953,SLD-b931a26d.svs SLD-c674d244.svs SLD-e355c369.svs SLD-69083bd6.svs SLD-061f5679.svs SLD-726e8017.svs SLD-7b056d02.svs
3954,SLD-5a220eb2.svs SLD-4815642c.svs SLD-3cf9d1fe.svs SLD-f75a7e6f.svs
3955,SLD-816480fa.svs SLD-3bcab3ea.svs
3956,SLD-cbe88a3f.svs SLD-46e785ad.svs SLD-8ee4fd02.svs
3957,SLD-ec6e61bd.svs SLD-650dd400.svs SLD-6d3f4b37.svs SLD-70c455a9.svs SLD-f0bd7405.svs
3958,SLD-e642965c.svs SLD-54a6087c.svs SLD-bf5545ce.svs SLD-299cf16b.svs SLD-272eaa36.svs SLD-de386aeb.svs
3959,SLD-17337a7c.svs SLD-c602bd20.svs SLD-c1fa924e.svs
3960,SLD-cf085288.svs SLD-d197b561.svs SLD-23aa9e67.svs
3961,SLD-f4db1c1e.svs SLD-f46860a2.svs SLD-a1c2d9bf.svs SLD-aa66b464.svs SLD-8420b8d9.svs
3962,SLD-8f4ed442.svs SLD-2ca723c4.svs SLD-153251c9.svs SLD-ccd66756.svs SLD-95fc7389.svs SLD-d03459a4.svs SLD-14aaaefe.svs
3963,SLD-09cd3bdf.svs SLD-b9f94ec6.svs SLD-f19b43da.svs
3964,SLD-1bce35d8.svs SLD-8ee4fd02.svs SLD-46e785ad.svs SLD-9b050db2.svs SLD-27649a62.svs
3965,SLD-40e3469f.svs SLD-88653e42.svs SLD-e9184b9f.svs
3966,SLD-afd86432.svs SLD-d8a230de.svs
3967,SLD-ae2562ca.svs
3968,
3969,SLD-bbf9bb01.svs SLD-6a480542.svs SLD-f45da406.svs SLD-1965e435.svs SLD-27f9e728.svs SLD-c618fc1e.svs
3970,SLD-4bebcf4f.svs SLD-6fdc5e00.svs SLD-a0d9da58.svs SLD-496749fb.svs
3971,SLD-df8693ce.svs SLD-1dbc24fd.svs
3972,SLD-640ca20c.svs SLD-29c836e0.svs
3973,SLD-6e05724d.svs
3974,SLD-fb46ed39.svs SLD-28948b4c.svs
3975,SLD-39d5b552.svs SLD-ab1e6794.svs SLD-b9cde60c.svs SLD-a867a0f0.svs SLD-a8e6a772.svs
3976,SLD-b5178761.svs SLD-378b094c.svs SLD-18c8ece6.svs SLD-c82a6c15.svs SLD-393031a6.svs
3977,SLD-d61a43f2.svs
3978,SLD-60257199.svs
3979,SLD-e0acf9ff.svs SLD-647640a1.svs SLD-1b4e1428.svs SLD-da418b24.svs
3980,
3981,SLD-fff83cec.svs
3982,SLD-70d22718.svs
3983,SLD-d26d5396.svs SLD-dd138266.svs SLD-1058fe8c.svs
3984,SLD-c069c542.svs
3985,SLD-6faefeda.svs
3986,SLD-fb24cba4.svs
3987,SLD-17b18e6e.svs SLD-3b7c1f9a.svs
3988,SLD-70f8dd99.svs
3989,SLD-2e573864.svs SLD-43eb280e.svs SLD-8a7f03ae.svs
3990,SLD-68afe2b8.svs SLD-ebe7ef91.svs
3991,SLD-586523b8.svs SLD-f9154865.svs SLD-469a1289.svs
3992,SLD-ff88ec82.svs
3993,SLD-788c31f6.svs SLD-052daad3.svs SLD-21f8c156.svs SLD-992a34a1.svs
3994,SLD-33b5b3ce.svs SLD-a2939b3b.svs SLD-7fa74d8a.svs
3995,SLD-c149fa8e.svs
3996,SLD-4d18c103.svs SLD-a100ed14.svs SLD-fa92cd28.svs SLD-c4c536fb.svs
3997,SLD-4704768e.svs
3998,SLD-0061fd30.svs SLD-bdb62ff3.svs SLD-7751b3fa.svs SLD-e583847f.svs
3999,SLD-7afc50cd.svs SLD-edec31ef.svs SLD-f25a3c68.svs
4000,SLD-cad00273.svs SLD-87ba3b90.svs SLD-889c8ae2.svs
4001,SLD-22c71d04.svs SLD-376e22a6.svs SLD-ec071cf1.svs
4002,SLD-531da6ac.svs SLD-2d492ca2.svs
4003,SLD-ac2c10d0.svs SLD-5a9414b8.svs SLD-488cac4e.svs
4004,SLD-52ab793f.svs SLD-cb775e24.svs SLD-74aba9fc.svs SLD-e4bacd78.svs
4005,SLD-b318ad4c.svs SLD-1db2b452.svs SLD-bc18a40b.svs SLD-4d4985dc.svs SLD-6d316b4a.svs SLD-7f6b8793.svs SLD-09aedbd0.svs
4006,SLD-c5dd967b.svs SLD-432fb308.svs
4007,SLD-3a8d1c00.svs SLD-cfe4fb66.svs
4008,SLD-a867a0f0.svs SLD-39d5b552.svs
4009,SLD-fa3222c4.svs SLD-8d56206d.svs
4010,SLD-a2698c2d.svs SLD-956c2129.svs SLD-0a9d499c.svs SLD-531da6ac.svs
4011,SLD-cdfa4cc8.svs
4012,SLD-315e8080.svs SLD-6581f934.svs SLD-8ec9ea98.svs SLD-7425f4e9.svs
4013,SLD-9ad7558f.svs SLD-064f768d.svs
4014,SLD-f40d2a37.svs SLD-8e36b82f.svs SLD-e10b4aad.svs SLD-7ea496f5.svs SLD-29bccee9.svs
4015,SLD-552ae5ca.svs SLD-7e56ac3d.svs
4016,SLD-f1e7ea9b.svs
4017,SLD-7e56ac3d.svs SLD-dc2151e1.svs SLD-552ae5ca.svs
4018,SLD-3f7512c5.svs SLD-45a16970.svs SLD-b49b93d5.svs SLD-08236adf.svs SLD-1e709e19.svs SLD-6e05724d.svs SLD-a11b26b0.svs
4019,SLD-b8f35c26.svs SLD-517fa07e.svs SLD-ad0cabfc.svs SLD-d13ec39c.svs SLD-5cb6f1f0.svs SLD-1baf01f1.svs SLD-e4751694.svs
4020,SLD-7b056d02.svs SLD-69083bd6.svs
4021,SLD-f164f9d8.svs
4022,SLD-a3af11d0.svs SLD-81011c5b.svs
4023,SLD-ec071cf1.svs SLD-f8db1a4d.svs
4024,SLD-5a31a6a6.svs SLD-6d7fe9b2.svs SLD-91fd7d4a.svs
4025,SLD-ba626aee.svs SLD-a629d332.svs SLD-542d19c0.svs SLD-4fdc1351.svs SLD-5ba830dc.svs
4026,SLD-5e6364c6.svs
4027,SLD-955fbc33.svs
4028,SLD-70c455a9.svs SLD-f0bd7405.svs
4029,
4030,SLD-41a8a6e1.svs
4031,SLD-e1a9344e.svs SLD-01424249.svs SLD-955fbc33.svs
4032,SLD-28d798b4.svs SLD-79017990.svs SLD-64e322cf.svs SLD-2e573864.svs SLD-3ad23fbf.svs SLD-8a7f03ae.svs SLD-5d443821.svs
4033,SLD-9da28338.svs SLD-f45c8840.svs SLD-44f20133.svs SLD-0a8bc856.svs
4034,SLD-cbf8e26a.svs SLD-a5387901.svs SLD-0b4cba0a.svs
4035,SLD-0a8bc856.svs SLD-074f3be0.svs SLD-c3edd9b7.svs SLD-61994015.svs SLD-f9df7275.svs SLD-9da28338.svs SLD-f45c8840.svs
4036,SLD-cf2a2198.svs
4037,SLD-a92c3c3e.svs SLD-3957f082.svs
4038,SLD-e18d99ce.svs SLD-ae63ad3a.svs SLD-3f79dd31.svs SLD-d5511e14.svs
4039,SLD-40fe6898.svs SLD-ef7dee1a.svs SLD-b34dc8b0.svs SLD-53f3c158.svs SLD-425de95f.svs
4040,SLD-633d9c54.svs SLD-106861d3.svs
4041,SLD-8463416a.svs SLD-06999e1e.svs SLD-e0efc989.svs SLD-2ab465e9.svs SLD-d97d2b38.svs
4042,SLD-9c14940d.svs
4043,SLD-35c3de95.svs
4044,SLD-e7524102.svs SLD-4a9686a4.svs SLD-722c353d.svs SLD-3e581dd5.svs SLD-58116722.svs
4045,SLD-40aaec7a.svs SLD-488cac4e.svs SLD-df0d6301.svs
4046,SLD-0212585b.svs
4047,SLD-9d4319b5.svs SLD-bb5f15c1.svs SLD-2b2bcfda.svs
4048,SLD-50c6fa8c.svs SLD-9045a445.svs SLD-10345193.svs SLD-7c2b940d.svs
4049,SLD-c5dd967b.svs SLD-88239867.svs
4050,SLD-f19b43da.svs SLD-0f2670d2.svs SLD-356af737.svs SLD-50ae2652.svs
4051,SLD-ab1e6794.svs SLD-39d5b552.svs
4052,SLD-f8cc3f3b.svs SLD-571c9d78.svs SLD-402988fd.svs SLD-62d59938.svs SLD-1db1dfdc.svs
4053,SLD-5e7f503c.svs
4054,SLD-813dd49a.svs SLD-5df2e073.svs SLD-95decd6e.svs SLD-06792b47.svs
4055,SLD-38a7ac54.svs SLD-4d03cbdd.svs SLD-2fb01074.svs SLD-cc869dea.svs SLD-25323fd3.svs SLD-c9f35bf8.svs
4056,SLD-ed28508d.svs SLD-6ab01563.svs
4057,SLD-3b8f5fc7.svs
4058,SLD-68afe2b8.svs SLD-1f626a97.svs SLD-f436498e.svs
4059,SLD-5ac5f4f0.svs SLD-907d8532.svs SLD-919c21ed.svs SLD-2076d932.svs
4060,SLD-7281b8a9.svs
4061,SLD-378b094c.svs SLD-b5178761.svs
4062,SLD-eecb325b.svs
4063,SLD-3346f7c6.svs SLD-1cf4a8ed.svs SLD-2db6de21.svs
4064,SLD-17ee2fe6.svs SLD-681091fe.svs SLD-437249fd.svs SLD-1cf4a8ed.svs
4065,SLD-47595b01.svs SLD-d48457df.svs
4066,SLD-4bebcf4f.svs SLD-ac73189c.svs
4067,SLD-ad9d1f42.svs SLD-7f67ee1a.svs SLD-8b32992a.svs SLD-f5feba5e.svs
4068,SLD-99a2ecb1.svs SLD-92e94e89.svs SLD-adb6da35.svs
4069,SLD-1c2c7a34.svs SLD-94665d45.svs SLD-f110397a.svs SLD-81011c5b.svs SLD-a1d33772.svs SLD-284b7bcd.svs
4070,SLD-c3121af6.svs SLD-ad9d1f42.svs
4071,SLD-11035083.svs SLD-ddfae808.svs SLD-afd86432.svs
4072,SLD-9d0b6f5e.svs SLD-581332c2.svs SLD-6aeb5a32.svs SLD-8fad725d.svs
4073,SLD-bd2cdb8d.svs SLD-39ebfa32.svs SLD-4e051eea.svs SLD-5e146c30.svs SLD-6c1b6811.svs SLD-13d72846.svs
4074,SLD-3b239fd8.svs SLD-0d20f686.svs
4075,SLD-5b61f92b.svs SLD-93a25c9b.svs
4076,SLD-6c1b6811.svs SLD-17776c3a.svs SLD-92dbd613.svs
4077,SLD-5c949381.svs
4078,SLD-809e2109.svs SLD-e38690e7.svs SLD-b2d10e3d.svs SLD-c6be6432.svs
4079,SLD-688181a8.svs SLD-eb1c3ba4.svs SLD-ed469bf4.svs
4080,SLD-6bf4d047.svs SLD-6e84f8ea.svs
4081,SLD-dfb87708.svs SLD-91d2125a.svs SLD-da98da57.svs
4082,SLD-488cac4e.svs SLD-c15648ff.svs SLD-bf1df687.svs SLD-40aaec7a.svs SLD-df0d6301.svs SLD-ac2c10d0.svs SLD-5a9414b8.svs
4083,SLD-d1c3d1bc.svs SLD-c6be6432.svs SLD-809e2109.svs
4084,SLD-eba08424.svs SLD-409b3c5b.svs SLD-ff7acd86.svs SLD-469fc269.svs SLD-94d50a99.svs
4085,SLD-b5178761.svs SLD-378b094c.svs SLD-8ecb4971.svs SLD-393031a6.svs SLD-18c8ece6.svs
4086,SLD-cd34bcd7.svs SLD-04fe973d.svs SLD-fff83cec.svs SLD-63d0fccd.svs SLD-261cec19.svs SLD-afdb4e0b.svs SLD-2c05b870.svs
4087,SLD-d8a230de.svs SLD-86de3365.svs SLD-14d4dad6.svs
4088,SLD-c5dd967b.svs SLD-08f1100b.svs SLD-ef208346.svs SLD-432fb308.svs SLD-8d56206d.svs
4089,SLD-e355c369.svs SLD-b931a26d.svs
4090,SLD-7e083c1b.svs SLD-566ff3ec.svs SLD-4f8e3e01.svs SLD-451437d6.svs SLD-03c8e104.svs
4091,SLD-259a2b28.svs SLD-2cb38568.svs SLD-8c5c192f.svs SLD-f1c51dda.svs SLD-291a58af.svs
4092,SLD-571c9d78.svs SLD-1db1dfdc.svs SLD-62d59938.svs SLD-357f0a64.svs SLD-fa7bff5f.svs
4093,SLD-8af58903.svs
4094,SLD-60c6b3ed.svs SLD-8be04c3e.svs SLD-32ae2a20.svs
4095,SLD-ef7dee1a.svs SLD-40fe6898.svs SLD-c846bf90.svs SLD-b34dc8b0.svs SLD-425de95f.svs SLD-8476af98.svs
4096,SLD-a7f5195c.svs SLD-261908b9.svs SLD-54a1d505.svs SLD-2922fbd8.svs
4097,SLD-40fe6898.svs SLD-8476af98.svs SLD-53f3c158.svs SLD-b34dc8b0.svs
4098,SLD-992a34a1.svs SLD-9e0df45b.svs SLD-788c31f6.svs SLD-084fa819.svs SLD-21f8c156.svs SLD-26c00984.svs SLD-052daad3.svs
4099,SLD-444517ef.svs
4100,SLD-731c877a.svs SLD-dd1f8e30.svs
4101,SLD-10cc8711.svs SLD-4124405b.svs SLD-552ae5ca.svs SLD-4312ece2.svs
4102,SLD-6b325d48.svs
4103,SLD-11fba56e.svs SLD-8c833848.svs
4104,SLD-052daad3.svs
4105,SLD-38a7ac54.svs SLD-8d3ac4b9.svs
4106,SLD-2b2bcfda.svs SLD-bb5f15c1.svs SLD-cb18d6a4.svs
4107,SLD-70bc3ec1.svs SLD-4d29d77a.svs SLD-f0041e32.svs
4108,SLD-88239867.svs SLD-fa3222c4.svs SLD-ef208346.svs SLD-432fb308.svs SLD-c5dd967b.svs SLD-920c3de9.svs
4109,SLD-4741ee56.svs SLD-2076d932.svs
4110,SLD-4d18c103.svs SLD-4c6e6fbb.svs SLD-c4c536fb.svs SLD-a100ed14.svs
4111,SLD-2f16fb50.svs SLD-390a9016.svs SLD-4a82e06a.svs SLD-3e2aad3e.svs SLD-82221345.svs
4112,SLD-87ba3b90.svs
4113,SLD-b2d10e3d.svs
4114,SLD-541d1a81.svs SLD-5a220eb2.svs
4115,SLD-4741ee56.svs SLD-d47133e7.svs
4116,SLD-848610cf.svs SLD-8b1f1137.svs SLD-8e50c79a.svs SLD-c5826444.svs SLD-79faf501.svs SLD-0ea255e0.svs
4117,SLD-44e8a604.svs SLD-5931c9b4.svs SLD-b2c92c12.svs SLD-338f4acf.svs SLD-706146ff.svs SLD-becba4c8.svs
4118,SLD-06792b47.svs SLD-5df2e073.svs SLD-95decd6e.svs SLD-8d99743c.svs
4119,SLD-79faf501.svs SLD-c5826444.svs SLD-8e50c79a.svs
4120,SLD-681091fe.svs
4121,SLD-a2939b3b.svs SLD-7fa74d8a.svs
4122,SLD-12bdf75f.svs SLD-dc68d4fd.svs
4123,SLD-315e8080.svs SLD-3891aef5.svs
4124,SLD-4b7350d1.svs SLD-a32652e8.svs
4125,SLD-32d116fe.svs SLD-6783b0c3.svs SLD-96248805.svs SLD-0876daaa.svs SLD-dcae667e.svs SLD-01ce5fc6.svs
4126,SLD-4916e844.svs SLD-c9fe6036.svs
4127,SLD-ab1e6794.svs SLD-b9cde60c.svs SLD-581ba307.svs SLD-39d5b552.svs SLD-42965873.svs
4128,SLD-5bc7fdeb.svs
4129,SLD-25fdacbe.svs SLD-67e98363.svs SLD-fba52e59.svs SLD-a36bcb01.svs
4130,SLD-0b6d9611.svs SLD-a1cba182.svs SLD-e6e4b8df.svs
4131,SLD-c110412c.svs
4132,SLD-35bbcdb0.svs
4133,SLD-6af944e0.svs SLD-0932f5b6.svs SLD-e3d48408.svs SLD-7de8a234.svs SLD-7b38785b.svs SLD-2412579d.svs
4134,SLD-b34dc8b0.svs
4135,SLD-4bc972ce.svs SLD-b934718f.svs SLD-2d492ca2.svs SLD-a2698c2d.svs
4136,SLD-c3edd9b7.svs SLD-9da28338.svs SLD-074f3be0.svs SLD-61994015.svs SLD-f9df7275.svs
4137,SLD-8f42cebe.svs
4138,SLD-586f1721.svs SLD-b1182d23.svs SLD-028d042b.svs SLD-590e83da.svs
4139,SLD-e7a2d2d0.svs SLD-75fc1b10.svs SLD-0ff73f25.svs SLD-697b8538.svs
4140,SLD-f110397a.svs SLD-81011c5b.svs
4141,SLD-688181a8.svs SLD-d5cf2dc4.svs SLD-13d1ea49.svs SLD-0dd35d11.svs SLD-70d22718.svs SLD-ed469bf4.svs
4142,SLD-cb18d6a4.svs SLD-15db4487.svs
4143,SLD-e6e4b8df.svs SLD-0b6d9611.svs SLD-f4dd05d5.svs SLD-7499b28c.svs SLD-a1cba182.svs SLD-ca20854d.svs SLD-1349747a.svs
4144,SLD-3fbdaeed.svs
4145,SLD-dca5b353.svs
4146,SLD-cc869dea.svs SLD-c9f35bf8.svs
4147,SLD-cfe4fb66.svs
4148,SLD-a7f5195c.svs
4149,SLD-3ad23fbf.svs SLD-8a7f03ae.svs SLD-43eb280e.svs SLD-79017990.svs SLD-2e573864.svs SLD-64e322cf.svs SLD-5d443821.svs
4150,SLD-9c14940d.svs SLD-5b2d81cc.svs
4151,SLD-571c9d78.svs SLD-62d59938.svs SLD-d59b148f.svs SLD-fa7bff5f.svs SLD-1db1dfdc.svs
4152,SLD-57d1d37c.svs
4153,SLD-f660ffd5.svs SLD-64aba3f6.svs SLD-119fc1c4.svs SLD-7a658abe.svs SLD-68f49b51.svs
4154,SLD-b44788bd.svs
4155,SLD-cefe73ec.svs
4156,SLD-e1c25cd1.svs SLD-5b62a7c9.svs
4157,SLD-5e2d2454.svs SLD-b44788bd.svs SLD-b52f6009.svs SLD-35c3de95.svs
4158,SLD-476c4878.svs SLD-3fee2fc7.svs
4159,SLD-d1c3d1bc.svs
4160,SLD-ec4f4490.svs SLD-b66b6b0b.svs SLD-2ee66e21.svs SLD-d9efbb41.svs SLD-84eaf943.svs SLD-8af37d72.svs SLD-b9534807.svs
4161,SLD-c4c536fb.svs
4162,
4163,SLD-3e581dd5.svs SLD-4a9686a4.svs SLD-58116722.svs SLD-722c353d.svs SLD-1ee1723b.svs
4164,SLD-40fe6898.svs
4165,SLD-27f9e728.svs
4166,SLD-8a663359.svs SLD-b7a02afd.svs SLD-50852f4f.svs SLD-1c5e1698.svs SLD-0b09ec41.svs SLD-30d6863f.svs
4167,SLD-990e8f01.svs SLD-9ed9c124.svs SLD-dd5aacc7.svs SLD-b7c144fb.svs
4168,SLD-dc68d4fd.svs SLD-0542bd75.svs SLD-99e8c828.svs SLD-21da132c.svs SLD-64d02759.svs SLD-13f2a37c.svs SLD-12bdf75f.svs
4169,SLD-ccd66756.svs SLD-95fc7389.svs SLD-2ca723c4.svs SLD-14aaaefe.svs SLD-d020baee.svs SLD-8f4ed442.svs SLD-153251c9.svs
4170,SLD-4815642c.svs SLD-a2bb6283.svs SLD-f75a7e6f.svs
4171,SLD-919c21ed.svs SLD-5ac5f4f0.svs SLD-d47133e7.svs SLD-53ff6644.svs
4172,SLD-ef617cac.svs SLD-061f5679.svs
4173,SLD-3b239fd8.svs SLD-b4ca0142.svs
4174,SLD-702a5b67.svs SLD-b7ae7758.svs SLD-5b45cf5a.svs SLD-640ca20c.svs SLD-d7de701d.svs
4175,SLD-40e3469f.svs SLD-f367dbe2.svs SLD-39b66d71.svs SLD-cefe73ec.svs SLD-e9184b9f.svs
4176,SLD-f660ffd5.svs SLD-64aba3f6.svs SLD-f3fa8613.svs SLD-68f49b51.svs
4177,SLD-2fcf3b87.svs SLD-defa7864.svs SLD-5d158e44.svs SLD-15ac15c3.svs
4178,SLD-dc66a27b.svs SLD-6a325333.svs SLD-4a294067.svs
4179,SLD-8c3fa29f.svs SLD-f9d0a163.svs SLD-13801f25.svs SLD-a94501d7.svs SLD-5121f31f.svs SLD-fa4b0bc6.svs
4180,SLD-8513d91e.svs SLD-dc66a27b.svs SLD-92f078b8.svs SLD-6a325333.svs SLD-4a294067.svs SLD-48622a67.svs
4181,SLD-4fdc1351.svs SLD-c90853fd.svs
4182,SLD-52177eb7.svs SLD-e6b920da.svs SLD-f642c8f3.svs SLD-70f8dd99.svs SLD-3438b4e4.svs SLD-4b1678e4.svs
4183,SLD-e583847f.svs SLD-14e16706.svs SLD-7751b3fa.svs
4184,SLD-7afc50cd.svs
4185,SLD-432fb308.svs SLD-ef208346.svs SLD-fa3222c4.svs SLD-88239867.svs
4186,SLD-469a1289.svs SLD-a96e2bf4.svs SLD-734c5192.svs SLD-fc145cfe.svs SLD-f9154865.svs
4187,SLD-08f1100b.svs SLD-920c3de9.svs SLD-8d56206d.svs SLD-c5dd967b.svs SLD-88239867.svs
4188,SLD-58bf3b9e.svs SLD-c6c3744c.svs SLD-a6245b59.svs SLD-c707aef9.svs
4189,SLD-8513d91e.svs SLD-92f078b8.svs SLD-22696227.svs SLD-6a325333.svs SLD-dc66a27b.svs SLD-48622a67.svs SLD-4a294067.svs
4190,SLD-ea96abe6.svs SLD-e642965c.svs SLD-de386aeb.svs SLD-54a6087c.svs SLD-d8a1a546.svs SLD-bf5545ce.svs
4191,SLD-4e3c0f2d.svs SLD-cad00273.svs SLD-889c8ae2.svs
4192,SLD-15ac15c3.svs SLD-be3feafd.svs SLD-5d158e44.svs SLD-defa7864.svs SLD-2fcf3b87.svs
4193,SLD-101bb5fa.svs SLD-07dc02b1.svs SLD-f45da406.svs SLD-6a480542.svs SLD-1965e435.svs SLD-bbf9bb01.svs SLD-c618fc1e.svs
4194,SLD-4a8b77da.svs SLD-5cfa38b1.svs SLD-583678ee.svs SLD-4b1dd9fd.svs SLD-52b04994.svs SLD-27fa8b8a.svs
4195,SLD-48622a67.svs SLD-dc66a27b.svs SLD-4a294067.svs SLD-22696227.svs SLD-8513d91e.svs
4196,SLD-7425f4e9.svs SLD-6581f934.svs SLD-3891aef5.svs SLD-ebe0572c.svs SLD-9bbac838.svs
4197,SLD-586f1721.svs SLD-b1182d23.svs SLD-590e83da.svs SLD-5bf80676.svs SLD-2d8b5b41.svs SLD-028d042b.svs SLD-1f12a0e9.svs
4198,SLD-5931c9b4.svs SLD-9bd91220.svs SLD-28702bb1.svs SLD-becba4c8.svs SLD-338f4acf.svs SLD-b2c92c12.svs SLD-706146ff.svs
4199,SLD-5d443821.svs SLD-79017990.svs SLD-8a7f03ae.svs SLD-3ad23fbf.svs
4200,SLD-1aff71ae.svs SLD-92a651d7.svs
4201,SLD-e38690e7.svs
4202,SLD-6a594b07.svs SLD-3a19607d.svs SLD-ed0d0418.svs SLD-7984f33f.svs SLD-3bfb255e.svs
4203,SLD-26b1caba.svs SLD-c9f35bf8.svs SLD-cc869dea.svs SLD-25323fd3.svs
4204,SLD-24aeba79.svs SLD-e4b82987.svs
4205,SLD-7b056d02.svs SLD-726e8017.svs SLD-69083bd6.svs
4206,SLD-052daad3.svs SLD-26c00984.svs SLD-9e0df45b.svs SLD-c734bb05.svs
4207,SLD-6a325333.svs SLD-48622a67.svs SLD-22696227.svs
4208,SLD-4fab2ad8.svs SLD-849648e8.svs SLD-6637c09f.svs
4209,SLD-9d263e76.svs SLD-cef980ce.svs SLD-beb9c9e2.svs SLD-f7cd0b75.svs
4210,SLD-1baf01f1.svs SLD-d13ec39c.svs
4211,SLD-c2953f51.svs
4212,SLD-398071b1.svs SLD-024bfe48.svs SLD-7ee1a2a3.svs
4213,SLD-33251c76.svs SLD-75fc1b10.svs SLD-697b8538.svs SLD-d8efb5c9.svs
4214,SLD-b4577bf7.svs
4215,SLD-084fa819.svs SLD-c734bb05.svs SLD-788c31f6.svs SLD-21f8c156.svs
4216,SLD-b9f94ec6.svs
4217,SLD-ce1bb02a.svs SLD-c202387b.svs SLD-849b8a44.svs SLD-92e94e89.svs SLD-1734a26c.svs SLD-adb6da35.svs
4218,
4219,SLD-df61c534.svs SLD-57d1d37c.svs SLD-58e760bf.svs SLD-8f3e64f4.svs
4220,SLD-7f67ee1a.svs SLD-17b18e6e.svs SLD-3b7c1f9a.svs SLD-ad9d1f42.svs
4221,SLD-a71b80ef.svs SLD-29bccee9.svs SLD-f40d2a37.svs SLD-8e36b82f.svs SLD-a92d6b05.svs SLD-cf2a2198.svs
4222,SLD-8ec9ea98.svs SLD-56e9b78d.svs SLD-ebe0572c.svs SLD-315e8080.svs SLD-3891aef5.svs
4223,SLD-f45da406.svs SLD-1965e435.svs SLD-101bb5fa.svs
4224,SLD-8eeb3fd8.svs SLD-6783b0c3.svs SLD-01ce5fc6.svs
4225,SLD-553a773a.svs SLD-6faefeda.svs SLD-6b325d48.svs SLD-e9e7e1ba.svs
4226,SLD-3956fba9.svs
4227,SLD-ac98a368.svs SLD-3957f082.svs SLD-3e2b6653.svs SLD-af3cb9d0.svs SLD-9c272c51.svs SLD-7176d181.svs SLD-a92c3c3e.svs
4228,SLD-d61a43f2.svs
4229,SLD-25e4979d.svs SLD-a5e3a719.svs SLD-affe2554.svs
4230,SLD-e1bccfb2.svs SLD-9c14940d.svs SLD-17337a7c.svs SLD-c1fa924e.svs SLD-5b2d81cc.svs SLD-4e98ce25.svs
4231,SLD-ca3c4050.svs SLD-d8efb5c9.svs SLD-b8d13539.svs SLD-33251c76.svs SLD-0ff73f25.svs SLD-75fc1b10.svs
4232,SLD-86fadb0e.svs SLD-fd768f63.svs SLD-c857d8c3.svs SLD-8df7a267.svs
4233,SLD-6c32faff.svs SLD-22c71d04.svs
4234,SLD-31cb5e8e.svs SLD-5abec113.svs SLD-fb46ed39.svs SLD-a1832fdb.svs
4235,SLD-42965873.svs SLD-a8e6a772.svs SLD-a867a0f0.svs SLD-581ba307.svs
4236,SLD-28d798b4.svs
4237,SLD-96248805.svs SLD-6783b0c3.svs SLD-01ce5fc6.svs SLD-8f08963c.svs
4238,SLD-cdfa4cc8.svs SLD-88a0edce.svs SLD-fb0a6a90.svs SLD-4384860c.svs SLD-68c6dd5e.svs SLD-e413961f.svs SLD-bc52b34e.svs
4239,SLD-ebe7ef91.svs SLD-63eaa07f.svs SLD-68afe2b8.svs SLD-00cbd313.svs SLD-1f626a97.svs
4240,SLD-70bc3ec1.svs SLD-d197b561.svs
4241,SLD-614f1ddc.svs
4242,SLD-390a9016.svs SLD-3e2aad3e.svs SLD-82221345.svs
4243,SLD-cbf8e26a.svs SLD-69f12ccd.svs SLD-0fe1cedf.svs SLD-0b4cba0a.svs SLD-a5387901.svs SLD-63b74101.svs SLD-b2e74e77.svs
4244,SLD-953c178e.svs SLD-61067a8c.svs SLD-d7a3283c.svs SLD-b4d4dfcc.svs
4245,SLD-788c31f6.svs SLD-c734bb05.svs SLD-26c00984.svs
4246,
4247,SLD-4312ece2.svs SLD-91fcfe88.svs SLD-f164f9d8.svs SLD-dc2151e1.svs SLD-552ae5ca.svs SLD-7e56ac3d.svs SLD-10cc8711.svs
4248,SLD-501049e2.svs SLD-e9184b9f.svs
4249,SLD-ef617cac.svs SLD-7b056d02.svs SLD-69083bd6.svs SLD-b931a26d.svs SLD-e355c369.svs SLD-061f5679.svs
4250,SLD-1d010478.svs SLD-258694b6.svs SLD-d89331ac.svs
4251,SLD-2cbb93c2.svs
4252,SLD-0c15a575.svs
4253,SLD-c5dd967b.svs SLD-920c3de9.svs SLD-8d56206d.svs SLD-88239867.svs SLD-08f1100b.svs SLD-fa3222c4.svs SLD-432fb308.svs
4254,SLD-ffeb5d5f.svs SLD-9ef1c846.svs SLD-0a8aa1e4.svs SLD-df8693ce.svs
4255,SLD-e4bacd78.svs SLD-533c9a31.svs
4256,SLD-25e4979d.svs
4257,SLD-df0d6301.svs
4258,SLD-c3edd9b7.svs SLD-074f3be0.svs
4259,SLD-4c88b9d8.svs
4260,SLD-8a663359.svs
4261,SLD-07fe6a4e.svs SLD-93a25c9b.svs
4262,SLD-9717aa6e.svs
4263,SLD-37d316a4.svs SLD-bc6ff6ac.svs
4264,
4265,SLD-bc5074ac.svs SLD-84539813.svs SLD-4d236555.svs SLD-dc2897c6.svs
4266,SLD-56e9b78d.svs SLD-ebe0572c.svs
4267,SLD-defa7864.svs
4268,SLD-a92c3c3e.svs
4269,SLD-f642c8f3.svs
4270,SLD-246cb09c.svs SLD-9750ca7e.svs SLD-bdaa3bfa.svs SLD-8cffbbb1.svs SLD-6ab01563.svs
4271,SLD-2922fbd8.svs SLD-75f2bc20.svs
4272,SLD-c8bf23fb.svs SLD-953c178e.svs SLD-61067a8c.svs SLD-4b5ca436.svs SLD-27e969e2.svs
4273,SLD-f2ded00f.svs SLD-fef06b04.svs SLD-78a55d6b.svs SLD-4e60678b.svs
4274,SLD-ed9081c1.svs SLD-10b2e6e5.svs SLD-ec6e61bd.svs SLD-650dd400.svs SLD-a27ee80d.svs SLD-6d3f4b37.svs SLD-f0bd7405.svs
4275,SLD-b1182d23.svs SLD-028d042b.svs SLD-5bf80676.svs SLD-590e83da.svs SLD-078548d7.svs SLD-586f1721.svs
4276,SLD-8df7a267.svs
4277,SLD-48d8b9ef.svs SLD-6a27241f.svs SLD-3fafa217.svs
4278,SLD-90823eda.svs SLD-16408169.svs SLD-fdd2ed7a.svs
4279,SLD-e1bccfb2.svs SLD-c602bd20.svs
4280,SLD-ea96abe6.svs SLD-299cf16b.svs SLD-272eaa36.svs SLD-e642965c.svs SLD-de386aeb.svs SLD-54a6087c.svs SLD-d8a1a546.svs
4281,SLD-3cf9d1fe.svs SLD-a2bb6283.svs
4282,SLD-67e98363.svs
4283,SLD-03ea038f.svs
4284,SLD-a1d20ebc.svs SLD-4c88b9d8.svs SLD-ab12fb53.svs SLD-79009c61.svs SLD-23b870f3.svs
4285,SLD-d1c3d1bc.svs SLD-e27ac8e9.svs SLD-b2d10e3d.svs SLD-e38690e7.svs
4286,SLD-28d798b4.svs SLD-2e573864.svs SLD-5d443821.svs SLD-79017990.svs SLD-64e322cf.svs
4287,SLD-3b239fd8.svs
4288,SLD-ba6a098f.svs SLD-5f20f406.svs SLD-70f8dd99.svs SLD-52177eb7.svs SLD-e6b920da.svs
4289,SLD-501049e2.svs SLD-e9184b9f.svs SLD-39b66d71.svs SLD-951a0518.svs SLD-88653e42.svs SLD-40e3469f.svs
4290,SLD-4fdc1351.svs SLD-fc9ea692.svs
4291,SLD-41300879.svs SLD-dc2897c6.svs SLD-baa172ac.svs SLD-6279d944.svs SLD-4d236555.svs SLD-4fee7144.svs
4292,SLD-7ea496f5.svs SLD-a92d6b05.svs
4293,SLD-7f6bf51b.svs SLD-024bfe48.svs
4294,SLD-51abf5e5.svs SLD-74aba9fc.svs
4295,SLD-9717aa6e.svs SLD-48a133ab.svs
4296,SLD-c4c536fb.svs SLD-4c6e6fbb.svs
4297,SLD-57d1d37c.svs SLD-c7afae8f.svs SLD-df61c534.svs SLD-af8c96a9.svs
4298,SLD-9bbac838.svs SLD-3891aef5.svs SLD-6581f934.svs
4299,SLD-25323fd3.svs SLD-cc869dea.svs
4300,SLD-48d8b9ef.svs SLD-bc6ff6ac.svs SLD-37d316a4.svs SLD-bb9e5a02.svs SLD-e139d15d.svs
4301,SLD-1d7173e5.svs SLD-6e648043.svs
4302,SLD-08236adf.svs SLD-43a061c4.svs
4303,SLD-4124405b.svs SLD-91fcfe88.svs SLD-dc2151e1.svs SLD-f164f9d8.svs SLD-4312ece2.svs
4304,SLD-0bee2ebd.svs SLD-35c3de95.svs SLD-05727bb5.svs SLD-b44788bd.svs SLD-b52f6009.svs
4305,SLD-54a1d505.svs SLD-ccf719ab.svs SLD-dca5b353.svs SLD-a7f5195c.svs SLD-75f2bc20.svs SLD-2922fbd8.svs SLD-de62d43f.svs
4306,SLD-f8db1a4d.svs SLD-e47638ec.svs SLD-a9fa4ea6.svs SLD-584d3c02.svs SLD-6c32faff.svs
4307,SLD-8cffbbb1.svs SLD-ed28508d.svs
4308,SLD-fd768f63.svs SLD-86fadb0e.svs
4309,SLD-ef7f6bc8.svs SLD-9870c707.svs SLD-b4577bf7.svs SLD-01424249.svs
4310,SLD-9ed9c124.svs
4311,SLD-4a30f7cd.svs SLD-c963d148.svs SLD-104dff66.svs SLD-00fdec23.svs
4312,SLD-ab12fb53.svs SLD-23b870f3.svs SLD-5aa3892a.svs
4313,SLD-4a8b77da.svs SLD-4b1dd9fd.svs SLD-52b04994.svs SLD-a02ebb76.svs SLD-27fa8b8a.svs
4314,SLD-af3cb9d0.svs SLD-a92c3c3e.svs SLD-3957f082.svs
4315,SLD-f660ffd5.svs SLD-f3fa8613.svs SLD-90ed41f4.svs
4316,SLD-53f3c158.svs SLD-b34dc8b0.svs SLD-8476af98.svs
4317,SLD-dfec4623.svs SLD-7fa74d8a.svs SLD-33b5b3ce.svs SLD-a2939b3b.svs SLD-8af58903.svs
4318,SLD-5b8c4949.svs SLD-1f94e3c8.svs
4319,SLD-c30759a4.svs SLD-dd55daaf.svs SLD-693d993c.svs SLD-fefc5b4a.svs
4320,SLD-3fbdaeed.svs SLD-723dc8f5.svs
4321,SLD-32ae2a20.svs
4322,SLD-f4dd05d5.svs SLD-e6e4b8df.svs SLD-1349747a.svs SLD-a1cba182.svs SLD-5b471c43.svs SLD-7499b28c.svs SLD-ca20854d.svs
4323,SLD-94d50a99.svs SLD-469fc269.svs SLD-ff7acd86.svs SLD-11ab249d.svs
4324,SLD-25323fd3.svs
4325,SLD-4704768e.svs
4326,SLD-d466c772.svs
4327,SLD-44e8a604.svs SLD-338f4acf.svs SLD-becba4c8.svs SLD-706146ff.svs
4328,SLD-9ef1c846.svs SLD-0a8aa1e4.svs SLD-00f520f4.svs
4329,SLD-0b09ec41.svs SLD-8a663359.svs SLD-30d6863f.svs
4330,SLD-3cc4f772.svs
4331,SLD-b52f6009.svs
4332,SLD-9b050db2.svs SLD-cbe88a3f.svs SLD-1cb66f67.svs SLD-8ee4fd02.svs SLD-b02de52c.svs
4333,SLD-8772c347.svs SLD-ae2562ca.svs SLD-31cb5e8e.svs SLD-5abec113.svs
4334,SLD-b8bc6621.svs
4335,SLD-f97ccc57.svs SLD-a38d8afc.svs SLD-ce5dc807.svs SLD-10da8a95.svs SLD-60257199.svs
4336,SLD-1eda4209.svs SLD-2347b24f.svs SLD-2835bcdb.svs SLD-1f9078d5.svs
4337,SLD-b8d13539.svs SLD-ca3c4050.svs SLD-e7a2d2d0.svs
4338,SLD-edec31ef.svs SLD-aa099a46.svs SLD-e8ef99e9.svs SLD-7afc50cd.svs
4339,SLD-3f2de8a8.svs
4340,SLD-583678ee.svs
4341,SLD-c707aef9.svs SLD-58bf3b9e.svs SLD-c88e03b6.svs
4342,SLD-24aeba79.svs SLD-e4b82987.svs SLD-346d2b7e.svs SLD-a8b56f85.svs
4343,SLD-e9184b9f.svs SLD-40e3469f.svs SLD-951a0518.svs
4344,SLD-920c3de9.svs
4345,SLD-9c272c51.svs
4346,SLD-24039721.svs SLD-92a651d7.svs SLD-30f2c485.svs SLD-c069c542.svs
4347,SLD-4124405b.svs SLD-10cc8711.svs SLD-91fcfe88.svs SLD-552ae5ca.svs
4348,SLD-47595b01.svs SLD-6c835975.svs SLD-d48457df.svs SLD-8c833848.svs
4349,SLD-90823eda.svs SLD-a38d8afc.svs SLD-60257199.svs SLD-10da8a95.svs
4350,SLD-a31ca36b.svs SLD-8d5f52c0.svs SLD-d1cae193.svs
4351,SLD-6f6ddf79.svs SLD-e5aef699.svs SLD-25e4979d.svs SLD-7281b8a9.svs
4352,SLD-b44788bd.svs SLD-35c3de95.svs SLD-0bee2ebd.svs SLD-b52f6009.svs SLD-5e2d2454.svs SLD-e46232e7.svs
4353,SLD-bc18a40b.svs SLD-09aedbd0.svs SLD-4d4985dc.svs
4354,SLD-abecfc0b.svs SLD-a8e6a772.svs SLD-581ba307.svs SLD-b9cde60c.svs
4355,SLD-30d6863f.svs SLD-abe0a177.svs
4356,SLD-3db4cb81.svs SLD-496749fb.svs SLD-b2e02961.svs
4357,SLD-ca20854d.svs SLD-f4dd05d5.svs
4358,SLD-44f20133.svs SLD-f45c8840.svs SLD-61994015.svs
4359,SLD-603803f3.svs SLD-444517ef.svs SLD-2b2bcfda.svs SLD-9d4319b5.svs SLD-cb18d6a4.svs
4360,SLD-39ebfa32.svs SLD-17776c3a.svs
4361,SLD-261908b9.svs SLD-dca5b353.svs SLD-a7f5195c.svs
4362,SLD-2fb01074.svs SLD-4d03cbdd.svs SLD-26b1caba.svs SLD-cc869dea.svs SLD-38a7ac54.svs SLD-8d3ac4b9.svs
4363,SLD-44e8a604.svs SLD-28702bb1.svs SLD-becba4c8.svs
4364,SLD-5d443821.svs SLD-28d798b4.svs
4365,SLD-a0d9da58.svs SLD-080638c9.svs SLD-ac73189c.svs
4366,SLD-b52f6009.svs
4367,SLD-b931a26d.svs
4368,SLD-ec071cf1.svs SLD-e47638ec.svs SLD-6c32faff.svs
4369,SLD-a38d8afc.svs SLD-60257199.svs SLD-10da8a95.svs SLD-fdd2ed7a.svs
4370,SLD-c5dd967b.svs SLD-fa3222c4.svs
4371,SLD-ac73189c.svs SLD-b2e02961.svs
4372,SLD-848610cf.svs SLD-0ea255e0.svs SLD-8e50c79a.svs SLD-1519401c.svs
4373,SLD-e4bacd78.svs SLD-74aba9fc.svs SLD-52ab793f.svs
4374,SLD-e355c369.svs SLD-7b056d02.svs
4375,SLD-9c2e5562.svs SLD-8a83efc8.svs SLD-3380dcfc.svs SLD-4916e844.svs SLD-c9fe6036.svs
4376,SLD-09cd3bdf.svs SLD-f19b43da.svs
4377,SLD-1d7173e5.svs SLD-d26d5396.svs
4378,SLD-fefc5b4a.svs
4379,SLD-79faf501.svs SLD-848610cf.svs
4380,
4381,SLD-da98da57.svs SLD-8a74bec5.svs SLD-95e19cb6.svs SLD-dfb87708.svs SLD-698eecba.svs SLD-ca6cb87c.svs SLD-91d2125a.svs
4382,SLD-95e19cb6.svs SLD-698eecba.svs SLD-6951743e.svs SLD-8a74bec5.svs SLD-91d2125a.svs SLD-ca6cb87c.svs SLD-dfb87708.svs
4383,SLD-a36bcb01.svs SLD-ae0fdbc8.svs SLD-905c053b.svs
4384,SLD-7b056d02.svs SLD-c674d244.svs SLD-ef617cac.svs SLD-69083bd6.svs SLD-061f5679.svs SLD-b931a26d.svs
4385,SLD-c5dd967b.svs SLD-fa3222c4.svs SLD-08f1100b.svs
4386,SLD-29c836e0.svs
4387,SLD-2e573864.svs SLD-79017990.svs SLD-43eb280e.svs
4388,SLD-f3254f2d.svs SLD-2c805ac7.svs SLD-6c835975.svs SLD-efa2ce12.svs SLD-11fba56e.svs SLD-8c833848.svs SLD-47595b01.svs
4389,SLD-b9f94ec6.svs SLD-6253dfe3.svs SLD-0f2670d2.svs
4390,SLD-ec071cf1.svs SLD-a9fa4ea6.svs
4391,SLD-af8c96a9.svs SLD-57d1d37c.svs
4392,SLD-ef7dee1a.svs SLD-53f3c158.svs SLD-c846bf90.svs
4393,SLD-734c5192.svs
4394,SLD-6bf52dfd.svs SLD-e5aef699.svs SLD-54a8762b.svs SLD-affe2554.svs
4395,SLD-dd1f8e30.svs
4396,SLD-0061fd30.svs SLD-14e16706.svs
4397,SLD-4fab2ad8.svs
4398,SLD-1e415c4e.svs
4399,SLD-a8b56f85.svs SLD-ac7b7ab2.svs SLD-98ba0f0e.svs SLD-353e0c86.svs SLD-e4b82987.svs SLD-24aeba79.svs SLD-346d2b7e.svs
4400,SLD-272eaa36.svs SLD-299cf16b.svs
4401,SLD-0542bd75.svs
4402,SLD-6f6ddf79.svs SLD-25e4979d.svs SLD-7281b8a9.svs
4403,SLD-b13bad4e.svs SLD-84403b37.svs SLD-d9732b86.svs SLD-e368f7d2.svs
4404,SLD-a629d332.svs SLD-2d4ba5a4.svs SLD-fc9ea692.svs SLD-4fdc1351.svs
4405,SLD-b4d4dfcc.svs SLD-4b5ca436.svs SLD-b7d779cc.svs SLD-61067a8c.svs SLD-c8bf23fb.svs
4406,SLD-ad9d1f42.svs SLD-7f67ee1a.svs SLD-c3121af6.svs
4407,SLD-2b2bcfda.svs SLD-bb5f15c1.svs
4408,SLD-de6fec4b.svs SLD-0a66dc4e.svs SLD-ea5f24b6.svs
4409,
4410,SLD-8420b8d9.svs SLD-a604e5af.svs SLD-aa66b464.svs
4411,SLD-1b770deb.svs SLD-3380dcfc.svs SLD-c9fe6036.svs
4412,SLD-ea75e34d.svs SLD-669ff1b9.svs SLD-6e927501.svs
4413,SLD-f6b4160b.svs SLD-d466c772.svs
4414,SLD-2d492ca2.svs SLD-956c2129.svs
4415,SLD-e355c369.svs SLD-c674d244.svs SLD-69083bd6.svs SLD-b931a26d.svs SLD-7b056d02.svs SLD-061f5679.svs SLD-ef617cac.svs
4416,SLD-4d236555.svs SLD-4fee7144.svs SLD-41300879.svs
4417,SLD-e291f5e1.svs SLD-469fc269.svs
4418,SLD-0a9d499c.svs SLD-956c2129.svs SLD-b934718f.svs SLD-4bc972ce.svs SLD-614f1ddc.svs SLD-2d492ca2.svs
4419,SLD-71df24d9.svs
4420,SLD-7afc50cd.svs
4421,SLD-ebe7ef91.svs
4422,SLD-65fd5f69.svs SLD-07fe6a4e.svs SLD-9cf600ec.svs SLD-2a6f1e47.svs SLD-76a933cf.svs
4423,SLD-cb4d18d6.svs SLD-99a2ecb1.svs SLD-ce1bb02a.svs SLD-1734a26c.svs
4424,SLD-fa4b0bc6.svs SLD-a94501d7.svs SLD-13801f25.svs SLD-f9d0a163.svs SLD-5028361f.svs
4425,SLD-13d72846.svs SLD-6c1b6811.svs
4426,SLD-953c178e.svs SLD-b4d4dfcc.svs
4427,SLD-dc68d4fd.svs SLD-12bdf75f.svs SLD-21da132c.svs SLD-b3c161c3.svs
4428,SLD-7f6bf51b.svs SLD-7ee1a2a3.svs SLD-398071b1.svs SLD-024bfe48.svs SLD-d6ada066.svs
4429,SLD-fb24cba4.svs
4430,SLD-3cf9d1fe.svs
4431,SLD-553a773a.svs SLD-6b325d48.svs SLD-6faefeda.svs
4432,SLD-f11ddff7.svs
4433,SLD-3bcab3ea.svs SLD-90a2b8e1.svs SLD-d1f15ee7.svs
4434,SLD-141bd896.svs SLD-d26d028d.svs
4435,SLD-b58c1e9f.svs SLD-ed4879e7.svs SLD-efd164ee.svs SLD-b287c440.svs
4436,SLD-a2939b3b.svs SLD-9c19ed34.svs SLD-ab899605.svs
4437,SLD-390a9016.svs SLD-3c9590d3.svs SLD-50de4292.svs SLD-2f16fb50.svs
4438,SLD-6fdc5e00.svs SLD-ac73189c.svs SLD-080638c9.svs
4439,SLD-5e87905a.svs SLD-0ecfb95b.svs
4440,SLD-33b5b3ce.svs SLD-7fa74d8a.svs SLD-a2939b3b.svs SLD-8af58903.svs
4441,SLD-9bbac838.svs SLD-3891aef5.svs SLD-ebe0572c.svs
4442,SLD-26c00984.svs SLD-788c31f6.svs SLD-992a34a1.svs SLD-052daad3.svs SLD-c734bb05.svs
4443,SLD-e47c98ea.svs SLD-35bbcdb0.svs SLD-96062930.svs SLD-dba620f1.svs
4444,SLD-5b45cf5a.svs
4445,SLD-816480fa.svs
4446,SLD-3d83ad7c.svs SLD-f75a7e6f.svs
4447,SLD-b7c144fb.svs SLD-ed7a6edf.svs
4448,SLD-1f12a0e9.svs
4449,SLD-b3c161c3.svs SLD-21da132c.svs SLD-13f2a37c.svs
4450,SLD-40fe6898.svs SLD-8476af98.svs SLD-b56b9357.svs SLD-c846bf90.svs SLD-53f3c158.svs
4451,SLD-1c5e1698.svs
4452,SLD-a3ef802e.svs SLD-453432cd.svs SLD-ffeb5d5f.svs SLD-df8693ce.svs SLD-0a8aa1e4.svs
4453,SLD-f367dbe2.svs SLD-88653e42.svs
4454,SLD-8c833848.svs SLD-d48457df.svs
4455,SLD-356af737.svs SLD-f19b43da.svs SLD-4aaeb212.svs SLD-09cd3bdf.svs SLD-b9f94ec6.svs
4456,SLD-d1f15ee7.svs SLD-dcff697d.svs SLD-d26d028d.svs SLD-141bd896.svs
4457,SLD-7c8d5368.svs SLD-aaa28439.svs
4458,SLD-ecf150e6.svs SLD-0c15a575.svs SLD-9c899296.svs
4459,SLD-56e9b78d.svs SLD-7425f4e9.svs
4460,SLD-2c2df3c2.svs SLD-37d316a4.svs SLD-3fafa217.svs SLD-e139d15d.svs SLD-bc6ff6ac.svs SLD-6a27241f.svs SLD-bb9e5a02.svs
4461,SLD-d7de701d.svs
4462,SLD-c707aef9.svs SLD-a6245b59.svs
4463,SLD-57030ede.svs
4464,
4465,SLD-c6962905.svs
4466,SLD-824734df.svs SLD-b6bca2a2.svs SLD-731c877a.svs SLD-e51c0cdb.svs SLD-ce8c037e.svs
4467,SLD-abe0a177.svs
4468,SLD-6279d944.svs SLD-4d236555.svs SLD-4fee7144.svs SLD-41300879.svs SLD-dc2897c6.svs SLD-baa172ac.svs SLD-bc5074ac.svs
4469,SLD-69083bd6.svs
4470,SLD-579e9a46.svs SLD-c857d8c3.svs SLD-fd768f63.svs SLD-5163de1d.svs SLD-30a31251.svs
4471,SLD-f48ef9a8.svs SLD-581332c2.svs
4472,SLD-a94501d7.svs SLD-fa4b0bc6.svs SLD-5121f31f.svs SLD-8c3fa29f.svs SLD-f9d0a163.svs
4473,SLD-496749fb.svs SLD-ac73189c.svs SLD-a0d9da58.svs SLD-4bebcf4f.svs SLD-080638c9.svs SLD-3db4cb81.svs SLD-b2e02961.svs
4474,SLD-b4480761.svs SLD-66dfeb1e.svs SLD-9ab3cc27.svs SLD-b4134208.svs
4475,SLD-f902d6c0.svs SLD-5bf57279.svs SLD-669ff1b9.svs SLD-5bd71dc6.svs
4476,SLD-6f6ddf79.svs SLD-affe2554.svs
4477,SLD-38431ed6.svs SLD-113c1836.svs SLD-d89331ac.svs SLD-77f4531b.svs SLD-c110412c.svs
4478,SLD-ef7f6bc8.svs SLD-b4577bf7.svs
4479,SLD-c095e099.svs SLD-9df497f1.svs SLD-03ea038f.svs SLD-34367eaa.svs
4480,SLD-8a83efc8.svs
4481,SLD-f4db1c1e.svs
4482,SLD-6d7fe9b2.svs
4483,SLD-196d362d.svs
4484,
4485,SLD-052daad3.svs SLD-788c31f6.svs SLD-992a34a1.svs SLD-084fa819.svs
4486,SLD-a96e2bf4.svs SLD-69967b5c.svs
4487,SLD-f4db1c1e.svs SLD-aa66b464.svs
4488,SLD-b931a26d.svs SLD-c674d244.svs
4489,SLD-9bbac838.svs SLD-6581f934.svs SLD-7425f4e9.svs SLD-315e8080.svs SLD-8ec9ea98.svs SLD-56e9b78d.svs SLD-3891aef5.svs
4490,SLD-5c949381.svs SLD-60c6b3ed.svs SLD-755a3ac1.svs
4491,SLD-70f8dd99.svs SLD-3438b4e4.svs SLD-4b1678e4.svs
4492,SLD-08f1100b.svs SLD-8d56206d.svs SLD-88239867.svs SLD-c5dd967b.svs
4493,SLD-7bb8c2f1.svs SLD-4b7350d1.svs SLD-c149fa8e.svs
4494,SLD-ed9081c1.svs SLD-a27ee80d.svs SLD-10b2e6e5.svs SLD-ec6e61bd.svs SLD-650dd400.svs
4495,SLD-dd5aacc7.svs SLD-1417d4f9.svs SLD-990e8f01.svs SLD-b7c144fb.svs
4496,SLD-f436498e.svs
4497,SLD-1db1dfdc.svs SLD-402988fd.svs SLD-571c9d78.svs
4498,SLD-1aff71ae.svs SLD-c069c542.svs SLD-24039721.svs
4499,SLD-51abf5e5.svs SLD-74aba9fc.svs SLD-4168705a.svs
4500,SLD-6e84f8ea.svs SLD-74151acc.svs
4501,SLD-259a2b28.svs SLD-c781e11f.svs
4502,SLD-29530a13.svs SLD-e8751766.svs
4503,SLD-2ca723c4.svs
4504,SLD-a11b26b0.svs
4505,SLD-afb120f4.svs SLD-86de3365.svs SLD-d8a230de.svs SLD-11035083.svs SLD-fa999f9b.svs
4506,SLD-29bccee9.svs SLD-cf2a2198.svs SLD-8e36b82f.svs
4507,SLD-0ef05b6f.svs
4508,SLD-6783b0c3.svs SLD-96248805.svs
4509,SLD-69f12ccd.svs SLD-63b74101.svs
4510,SLD-8df7a267.svs SLD-579e9a46.svs SLD-30a31251.svs SLD-c857d8c3.svs SLD-86fadb0e.svs SLD-fd768f63.svs SLD-b4a06976.svs
4511,SLD-40fe6898.svs
4512,SLD-14aaaefe.svs SLD-d03459a4.svs SLD-ccd66756.svs
4513,SLD-53a9ec5d.svs SLD-3346f7c6.svs
4514,SLD-80245320.svs SLD-2bdb5720.svs SLD-63eaa07f.svs SLD-ebe7ef91.svs SLD-1f626a97.svs
4515,SLD-77cb1a27.svs SLD-a1d20ebc.svs
4516,SLD-4b1dd9fd.svs SLD-4a8b77da.svs SLD-583678ee.svs SLD-5cfa38b1.svs
4517,SLD-60c6b3ed.svs SLD-25777cf0.svs SLD-8be04c3e.svs SLD-5c949381.svs SLD-1ac902ee.svs SLD-32ae2a20.svs SLD-d3b564b0.svs
4518,SLD-68fc642a.svs
4519,SLD-7c2b940d.svs SLD-fe38784b.svs SLD-10345193.svs SLD-a07f7f47.svs SLD-958cd60e.svs SLD-f489362c.svs SLD-9045a445.svs
4520,SLD-2ee66e21.svs SLD-b66b6b0b.svs
4521,SLD-ccf719ab.svs SLD-75f2bc20.svs SLD-de62d43f.svs SLD-54a1d505.svs SLD-2922fbd8.svs SLD-dca5b353.svs
4522,SLD-31cb5e8e.svs
4523,SLD-dd1f8e30.svs
4524,SLD-3e1fa8ac.svs
4525,SLD-3cf9d1fe.svs SLD-2b863694.svs SLD-5a220eb2.svs SLD-4815642c.svs SLD-f75a7e6f.svs
4526,SLD-46e785ad.svs SLD-9b050db2.svs
4527,SLD-66dfeb1e.svs SLD-b4480761.svs SLD-425832c0.svs SLD-232f8c5b.svs
4528,SLD-fec24805.svs
4529,SLD-da98da57.svs
4530,SLD-21da132c.svs SLD-64d02759.svs SLD-12bdf75f.svs SLD-dc68d4fd.svs SLD-13f2a37c.svs SLD-b3c161c3.svs SLD-99e8c828.svs
4531,SLD-82f4b48a.svs SLD-68fc642a.svs SLD-f6f25926.svs SLD-fef06b04.svs
4532,
4533,SLD-2452bc39.svs SLD-3b9cea95.svs
4534,SLD-a5e3a719.svs SLD-e5aef699.svs SLD-54a8762b.svs SLD-7281b8a9.svs SLD-6f6ddf79.svs SLD-25e4979d.svs
4535,SLD-8b32992a.svs
4536,SLD-81011c5b.svs SLD-f110397a.svs SLD-284b7bcd.svs SLD-a1d33772.svs
4537,SLD-e7aad070.svs SLD-d7f14ec2.svs SLD-bb296639.svs SLD-5153f737.svs SLD-0021b632.svs SLD-8e4a295d.svs SLD-9a9dadd2.svs
4538,SLD-de6fec4b.svs SLD-0a1727f7.svs SLD-843b2a7d.svs SLD-21681081.svs SLD-ea5f24b6.svs
4539,SLD-f1c58f44.svs SLD-7e083c1b.svs SLD-566ff3ec.svs SLD-451437d6.svs SLD-03c8e104.svs SLD-4f8e3e01.svs
4540,SLD-6783b0c3.svs SLD-8eeb3fd8.svs SLD-32d116fe.svs SLD-dcae667e.svs
4541,SLD-6bf52dfd.svs SLD-e5aef699.svs
4542,SLD-2ca723c4.svs
4543,SLD-633d9c54.svs SLD-30c42d61.svs SLD-5b8c4949.svs
4544,SLD-864696c1.svs SLD-14827a89.svs
4545,SLD-1f12a0e9.svs SLD-5bf80676.svs SLD-028d042b.svs
4546,SLD-ed0d0418.svs
4547,SLD-5723a959.svs
4548,SLD-547e3918.svs SLD-d7133061.svs SLD-2d20481a.svs
4549,SLD-a1d33772.svs SLD-1c2c7a34.svs SLD-cbf1f93c.svs SLD-94665d45.svs SLD-81011c5b.svs
4550,SLD-7a658abe.svs SLD-f3fa8613.svs
4551,SLD-55e9718e.svs SLD-3bcab3ea.svs SLD-90a2b8e1.svs
4552,SLD-553a773a.svs
4553,SLD-afb9f3a8.svs SLD-6b325d48.svs SLD-e9e7e1ba.svs SLD-c9a6e611.svs
4554,SLD-1e415c4e.svs SLD-4e3c0f2d.svs
4555,SLD-4aaeb212.svs
4556,SLD-61067a8c.svs SLD-b7d779cc.svs
4557,SLD-6c4c3935.svs SLD-fd0ba70e.svs SLD-b6e355f6.svs
4558,SLD-4a30f7cd.svs SLD-00fdec23.svs
4559,SLD-8fad725d.svs SLD-581332c2.svs SLD-feeac13d.svs SLD-f48ef9a8.svs SLD-9d0b6f5e.svs SLD-fec24805.svs SLD-6aeb5a32.svs
4560,SLD-444517ef.svs SLD-2b2bcfda.svs SLD-cb18d6a4.svs SLD-b0445ebb.svs SLD-603803f3.svs SLD-15db4487.svs
4561,SLD-1ca5a2f5.svs SLD-c6f149c7.svs SLD-9c899296.svs SLD-00f24603.svs SLD-ecf150e6.svs
4562,SLD-a94501d7.svs SLD-fa4b0bc6.svs SLD-13801f25.svs SLD-5028361f.svs
4563,SLD-2cbb93c2.svs SLD-74151acc.svs
4564,SLD-e8a56f31.svs SLD-488cac4e.svs SLD-c15648ff.svs SLD-40aaec7a.svs
4565,SLD-583678ee.svs SLD-27fa8b8a.svs SLD-5cfa38b1.svs
4566,SLD-4bc01de3.svs SLD-70bc3ec1.svs SLD-4d29d77a.svs SLD-79b68b95.svs
4567,SLD-990e8f01.svs SLD-1417d4f9.svs SLD-1a895c62.svs SLD-ed7a6edf.svs SLD-b7c144fb.svs SLD-dd5aacc7.svs
4568,SLD-a27ee80d.svs SLD-ed9081c1.svs
4569,SLD-64e322cf.svs SLD-28d798b4.svs SLD-43eb280e.svs SLD-3ad23fbf.svs SLD-79017990.svs
4570,SLD-98ba0f0e.svs SLD-a8b56f85.svs SLD-24aeba79.svs SLD-346d2b7e.svs SLD-e4b82987.svs SLD-ac7b7ab2.svs
4571,SLD-8463416a.svs SLD-2ab465e9.svs SLD-06999e1e.svs SLD-d97d2b38.svs SLD-d3d6362b.svs
4572,SLD-cef980ce.svs SLD-f7cd0b75.svs
4573,SLD-1965e435.svs SLD-07dc02b1.svs SLD-27f9e728.svs SLD-f45da406.svs SLD-bbf9bb01.svs SLD-101bb5fa.svs SLD-6a480542.svs
4574,SLD-50ae2652.svs SLD-4aaeb212.svs SLD-09cd3bdf.svs SLD-6253dfe3.svs SLD-0f2670d2.svs SLD-356af737.svs
4575,SLD-95decd6e.svs SLD-813dd49a.svs SLD-53f04099.svs SLD-5df2e073.svs SLD-a2834536.svs
4576,SLD-d8a1a546.svs SLD-e642965c.svs SLD-54a6087c.svs SLD-299cf16b.svs SLD-de386aeb.svs SLD-ea96abe6.svs SLD-272eaa36.svs
4577,SLD-abecfc0b.svs SLD-42965873.svs SLD-a867a0f0.svs
4578,SLD-8476af98.svs SLD-c846bf90.svs SLD-425de95f.svs SLD-53f3c158.svs SLD-ef7dee1a.svs
4579,SLD-2fb01074.svs SLD-26b1caba.svs SLD-4d03cbdd.svs SLD-38a7ac54.svs SLD-c9f35bf8.svs
4580,SLD-2b2bcfda.svs SLD-603803f3.svs
4581,SLD-6a480542.svs SLD-bbf9bb01.svs SLD-f45da406.svs
4582,SLD-28280370.svs SLD-c781e11f.svs SLD-2cb38568.svs SLD-8c5c192f.svs
4583,SLD-cad00273.svs
4584,SLD-a629d332.svs SLD-542d19c0.svs SLD-c90853fd.svs
4585,SLD-5b8c4949.svs
4586,SLD-b2e74e77.svs
4587,SLD-3b8f5fc7.svs SLD-6637c09f.svs SLD-7c96eefa.svs SLD-acf606fc.svs SLD-4fab2ad8.svs SLD-5084a40f.svs
4588,SLD-d59b148f.svs SLD-62d59938.svs SLD-fa7bff5f.svs SLD-402988fd.svs SLD-357f0a64.svs
4589,SLD-94d7f681.svs SLD-ae63ad3a.svs SLD-3f79dd31.svs
4590,SLD-8af37d72.svs
4591,SLD-7e56ac3d.svs
4592,SLD-c82a6c15.svs
4593,SLD-a0d9da58.svs SLD-b2e02961.svs SLD-ac73189c.svs SLD-6fdc5e00.svs SLD-3db4cb81.svs SLD-496749fb.svs SLD-080638c9.svs
4594,SLD-5931c9b4.svs SLD-9bd91220.svs SLD-44e8a604.svs SLD-28702bb1.svs SLD-b2c92c12.svs
4595,SLD-d48457df.svs SLD-f3254f2d.svs
4596,SLD-dba620f1.svs SLD-e47c98ea.svs
4597,SLD-a1832fdb.svs SLD-f0fcccc6.svs
4598,SLD-c8bf23fb.svs SLD-61067a8c.svs SLD-b4d4dfcc.svs
4599,SLD-41a8a6e1.svs
4600,SLD-5882e3bb.svs
4601,SLD-d8efb5c9.svs SLD-e7a2d2d0.svs SLD-75fc1b10.svs SLD-33251c76.svs SLD-b8d13539.svs
4602,SLD-fdd2ed7a.svs
4603,SLD-4fdc1351.svs SLD-ba626aee.svs SLD-5ba830dc.svs SLD-542d19c0.svs SLD-2d4ba5a4.svs SLD-a629d332.svs
4604,SLD-8b32992a.svs
4605,SLD-647640a1.svs SLD-b6a659ef.svs
4606,SLD-614f1ddc.svs SLD-4bc972ce.svs SLD-0a9d499c.svs
4607,SLD-5e7f503c.svs SLD-064f768d.svs
4608,SLD-f11ddff7.svs SLD-6af944e0.svs
4609,SLD-fefc5b4a.svs
4610,SLD-b7d779cc.svs
4611,SLD-0262a5aa.svs SLD-7afc50cd.svs SLD-edec31ef.svs SLD-e8ef99e9.svs SLD-f25a3c68.svs SLD-b8bc6621.svs
4612,SLD-3e1fa8ac.svs SLD-35bbcdb0.svs SLD-dba620f1.svs SLD-96062930.svs
4613,SLD-390a9016.svs SLD-2f16fb50.svs SLD-50de4292.svs SLD-3c9590d3.svs SLD-3e2aad3e.svs SLD-4a82e06a.svs
4614,SLD-b49b93d5.svs SLD-45a16970.svs
4615,SLD-5931c9b4.svs SLD-b2c92c12.svs SLD-becba4c8.svs SLD-338f4acf.svs
4616,SLD-7f6bf51b.svs SLD-4fbe2aae.svs SLD-7ee1a2a3.svs SLD-398071b1.svs
4617,SLD-d1f15ee7.svs SLD-d26d028d.svs SLD-141bd896.svs SLD-3bcab3ea.svs SLD-dcff697d.svs SLD-816480fa.svs
4618,SLD-291a58af.svs SLD-2cb38568.svs SLD-28280370.svs SLD-8c5c192f.svs SLD-f1c51dda.svs SLD-259a2b28.svs SLD-b22b8974.svs
4619,SLD-0fe1cedf.svs SLD-69f12ccd.svs SLD-cbf8e26a.svs SLD-b2e74e77.svs SLD-63b74101.svs SLD-4fae667b.svs SLD-0b4cba0a.svs
4620,SLD-17776c3a.svs SLD-39ebfa32.svs SLD-5e146c30.svs
4621,SLD-2b863694.svs SLD-5a220eb2.svs SLD-3d83ad7c.svs
4622,SLD-7fa74d8a.svs
4623,SLD-c781e11f.svs
4624,SLD-1aff71ae.svs SLD-49b564fb.svs SLD-6f1bdd07.svs SLD-75fd3537.svs
4625,SLD-2835bcdb.svs SLD-1f9078d5.svs SLD-1eda4209.svs SLD-b270af55.svs SLD-2347b24f.svs SLD-5f2e9167.svs
4626,SLD-5b471c43.svs SLD-f4dd05d5.svs SLD-1349747a.svs SLD-0b6d9611.svs SLD-ca20854d.svs
4627,SLD-de62d43f.svs SLD-75f2bc20.svs
4628,
4629,SLD-5bc7fdeb.svs
4630,SLD-1ee1723b.svs SLD-277dfc7b.svs SLD-722c353d.svs SLD-4a9686a4.svs SLD-eed15368.svs SLD-3e581dd5.svs
4631,SLD-f4dd05d5.svs SLD-5b471c43.svs SLD-a1cba182.svs SLD-1349747a.svs
4632,SLD-99e8c828.svs SLD-12bdf75f.svs SLD-0542bd75.svs
4633,SLD-2fb01074.svs SLD-8d3ac4b9.svs
4634,SLD-6e927501.svs SLD-4704768e.svs SLD-5bf57279.svs
4635,SLD-3c9a9236.svs
4636,SLD-3d3703f8.svs
4637,SLD-fc145cfe.svs SLD-f9154865.svs
4638,SLD-6aeb5a32.svs
4639,SLD-956c2129.svs
4640,SLD-992e7dea.svs
4641,SLD-2452bc39.svs SLD-dbf2eed1.svs SLD-b080e003.svs
4642,SLD-d21276c2.svs SLD-848610cf.svs SLD-8e50c79a.svs
4643,SLD-4b7350d1.svs SLD-a1ab17c0.svs
4644,SLD-93a25c9b.svs SLD-65fd5f69.svs SLD-76a933cf.svs
4645,SLD-9717aa6e.svs
4646,SLD-1aff71ae.svs SLD-75fd3537.svs
4647,SLD-3fee2fc7.svs SLD-38553ac8.svs SLD-deffed7a.svs SLD-ef38d426.svs SLD-476c4878.svs
4648,SLD-849b8a44.svs SLD-cb4d18d6.svs
4649,SLD-258694b6.svs SLD-113c1836.svs SLD-fde9d47d.svs SLD-38431ed6.svs
4650,SLD-ddfae808.svs SLD-afd86432.svs SLD-fa999f9b.svs SLD-11035083.svs SLD-86de3365.svs
4651,SLD-eda67806.svs
4652,SLD-13d72846.svs SLD-4e051eea.svs SLD-92dbd613.svs SLD-17776c3a.svs SLD-6c1b6811.svs SLD-bd2cdb8d.svs SLD-5e146c30.svs
4653,SLD-7176d181.svs SLD-3e2b6653.svs SLD-dfc8b87a.svs SLD-a92c3c3e.svs SLD-af3cb9d0.svs SLD-9c272c51.svs
4654,SLD-4124405b.svs SLD-4312ece2.svs SLD-10cc8711.svs
4655,SLD-451437d6.svs SLD-6480fdc0.svs SLD-f1c58f44.svs SLD-cda6a326.svs SLD-03c8e104.svs
4656,SLD-29bccee9.svs
4657,SLD-27f9e728.svs SLD-6a480542.svs SLD-f45da406.svs
4658,SLD-b934718f.svs SLD-4bc972ce.svs
4659,SLD-6e927501.svs
4660,SLD-b4d4dfcc.svs SLD-61067a8c.svs SLD-b7d779cc.svs SLD-953c178e.svs SLD-4b5ca436.svs SLD-d7a3283c.svs SLD-c8bf23fb.svs
4661,SLD-fd0ba70e.svs SLD-6c4c3935.svs SLD-b6e355f6.svs SLD-379deda1.svs
4662,SLD-854df9b6.svs SLD-6c749cf4.svs SLD-3b239fd8.svs SLD-ced4dd7c.svs SLD-b4ca0142.svs SLD-0d20f686.svs SLD-2b66b1c0.svs
4663,SLD-571c9d78.svs SLD-fa7bff5f.svs SLD-402988fd.svs SLD-d59b148f.svs
4664,SLD-e6b920da.svs SLD-3438b4e4.svs SLD-5f20f406.svs SLD-4b1678e4.svs
4665,
4666,SLD-35a7c6ed.svs SLD-5882e3bb.svs SLD-864696c1.svs SLD-14827a89.svs
4667,SLD-28280370.svs SLD-f1c51dda.svs SLD-c781e11f.svs
4668,SLD-5b45cf5a.svs
4669,SLD-12bdf75f.svs SLD-64d02759.svs
4670,SLD-3f7a2748.svs
4671,SLD-4d03cbdd.svs
4672,SLD-6253dfe3.svs SLD-b9f94ec6.svs SLD-50ae2652.svs SLD-09cd3bdf.svs SLD-f19b43da.svs SLD-356af737.svs SLD-4aaeb212.svs
4673,SLD-ffeb5d5f.svs
4674,SLD-fefc5b4a.svs SLD-693d993c.svs SLD-eb1d1061.svs SLD-dd55daaf.svs SLD-c30759a4.svs SLD-28b4d5b9.svs SLD-9717aa6e.svs
4675,SLD-dd138266.svs SLD-5bc7fdeb.svs
4676,SLD-c846bf90.svs SLD-8476af98.svs SLD-40fe6898.svs
4677,SLD-b287c440.svs SLD-daa6b26a.svs SLD-ed4879e7.svs SLD-efd164ee.svs
4678,SLD-8476af98.svs SLD-40fe6898.svs
4679,SLD-4815642c.svs
4680,
4681,SLD-53ff6644.svs SLD-2076d932.svs
4682,SLD-27649a62.svs SLD-9b050db2.svs SLD-1cb66f67.svs
4683,SLD-a92c3c3e.svs SLD-dfc8b87a.svs SLD-3957f082.svs
4684,SLD-f3f05323.svs SLD-01275a63.svs SLD-0b2f8580.svs SLD-213124bd.svs
4685,SLD-91fd7d4a.svs SLD-9b87cc5e.svs SLD-6d7fe9b2.svs
4686,SLD-00d3d1af.svs SLD-ac7b7ab2.svs
4687,SLD-e5aef699.svs SLD-a5e3a719.svs
4688,
4689,SLD-1ac902ee.svs SLD-60c6b3ed.svs SLD-32ae2a20.svs SLD-8be04c3e.svs SLD-5c949381.svs
4690,SLD-aaa28439.svs SLD-c6962905.svs SLD-40fe81ec.svs SLD-7c8d5368.svs SLD-3a8d1c00.svs
4691,SLD-78a55d6b.svs SLD-4e60678b.svs SLD-fef06b04.svs SLD-82f4b48a.svs SLD-f2ded00f.svs SLD-68fc642a.svs SLD-68032f7e.svs
4692,SLD-6253dfe3.svs SLD-f19b43da.svs SLD-50ae2652.svs SLD-b9f94ec6.svs SLD-0f2670d2.svs SLD-4aaeb212.svs SLD-09cd3bdf.svs
4693,SLD-01ce5fc6.svs
4694,SLD-75fd3537.svs SLD-6f1bdd07.svs SLD-49b564fb.svs SLD-1aff71ae.svs SLD-30f2c485.svs
4695,SLD-698eecba.svs SLD-dfb87708.svs
4696,SLD-38553ac8.svs
4697,SLD-444517ef.svs SLD-15db4487.svs
4698,SLD-9045a445.svs SLD-f489362c.svs
4699,SLD-246cb09c.svs SLD-6ab01563.svs
4700,SLD-33a1d1c2.svs SLD-65e04993.svs SLD-ad4ab155.svs SLD-7f411fed.svs SLD-1e70e799.svs SLD-41a8a6e1.svs SLD-350d278d.svs
4701,SLD-1624d318.svs
4702,SLD-fa7bff5f.svs SLD-1db1dfdc.svs SLD-571c9d78.svs SLD-d59b148f.svs SLD-402988fd.svs SLD-357f0a64.svs
4703,SLD-94d7f681.svs SLD-d5511e14.svs SLD-beb778d6.svs
4704,SLD-7c2b940d.svs SLD-10345193.svs SLD-50c6fa8c.svs SLD-f489362c.svs SLD-958cd60e.svs
4705,SLD-393031a6.svs SLD-58ea0417.svs SLD-d61a43f2.svs SLD-378b094c.svs SLD-c82a6c15.svs SLD-b5178761.svs
4706,SLD-33251c76.svs SLD-d8efb5c9.svs SLD-e7a2d2d0.svs SLD-b8d13539.svs
4707,SLD-196d362d.svs SLD-6aeb5a32.svs SLD-fec24805.svs
4708,SLD-571c9d78.svs SLD-fa7bff5f.svs SLD-f8cc3f3b.svs SLD-357f0a64.svs SLD-402988fd.svs
4709,SLD-f2ed33e1.svs SLD-a1fdcdf1.svs SLD-a3155940.svs
4710,SLD-106861d3.svs SLD-5b8c4949.svs SLD-30c42d61.svs
4711,SLD-061f5679.svs SLD-e355c369.svs SLD-69083bd6.svs SLD-ef617cac.svs
4712,SLD-55f7792a.svs SLD-9b87cc5e.svs
4713,SLD-c315d334.svs SLD-dba620f1.svs SLD-3e1fa8ac.svs
4714,SLD-5d158e44.svs SLD-0e96ed9b.svs
4715,SLD-a1d33772.svs SLD-cbf1f93c.svs SLD-f110397a.svs SLD-81011c5b.svs SLD-94665d45.svs SLD-a3af11d0.svs
4716,SLD-ef208346.svs SLD-920c3de9.svs
4717,SLD-8ec9ea98.svs
4718,SLD-0a8bc856.svs SLD-f9df7275.svs SLD-f45c8840.svs SLD-9da28338.svs SLD-61994015.svs
4719,SLD-4f8e3e01.svs SLD-6480fdc0.svs SLD-451437d6.svs SLD-566ff3ec.svs SLD-7e083c1b.svs SLD-cda6a326.svs SLD-f1c58f44.svs
4720,SLD-9bd91220.svs SLD-44e8a604.svs SLD-28702bb1.svs SLD-5931c9b4.svs SLD-706146ff.svs SLD-becba4c8.svs
4721,SLD-53fb2ed1.svs SLD-b66b6b0b.svs
4722,SLD-54a8762b.svs SLD-7281b8a9.svs
4723,SLD-c963d148.svs SLD-01d34690.svs
4724,SLD-25fdacbe.svs SLD-ae0fdbc8.svs SLD-a36bcb01.svs SLD-7ce71b48.svs
4725,SLD-8513d91e.svs SLD-85e74250.svs SLD-6a325333.svs
4726,SLD-4d4985dc.svs SLD-09aedbd0.svs
4727,SLD-3cc4f772.svs SLD-d7133061.svs SLD-f22a4fc6.svs SLD-d4088ff7.svs SLD-d216ad53.svs SLD-547e3918.svs SLD-2d20481a.svs
4728,SLD-dc2897c6.svs SLD-84539813.svs
4729,SLD-92f078b8.svs SLD-8513d91e.svs SLD-22696227.svs SLD-4a294067.svs
4730,SLD-6d7fe9b2.svs SLD-1a9e8547.svs SLD-739ac9e2.svs
4731,SLD-f7cd0b75.svs SLD-beb9c9e2.svs SLD-9d263e76.svs
4732,SLD-6a325333.svs SLD-8513d91e.svs SLD-85e74250.svs SLD-22696227.svs SLD-4a294067.svs SLD-92f078b8.svs
4733,SLD-50de4292.svs SLD-82221345.svs
4734,SLD-9d263e76.svs SLD-cef980ce.svs SLD-05f2b928.svs SLD-dd9539fc.svs SLD-c471e21a.svs
4735,SLD-1a895c62.svs
4736,SLD-9d0b6f5e.svs SLD-feeac13d.svs
4737,
4738,SLD-ebe7ef91.svs SLD-00cbd313.svs SLD-1f626a97.svs SLD-80245320.svs SLD-63eaa07f.svs SLD-2bdb5720.svs
4739,SLD-647640a1.svs SLD-b6a659ef.svs SLD-1b4e1428.svs SLD-88d3281a.svs
4740,SLD-4168705a.svs SLD-51abf5e5.svs SLD-52ab793f.svs
4741,SLD-b4ca0142.svs SLD-5fdd5329.svs SLD-854df9b6.svs SLD-0d20f686.svs SLD-3b239fd8.svs SLD-ced4dd7c.svs SLD-2b66b1c0.svs
4742,SLD-a2834536.svs SLD-cfdef303.svs SLD-95decd6e.svs
4743,SLD-ed7a6edf.svs
4744,SLD-153251c9.svs SLD-d020baee.svs SLD-8f4ed442.svs SLD-95fc7389.svs SLD-ccd66756.svs SLD-2ca723c4.svs
4745,SLD-f3254f2d.svs SLD-8c833848.svs SLD-47595b01.svs SLD-d48457df.svs
4746,SLD-8a74bec5.svs
4747,SLD-bc52b34e.svs SLD-4384860c.svs
4748,SLD-a31ca36b.svs SLD-7ed61f4e.svs SLD-8d5f52c0.svs SLD-03927935.svs SLD-d1cae193.svs SLD-e8751766.svs SLD-059ebb2e.svs
4749,SLD-2fcf3b87.svs SLD-defa7864.svs SLD-3be95767.svs
4750,SLD-dd138266.svs
4751,SLD-444517ef.svs SLD-cb18d6a4.svs SLD-2b2bcfda.svs
4752,SLD-14aaaefe.svs SLD-ccd66756.svs SLD-95fc7389.svs SLD-153251c9.svs SLD-d020baee.svs
4753,SLD-b52f6009.svs SLD-05727bb5.svs SLD-b44788bd.svs SLD-0bee2ebd.svs
4754,SLD-5df5672b.svs SLD-d466c772.svs
4755,SLD-cbf8e26a.svs SLD-0fe1cedf.svs SLD-b2e74e77.svs SLD-0b4cba0a.svs
4756,SLD-4642cddb.svs SLD-fbf70946.svs
4757,SLD-fa4b0bc6.svs SLD-13801f25.svs SLD-8c3fa29f.svs SLD-def1274a.svs
4758,SLD-25323fd3.svs SLD-26b1caba.svs SLD-38a7ac54.svs SLD-8d3ac4b9.svs SLD-4d03cbdd.svs
4759,SLD-90ed41f4.svs SLD-119fc1c4.svs
4760,SLD-07dc02b1.svs
4761,SLD-669ff1b9.svs SLD-a1d53402.svs SLD-5bd71dc6.svs
4762,SLD-1ee1723b.svs SLD-4a9686a4.svs SLD-58116722.svs
4763,SLD-10da8a95.svs SLD-60257199.svs SLD-fdd2ed7a.svs SLD-a38d8afc.svs
4764,SLD-581ba307.svs SLD-abecfc0b.svs SLD-42965873.svs SLD-39d5b552.svs SLD-b9cde60c.svs
4765,SLD-eba08424.svs SLD-e291f5e1.svs
4766,SLD-ec071cf1.svs SLD-f8db1a4d.svs SLD-a9fa4ea6.svs SLD-376e22a6.svs SLD-e47638ec.svs SLD-6c32faff.svs
4767,SLD-5e87905a.svs SLD-a3155940.svs SLD-71df24d9.svs SLD-f2ed33e1.svs SLD-605dd4d6.svs SLD-a1fdcdf1.svs SLD-0ecfb95b.svs
4768,SLD-bc52b34e.svs SLD-e413961f.svs SLD-4384860c.svs SLD-8805ae31.svs SLD-fb0a6a90.svs SLD-68c6dd5e.svs SLD-cdfa4cc8.svs
4769,SLD-7c8d5368.svs
4770,SLD-6c148fc6.svs SLD-4c4b91fe.svs SLD-ed28508d.svs SLD-bdaa3bfa.svs SLD-9750ca7e.svs SLD-6ab01563.svs
4771,SLD-4bebcf4f.svs SLD-080638c9.svs SLD-a0d9da58.svs SLD-496749fb.svs SLD-6fdc5e00.svs SLD-3db4cb81.svs
4772,SLD-4d29d77a.svs
4773,SLD-dd1f8e30.svs
4774,SLD-aa66b464.svs
4775,SLD-c82a6c15.svs SLD-d61a43f2.svs SLD-b5178761.svs SLD-18c8ece6.svs SLD-393031a6.svs SLD-58ea0417.svs SLD-378b094c.svs
4776,SLD-246cb09c.svs SLD-9750ca7e.svs SLD-4c4b91fe.svs
4777,SLD-f367dbe2.svs
4778,SLD-b270af55.svs SLD-2835bcdb.svs SLD-2347b24f.svs SLD-1eda4209.svs SLD-5f2e9167.svs
4779,SLD-53ff6644.svs SLD-919c21ed.svs SLD-2076d932.svs SLD-907d8532.svs SLD-b5e2834d.svs
4780,SLD-ac91c01e.svs SLD-69967b5c.svs SLD-469a1289.svs SLD-a96e2bf4.svs
4781,SLD-6581f934.svs SLD-3891aef5.svs
4782,SLD-d1a8d7b0.svs SLD-bc6284a8.svs SLD-e1c25cd1.svs SLD-5b62a7c9.svs
4783,SLD-c6962905.svs SLD-3a8d1c00.svs SLD-b259a6a0.svs
4784,SLD-68fc642a.svs SLD-82f4b48a.svs SLD-f6f25926.svs SLD-fef06b04.svs SLD-4e60678b.svs SLD-f2ded00f.svs SLD-68032f7e.svs
4785,SLD-dfec4623.svs SLD-33b5b3ce.svs
4786,SLD-7a658abe.svs
4787,SLD-eb1c3ba4.svs
4788,SLD-e47638ec.svs SLD-584d3c02.svs SLD-6c32faff.svs SLD-f8db1a4d.svs SLD-ec071cf1.svs SLD-22c71d04.svs
4789,SLD-50ae2652.svs
4790,SLD-ff88ec82.svs
4791,SLD-469a1289.svs SLD-734c5192.svs SLD-fc145cfe.svs
4792,SLD-7ce71b48.svs
4793,SLD-e1bccfb2.svs SLD-9c14940d.svs SLD-53e83663.svs SLD-c1fa924e.svs SLD-4e98ce25.svs SLD-c602bd20.svs
4794,SLD-c7867a38.svs SLD-a09f1aed.svs SLD-c6be6432.svs SLD-b2d10e3d.svs SLD-d1c3d1bc.svs SLD-809e2109.svs SLD-e38690e7.svs
4795,SLD-4916e844.svs
4796,SLD-b7c144fb.svs SLD-1a895c62.svs
4797,SLD-fa3222c4.svs SLD-8d56206d.svs
4798,SLD-17337a7c.svs
4799,SLD-10da8a95.svs SLD-60257199.svs
4800,SLD-84eaf943.svs
4801,SLD-90a2b8e1.svs SLD-55e9718e.svs
4802,SLD-d26d028d.svs SLD-55e9718e.svs SLD-141bd896.svs
4803,SLD-fa999f9b.svs SLD-d8a230de.svs SLD-14d4dad6.svs SLD-86de3365.svs
4804,SLD-ef38d426.svs SLD-38553ac8.svs
4805,SLD-ea96abe6.svs SLD-272eaa36.svs
4806,SLD-bd2cdb8d.svs SLD-5e146c30.svs SLD-6c1b6811.svs SLD-17776c3a.svs SLD-39ebfa32.svs
4807,SLD-a8e6a772.svs
4808,SLD-1965e435.svs SLD-27f9e728.svs SLD-6a480542.svs SLD-f45da406.svs SLD-c618fc1e.svs SLD-101bb5fa.svs
4809,SLD-581ba307.svs
4810,SLD-1f9078d5.svs SLD-2835bcdb.svs SLD-5f2e9167.svs
4811,SLD-7e240205.svs SLD-9df497f1.svs
4812,SLD-113c1836.svs
4813,SLD-ef617cac.svs SLD-7b056d02.svs SLD-69083bd6.svs SLD-b931a26d.svs
4814,SLD-27fa8b8a.svs SLD-583678ee.svs SLD-a02ebb76.svs SLD-f3ca5f64.svs
4815,SLD-26c00984.svs SLD-c734bb05.svs SLD-084fa819.svs SLD-788c31f6.svs SLD-9e0df45b.svs SLD-992a34a1.svs
4816,SLD-4fab2ad8.svs SLD-3b8f5fc7.svs SLD-5084a40f.svs SLD-acf606fc.svs SLD-7c96eefa.svs
4817,SLD-09c64c1d.svs SLD-92b035e0.svs SLD-ecf150e6.svs SLD-9c899296.svs SLD-00f24603.svs
4818,SLD-ea96abe6.svs SLD-272eaa36.svs
4819,SLD-ac2c10d0.svs
4820,SLD-eecb325b.svs
4821,SLD-abe0a177.svs SLD-8a663359.svs SLD-0b09ec41.svs
4822,SLD-6e05724d.svs SLD-45a16970.svs
4823,SLD-28702bb1.svs SLD-706146ff.svs
4824,SLD-864696c1.svs
4825,SLD-bb9e5a02.svs SLD-bc6ff6ac.svs SLD-48d8b9ef.svs SLD-2c2df3c2.svs
4826,SLD-9c2e5562.svs SLD-c9fe6036.svs
4827,SLD-93a25c9b.svs SLD-07fe6a4e.svs
4828,SLD-82f4b48a.svs
4829,SLD-76a933cf.svs SLD-9cf600ec.svs SLD-6e3a52d7.svs SLD-07fe6a4e.svs
4830,SLD-7281b8a9.svs SLD-e5aef699.svs SLD-6bf52dfd.svs SLD-affe2554.svs
4831,SLD-5bf80676.svs
4832,SLD-c13e66af.svs SLD-50de4292.svs SLD-3c9590d3.svs SLD-4a82e06a.svs SLD-82221345.svs SLD-3e2aad3e.svs
4833,SLD-70d22718.svs SLD-5b9e42d0.svs SLD-0dd35d11.svs
4834,SLD-50c6fa8c.svs SLD-f489362c.svs SLD-a07f7f47.svs SLD-958cd60e.svs SLD-7c2b940d.svs SLD-9045a445.svs
4835,SLD-3380dcfc.svs SLD-8e9b185e.svs
4836,SLD-b259a6a0.svs SLD-3a8d1c00.svs SLD-c6962905.svs SLD-40fe81ec.svs SLD-cfe4fb66.svs SLD-ec3826bc.svs SLD-aaa28439.svs
4837,SLD-c7281f15.svs SLD-b17078ee.svs SLD-3fbdaeed.svs SLD-735b3a80.svs SLD-b5cbb690.svs
4838,SLD-1f94e3c8.svs SLD-106861d3.svs SLD-18a77594.svs SLD-633d9c54.svs
4839,SLD-697b8538.svs SLD-ca3c4050.svs SLD-d8efb5c9.svs SLD-0ff73f25.svs SLD-33251c76.svs SLD-e7a2d2d0.svs
4840,SLD-28948b4c.svs
4841,SLD-3438b4e4.svs SLD-5f20f406.svs SLD-70f8dd99.svs SLD-52177eb7.svs SLD-e6b920da.svs SLD-4b1678e4.svs
4842,SLD-2cbb93c2.svs SLD-5723a959.svs SLD-3f7a2748.svs
4843,SLD-e65d1c73.svs
4844,SLD-28280370.svs SLD-b22b8974.svs SLD-c781e11f.svs
4845,SLD-346d2b7e.svs SLD-ac7b7ab2.svs SLD-00d3d1af.svs SLD-353e0c86.svs
4846,SLD-2d492ca2.svs SLD-614f1ddc.svs SLD-b934718f.svs SLD-0a9d499c.svs
4847,SLD-7c96eefa.svs SLD-6637c09f.svs SLD-3b8f5fc7.svs
4848,SLD-e7aad070.svs
4849,SLD-48a133ab.svs SLD-c30759a4.svs SLD-28b4d5b9.svs SLD-fefc5b4a.svs SLD-693d993c.svs
4850,SLD-1f94e3c8.svs
4851,SLD-6a27241f.svs SLD-2c2df3c2.svs
4852,SLD-4b5ca436.svs SLD-b4d4dfcc.svs
4853,SLD-061f5679.svs
4854,SLD-7425f4e9.svs SLD-6581f934.svs SLD-3891aef5.svs SLD-ebe0572c.svs SLD-8ec9ea98.svs SLD-9bbac838.svs
4855,SLD-f642c8f3.svs SLD-52177eb7.svs
4856,SLD-d9732b86.svs
4857,SLD-8cffbbb1.svs SLD-6ab01563.svs SLD-ed28508d.svs
4858,SLD-5c949381.svs
4859,SLD-1188afa1.svs SLD-7a658abe.svs SLD-f660ffd5.svs
4860,SLD-3be95767.svs
4861,SLD-afdb4e0b.svs
4862,SLD-ab12fb53.svs
4863,SLD-87ba3b90.svs SLD-4e3c0f2d.svs
4864,SLD-8eafb323.svs
4865,SLD-92e94e89.svs
4866,SLD-8f08963c.svs SLD-32d116fe.svs SLD-8eeb3fd8.svs SLD-dcae667e.svs SLD-01ce5fc6.svs SLD-0876daaa.svs SLD-96248805.svs
4867,SLD-f3fa8613.svs SLD-64aba3f6.svs SLD-7a658abe.svs
4868,SLD-5a9414b8.svs SLD-c15648ff.svs SLD-40aaec7a.svs
4869,SLD-04fe973d.svs
4870,SLD-9ed9c124.svs
4871,SLD-fb0a6a90.svs
4872,SLD-3cf9d1fe.svs
4873,SLD-ddfae808.svs SLD-fa999f9b.svs SLD-14d4dad6.svs SLD-11035083.svs SLD-afd86432.svs SLD-d8a230de.svs
4874,SLD-b9cde60c.svs SLD-39d5b552.svs SLD-42965873.svs SLD-ab1e6794.svs
4875,SLD-9870c707.svs SLD-fb24cba4.svs SLD-ef7f6bc8.svs SLD-a25130a8.svs SLD-955fbc33.svs SLD-e1a9344e.svs SLD-01424249.svs
4876,SLD-bc5074ac.svs SLD-baa172ac.svs SLD-4fee7144.svs SLD-6279d944.svs
4877,SLD-48d8b9ef.svs SLD-3fafa217.svs
4878,SLD-52b04994.svs SLD-583678ee.svs SLD-4b1dd9fd.svs SLD-4a8b77da.svs SLD-a02ebb76.svs SLD-f3ca5f64.svs SLD-27fa8b8a.svs
4879,SLD-09cd3bdf.svs SLD-50ae2652.svs
4880,SLD-41300879.svs SLD-4fee7144.svs SLD-4d236555.svs SLD-baa172ac.svs SLD-bc5074ac.svs SLD-84539813.svs
4881,SLD-c6f149c7.svs SLD-09c64c1d.svs SLD-0c15a575.svs SLD-ecf150e6.svs
4882,SLD-8476af98.svs
4883,SLD-becba4c8.svs SLD-9bd91220.svs SLD-338f4acf.svs SLD-28702bb1.svs SLD-b2c92c12.svs
4884,SLD-11035083.svs SLD-86de3365.svs SLD-fa999f9b.svs SLD-afb120f4.svs
4885,SLD-64aba3f6.svs SLD-90ed41f4.svs
4886,SLD-9ed9c124.svs SLD-990e8f01.svs SLD-6d5b7d50.svs SLD-ed7a6edf.svs SLD-1a895c62.svs SLD-1417d4f9.svs SLD-dd5aacc7.svs
4887,SLD-65e04993.svs
4888,SLD-2d58bce9.svs SLD-6a594b07.svs SLD-3bfb255e.svs SLD-eda67806.svs
4889,SLD-2f6570d7.svs
4890,SLD-5a31a6a6.svs SLD-6d7fe9b2.svs
4891,SLD-6c835975.svs SLD-47595b01.svs
4892,SLD-992a34a1.svs SLD-084fa819.svs
4893,SLD-a3af11d0.svs
4894,SLD-0c15a575.svs
4895,SLD-3d3703f8.svs SLD-9d263e76.svs
4896,SLD-8eafb323.svs SLD-d7de701d.svs
4897,SLD-68f49b51.svs SLD-90ed41f4.svs SLD-64aba3f6.svs
4898,SLD-acf606fc.svs SLD-8091a21d.svs
4899,SLD-25fdacbe.svs SLD-7ce71b48.svs SLD-905c053b.svs SLD-6c596216.svs SLD-a36bcb01.svs
4900,SLD-a11b26b0.svs SLD-43a061c4.svs SLD-b49b93d5.svs
4901,SLD-7176d181.svs SLD-9c272c51.svs SLD-a92c3c3e.svs
4902,SLD-46e785ad.svs SLD-1bce35d8.svs SLD-b02de52c.svs SLD-cbe88a3f.svs SLD-1cb66f67.svs
4903,SLD-0e96ed9b.svs SLD-a217cf25.svs
4904,SLD-07fe6a4e.svs SLD-76a933cf.svs
4905,SLD-09aedbd0.svs SLD-b318ad4c.svs SLD-4d4985dc.svs SLD-1db2b452.svs
4906,SLD-723dc8f5.svs SLD-c2eaf172.svs SLD-3fbdaeed.svs SLD-735b3a80.svs
4907,SLD-d020baee.svs SLD-14aaaefe.svs SLD-2ca723c4.svs SLD-153251c9.svs
4908,SLD-722c353d.svs SLD-3e581dd5.svs
4909,SLD-7f6b8793.svs
4910,SLD-cad00273.svs SLD-1e415c4e.svs SLD-4332559d.svs
4911,SLD-d48457df.svs SLD-11fba56e.svs
4912,SLD-1f9078d5.svs SLD-5f2e9167.svs SLD-2347b24f.svs
4913,SLD-4b5ca436.svs SLD-b7d779cc.svs
4914,SLD-42734d1c.svs SLD-98decbf6.svs
4915,SLD-ec6e61bd.svs SLD-f0bd7405.svs SLD-a27ee80d.svs SLD-6d3f4b37.svs
4916,SLD-064f768d.svs SLD-5e7f503c.svs SLD-b080e003.svs
4917,SLD-48a133ab.svs
4918,SLD-0ef05b6f.svs SLD-b58c1e9f.svs SLD-daa6b26a.svs SLD-efd164ee.svs
4919,SLD-e10b4aad.svs SLD-cf2a2198.svs
4920,SLD-6a325333.svs
4921,SLD-94665d45.svs SLD-1c2c7a34.svs SLD-cbf1f93c.svs
4922,SLD-38a7ac54.svs SLD-26b1caba.svs SLD-8d3ac4b9.svs SLD-2fb01074.svs SLD-4d03cbdd.svs SLD-c9f35bf8.svs SLD-cc869dea.svs
4923,SLD-10345193.svs SLD-fe38784b.svs SLD-9045a445.svs SLD-7c2b940d.svs SLD-958cd60e.svs
4924,SLD-e9e7e1ba.svs SLD-6b325d48.svs SLD-06c4e109.svs
4925,SLD-cbf1f93c.svs SLD-f110397a.svs SLD-1c2c7a34.svs SLD-a1d33772.svs
4926,SLD-13d1ea49.svs
4927,SLD-32ae2a20.svs SLD-8be04c3e.svs SLD-60c6b3ed.svs SLD-1ac902ee.svs SLD-755a3ac1.svs SLD-25777cf0.svs
4928,SLD-20ca35ab.svs
4929,SLD-de6fec4b.svs SLD-10fc9eee.svs
4930,SLD-269b6c3b.svs SLD-754724dd.svs SLD-4af0a6fe.svs SLD-7f107645.svs SLD-16f14aad.svs
4931,SLD-5bd71dc6.svs SLD-ea75e34d.svs SLD-5bf57279.svs
4932,SLD-30d6863f.svs
4933,SLD-ef617cac.svs
4934,SLD-5ba830dc.svs SLD-a629d332.svs SLD-c90853fd.svs SLD-4fdc1351.svs SLD-ba626aee.svs SLD-2d4ba5a4.svs
4935,SLD-4643d705.svs SLD-9251ad08.svs SLD-f1e7ea9b.svs SLD-2f6570d7.svs
4936,SLD-ef38d426.svs SLD-7d718591.svs SLD-deffed7a.svs SLD-3fee2fc7.svs SLD-20ca35ab.svs
4937,SLD-58bf3b9e.svs
4938,SLD-1f9078d5.svs SLD-2835bcdb.svs SLD-9177b6d4.svs SLD-5f2e9167.svs SLD-2347b24f.svs
4939,SLD-ed28508d.svs SLD-bdaa3bfa.svs
4940,SLD-a02ebb76.svs SLD-f3ca5f64.svs SLD-52b04994.svs
4941,SLD-2d492ca2.svs
4942,SLD-c82a6c15.svs SLD-d61a43f2.svs
4943,SLD-259a2b28.svs SLD-c781e11f.svs SLD-8c5c192f.svs SLD-f1c51dda.svs
4944,SLD-9bd91220.svs
4945,SLD-6faefeda.svs SLD-afb9f3a8.svs
4946,SLD-0d20f686.svs SLD-b4ca0142.svs SLD-5fdd5329.svs SLD-ced4dd7c.svs SLD-3b239fd8.svs
4947,SLD-b7d779cc.svs SLD-d7a3283c.svs
4948,SLD-92f078b8.svs SLD-22696227.svs
4949,SLD-ef208346.svs SLD-fa3222c4.svs
4950,SLD-28948b4c.svs SLD-a1832fdb.svs
4951,SLD-52177eb7.svs SLD-5f20f406.svs SLD-4b1678e4.svs
4952,SLD-4f8e3e01.svs
4953,SLD-dfec4623.svs SLD-33b5b3ce.svs SLD-8af58903.svs
4954,SLD-9177b6d4.svs SLD-5f2e9167.svs SLD-b270af55.svs
4955,SLD-05727bb5.svs SLD-e46232e7.svs SLD-8a647b9f.svs SLD-5e2d2454.svs SLD-0bee2ebd.svs
4956,SLD-68afe2b8.svs
4957,SLD-c4841a8d.svs
4958,SLD-5ba830dc.svs
4959,SLD-c149fa8e.svs SLD-a1ab17c0.svs SLD-7bb8c2f1.svs SLD-0078cb12.svs SLD-4b7350d1.svs
4960,SLD-3c740119.svs SLD-269b6c3b.svs
4961,SLD-27649a62.svs SLD-cbe88a3f.svs
4962,SLD-b4d4dfcc.svs SLD-4b5ca436.svs
4963,SLD-f48ef9a8.svs SLD-feeac13d.svs SLD-8fad725d.svs
4964,SLD-78a55d6b.svs SLD-fef06b04.svs SLD-68fc642a.svs SLD-4e60678b.svs SLD-68032f7e.svs
4965,SLD-ddfae808.svs SLD-d8a230de.svs
4966,SLD-4e98ce25.svs
4967,SLD-65e04993.svs SLD-c09fcd8f.svs SLD-33a1d1c2.svs SLD-350d278d.svs
4968,SLD-a1c2d9bf.svs SLD-b261d0d2.svs SLD-8420b8d9.svs SLD-0dcf035b.svs SLD-f4db1c1e.svs SLD-aa66b464.svs SLD-a604e5af.svs
4969,SLD-a5387901.svs SLD-4fae667b.svs SLD-69f12ccd.svs SLD-0b4cba0a.svs
4970,SLD-fa4b0bc6.svs SLD-def1274a.svs SLD-5121f31f.svs SLD-a94501d7.svs SLD-13801f25.svs
4971,SLD-a2834536.svs SLD-813dd49a.svs SLD-8d99743c.svs SLD-cfdef303.svs
4972,SLD-fe38784b.svs
4973,SLD-51abf5e5.svs SLD-74aba9fc.svs SLD-e4bacd78.svs SLD-533c9a31.svs SLD-8930d179.svs
4974,SLD-e355c369.svs
4975,SLD-47595b01.svs SLD-2c805ac7.svs SLD-8c833848.svs SLD-efa2ce12.svs SLD-11fba56e.svs SLD-f3254f2d.svs
4976,SLD-25323fd3.svs SLD-26b1caba.svs SLD-2fb01074.svs
4977,SLD-5f653800.svs SLD-d7de701d.svs SLD-8eafb323.svs SLD-5b45cf5a.svs SLD-b7ae7758.svs SLD-29c836e0.svs
4978,SLD-a71b80ef.svs SLD-7ea496f5.svs SLD-cf2a2198.svs SLD-f40d2a37.svs
4979,SLD-ad9d1f42.svs SLD-3b7c1f9a.svs
4980,SLD-15ac15c3.svs SLD-5d158e44.svs SLD-be3feafd.svs
4981,SLD-1f9078d5.svs
4982,SLD-f3254f2d.svs
4983,SLD-defa7864.svs SLD-be3feafd.svs
4984,SLD-b4d4dfcc.svs SLD-61067a8c.svs SLD-4b5ca436.svs SLD-953c178e.svs
4985,SLD-7499b28c.svs SLD-a1cba182.svs SLD-ca20854d.svs SLD-0b6d9611.svs SLD-5b471c43.svs SLD-1349747a.svs
4986,SLD-00cbd313.svs SLD-68afe2b8.svs SLD-ebe7ef91.svs SLD-1f626a97.svs
4987,SLD-66dfeb1e.svs SLD-425832c0.svs SLD-d9082a42.svs SLD-232f8c5b.svs
4988,SLD-a100ed14.svs SLD-c4c536fb.svs SLD-4d18c103.svs SLD-37fef6b5.svs SLD-1d4d1180.svs SLD-01fda698.svs
4989,SLD-c90853fd.svs
4990,SLD-0b2f8580.svs
4991,SLD-848610cf.svs SLD-8e50c79a.svs SLD-0ea255e0.svs SLD-d21276c2.svs SLD-8b1f1137.svs
4992,SLD-0061fd30.svs SLD-7751b3fa.svs
4993,SLD-590e83da.svs SLD-078548d7.svs
4994,SLD-baa172ac.svs SLD-bc5074ac.svs SLD-4fee7144.svs SLD-41300879.svs
4995,SLD-0a66dc4e.svs SLD-10fc9eee.svs SLD-ea5f24b6.svs SLD-399f8a8f.svs SLD-21681081.svs SLD-843b2a7d.svs SLD-de6fec4b.svs
4996,SLD-d197b561.svs SLD-70bc3ec1.svs SLD-23aa9e67.svs SLD-4d29d77a.svs SLD-79b68b95.svs
4997,SLD-defa7864.svs SLD-be3feafd.svs SLD-3be95767.svs SLD-0e96ed9b.svs
4998,SLD-f4db1c1e.svs SLD-8420b8d9.svs SLD-a1c2d9bf.svs
4999,SLD-10345193.svs SLD-fe38784b.svs
5000,SLD-2cbb93c2.svs SLD-f5a3e893.svs SLD-c4841a8d.svs SLD-6e84f8ea.svs SLD-3f7a2748.svs SLD-5723a959.svs
5001,SLD-6637c09f.svs SLD-5084a40f.svs SLD-acf606fc.svs
5002,SLD-b52f6009.svs SLD-5e2d2454.svs SLD-05727bb5.svs
5003,SLD-f0bd7405.svs SLD-650dd400.svs SLD-a27ee80d.svs
5004,SLD-98ba0f0e.svs SLD-a8b56f85.svs SLD-346d2b7e.svs SLD-ac7b7ab2.svs SLD-24aeba79.svs SLD-353e0c86.svs
5005,SLD-dc2897c6.svs SLD-baa172ac.svs SLD-bc5074ac.svs
5006,SLD-afdb4e0b.svs
5007,SLD-0542bd75.svs SLD-12bdf75f.svs SLD-13f2a37c.svs SLD-b3c161c3.svs SLD-99e8c828.svs SLD-dc68d4fd.svs
5008,SLD-ef7f6bc8.svs
5009,SLD-b1182d23.svs SLD-586f1721.svs SLD-1f12a0e9.svs
5010,SLD-1eda4209.svs SLD-5f2e9167.svs
5011,SLD-beb9c9e2.svs SLD-05f2b928.svs SLD-9d263e76.svs
5012,SLD-28b4d5b9.svs
5013,SLD-c846bf90.svs SLD-40fe6898.svs SLD-53f3c158.svs
5014,SLD-f5a3e893.svs
5015,SLD-ad0cabfc.svs SLD-e4751694.svs SLD-1baf01f1.svs SLD-5cb6f1f0.svs
5016,SLD-d4088ff7.svs SLD-2d20481a.svs SLD-d7133061.svs SLD-3f2de8a8.svs
5017,SLD-4d29d77a.svs SLD-f0041e32.svs
5018,SLD-fc9ea692.svs
5019,SLD-517fa07e.svs SLD-5cb6f1f0.svs SLD-ad0cabfc.svs SLD-d13ec39c.svs
5020,SLD-ed4879e7.svs SLD-2a0b2040.svs SLD-0ef05b6f.svs SLD-b287c440.svs SLD-efd164ee.svs SLD-daa6b26a.svs SLD-e30d04fd.svs
5021,SLD-3be95767.svs SLD-a217cf25.svs
5022,SLD-ab12fb53.svs SLD-23b870f3.svs
5023,SLD-03c8e104.svs SLD-451437d6.svs SLD-4f8e3e01.svs
5024,SLD-4d03cbdd.svs SLD-cc869dea.svs SLD-38a7ac54.svs SLD-c9f35bf8.svs
5025,SLD-e30d04fd.svs SLD-b58c1e9f.svs
5026,SLD-5e4af862.svs
5027,SLD-4b1678e4.svs SLD-ba6a098f.svs SLD-70f8dd99.svs SLD-5f20f406.svs SLD-3438b4e4.svs SLD-e6b920da.svs SLD-f642c8f3.svs
5028,
5029,SLD-669ff1b9.svs SLD-f902d6c0.svs SLD-5bd71dc6.svs SLD-ea75e34d.svs
5030,SLD-3fee2fc7.svs SLD-ef38d426.svs SLD-20ca35ab.svs SLD-38553ac8.svs
5031,SLD-8fad725d.svs SLD-fec24805.svs SLD-feeac13d.svs SLD-9d0b6f5e.svs SLD-6aeb5a32.svs SLD-196d362d.svs
5032,SLD-c7afae8f.svs
5033,SLD-dbf2eed1.svs SLD-9ad7558f.svs SLD-3b9cea95.svs
5034,SLD-74151acc.svs SLD-2cbb93c2.svs SLD-6bf4d047.svs
5035,SLD-e64ddd91.svs
5036,SLD-feeac13d.svs SLD-9d0b6f5e.svs SLD-8fad725d.svs SLD-196d362d.svs SLD-f48ef9a8.svs SLD-fec24805.svs
5037,SLD-7d718591.svs
5038,SLD-81011c5b.svs SLD-284b7bcd.svs SLD-f110397a.svs SLD-1c2c7a34.svs SLD-a3af11d0.svs SLD-a1d33772.svs
5039,SLD-ae2562ca.svs SLD-f0fcccc6.svs SLD-a1832fdb.svs
5040,SLD-fd768f63.svs
5041,SLD-ad0cabfc.svs SLD-d13ec39c.svs
5042,
5043,SLD-88a0edce.svs SLD-68c6dd5e.svs SLD-fb0a6a90.svs SLD-8805ae31.svs SLD-e413961f.svs SLD-4384860c.svs SLD-bc52b34e.svs
5044,SLD-e27ac8e9.svs SLD-a09f1aed.svs SLD-809e2109.svs SLD-c6be6432.svs SLD-e38690e7.svs SLD-d1c3d1bc.svs
5045,SLD-b934718f.svs SLD-956c2129.svs SLD-531da6ac.svs SLD-614f1ddc.svs
5046,SLD-62d59938.svs SLD-357f0a64.svs SLD-402988fd.svs SLD-1db1dfdc.svs SLD-d59b148f.svs
5047,SLD-9ab3cc27.svs SLD-142a6c95.svs
5048,SLD-f0bd7405.svs SLD-10b2e6e5.svs SLD-ec6e61bd.svs SLD-6d3f4b37.svs
5049,SLD-acf606fc.svs SLD-4fab2ad8.svs SLD-8091a21d.svs
5050,
5051,SLD-74151acc.svs SLD-6e84f8ea.svs
5052,SLD-cb775e24.svs SLD-e4bacd78.svs
5053,SLD-84539813.svs SLD-4fee7144.svs SLD-41300879.svs
5054,SLD-0a9d499c.svs SLD-a2698c2d.svs SLD-956c2129.svs SLD-614f1ddc.svs
5055,SLD-277dfc7b.svs SLD-722c353d.svs SLD-58116722.svs SLD-3e581dd5.svs SLD-e7524102.svs
5056,SLD-17776c3a.svs
5057,SLD-1f94e3c8.svs
5058,SLD-c110412c.svs SLD-fde9d47d.svs SLD-113c1836.svs SLD-1d010478.svs SLD-d89331ac.svs
5059,SLD-58e760bf.svs SLD-8f3e64f4.svs SLD-c7afae8f.svs SLD-dfecb2ae.svs SLD-af8c96a9.svs SLD-df61c534.svs SLD-18f7e499.svs
5060,SLD-50c6fa8c.svs SLD-9045a445.svs SLD-fe38784b.svs SLD-10345193.svs
5061,SLD-6637c09f.svs SLD-5084a40f.svs SLD-4fab2ad8.svs SLD-8091a21d.svs
5062,SLD-907d8532.svs
5063,SLD-385af463.svs SLD-ade6c5e9.svs SLD-6c4c3935.svs
5064,SLD-061f5679.svs SLD-b931a26d.svs SLD-726e8017.svs
5065,SLD-b8d13539.svs SLD-d8efb5c9.svs SLD-0ff73f25.svs SLD-33251c76.svs
5066,SLD-df61c534.svs SLD-58e760bf.svs
5067,SLD-734c5192.svs SLD-469a1289.svs SLD-fc145cfe.svs
5068,SLD-0ea255e0.svs
5069,SLD-57d1d37c.svs SLD-dfecb2ae.svs SLD-df61c534.svs
5070,SLD-d61a43f2.svs
5071,SLD-916b51ee.svs SLD-06c4e109.svs SLD-e9e7e1ba.svs
5072,SLD-54a8762b.svs
5073,SLD-0dcf035b.svs SLD-aa66b464.svs SLD-a604e5af.svs SLD-a1c2d9bf.svs SLD-f4db1c1e.svs
5074,SLD-153251c9.svs SLD-d020baee.svs
5075,SLD-15ac15c3.svs SLD-a217cf25.svs
5076,SLD-7c96eefa.svs SLD-5084a40f.svs SLD-8091a21d.svs SLD-6637c09f.svs SLD-3b8f5fc7.svs SLD-acf606fc.svs
5077,SLD-56e9b78d.svs
5078,SLD-c069c542.svs SLD-49b564fb.svs SLD-75fd3537.svs SLD-6f1bdd07.svs
5079,SLD-4a82e06a.svs
5080,SLD-6c835975.svs
5081,SLD-8af58903.svs SLD-9c19ed34.svs SLD-ab899605.svs SLD-33b5b3ce.svs SLD-a2939b3b.svs
5082,SLD-1a895c62.svs
5083,SLD-00d3d1af.svs SLD-24aeba79.svs SLD-353e0c86.svs SLD-346d2b7e.svs SLD-ac7b7ab2.svs
5084,SLD-30c42d61.svs SLD-5b8c4949.svs SLD-f30459cc.svs SLD-18a77594.svs SLD-633d9c54.svs
5085,SLD-614f1ddc.svs SLD-531da6ac.svs SLD-b934718f.svs SLD-0a9d499c.svs
5086,SLD-8f3e64f4.svs
5087,SLD-5e6364c6.svs SLD-5882e3bb.svs SLD-864696c1.svs
5088,SLD-fdd2ed7a.svs
5089,SLD-25e4979d.svs SLD-54a8762b.svs SLD-e5aef699.svs SLD-6bf52dfd.svs
5090,SLD-c4c536fb.svs SLD-1d4d1180.svs SLD-37fef6b5.svs SLD-01fda698.svs SLD-a100ed14.svs SLD-4c6e6fbb.svs SLD-4d18c103.svs
5091,SLD-e1a9344e.svs SLD-b4577bf7.svs SLD-fb24cba4.svs SLD-01424249.svs
5092,SLD-f46860a2.svs SLD-8420b8d9.svs SLD-a604e5af.svs SLD-f4db1c1e.svs SLD-0dcf035b.svs SLD-b261d0d2.svs
5093,SLD-37d316a4.svs SLD-48d8b9ef.svs SLD-2c2df3c2.svs SLD-e139d15d.svs SLD-bb9e5a02.svs
5094,SLD-7b056d02.svs
5095,SLD-9c19ed34.svs SLD-7fa74d8a.svs SLD-dfec4623.svs SLD-a2939b3b.svs SLD-8af58903.svs
5096,SLD-ca6cb87c.svs
5097,SLD-4b5ca436.svs SLD-b7d779cc.svs
5098,SLD-734c5192.svs
5099,SLD-63d0fccd.svs SLD-261cec19.svs SLD-cd34bcd7.svs SLD-04fe973d.svs SLD-afdb4e0b.svs SLD-2c05b870.svs
5100,SLD-5b62a7c9.svs
5101,SLD-b22b8974.svs
5102,SLD-63d0fccd.svs SLD-261cec19.svs SLD-2c05b870.svs SLD-b7ed75b4.svs SLD-afdb4e0b.svs SLD-cd34bcd7.svs
5103,SLD-68f49b51.svs SLD-119fc1c4.svs SLD-64aba3f6.svs SLD-1188afa1.svs SLD-f660ffd5.svs
5104,SLD-9e0df45b.svs
5105,SLD-590e83da.svs SLD-586f1721.svs
5106,SLD-e7aad070.svs SLD-0021b632.svs SLD-5153f737.svs
5107,SLD-533c9a31.svs SLD-74aba9fc.svs SLD-cb775e24.svs SLD-4168705a.svs SLD-51abf5e5.svs SLD-e4bacd78.svs SLD-8930d179.svs
5108,SLD-409b3c5b.svs SLD-d5e8b89c.svs SLD-469fc269.svs SLD-ff7acd86.svs SLD-11ab249d.svs SLD-94d50a99.svs
5109,SLD-571c9d78.svs SLD-1db1dfdc.svs
5110,SLD-6a480542.svs SLD-27f9e728.svs SLD-101bb5fa.svs SLD-07dc02b1.svs SLD-1965e435.svs
5111,SLD-c4c536fb.svs SLD-37fef6b5.svs SLD-1d4d1180.svs SLD-01fda698.svs SLD-a100ed14.svs SLD-4c6e6fbb.svs
5112,SLD-88239867.svs SLD-c5dd967b.svs SLD-08f1100b.svs SLD-432fb308.svs SLD-8d56206d.svs
5113,SLD-b17078ee.svs SLD-3fbdaeed.svs
5114,SLD-f3fa8613.svs SLD-64aba3f6.svs
5115,SLD-48d8b9ef.svs SLD-bb9e5a02.svs SLD-e139d15d.svs SLD-3fafa217.svs
5116,SLD-26b1caba.svs SLD-8d3ac4b9.svs SLD-2fb01074.svs SLD-25323fd3.svs SLD-4d03cbdd.svs
5117,SLD-c4841a8d.svs SLD-3f7a2748.svs
5118,SLD-ddfae808.svs SLD-afb120f4.svs SLD-d8a230de.svs SLD-afd86432.svs SLD-fa999f9b.svs
5119,SLD-30d6863f.svs
5120,SLD-956c2129.svs SLD-614f1ddc.svs SLD-0a9d499c.svs
5121,SLD-55c7ed9d.svs SLD-09aedbd0.svs SLD-b318ad4c.svs SLD-4d4985dc.svs SLD-1db2b452.svs SLD-6d316b4a.svs SLD-bc18a40b.svs
5122,SLD-bbf9bb01.svs SLD-07dc02b1.svs
5123,SLD-e4bacd78.svs SLD-4168705a.svs SLD-74aba9fc.svs SLD-533c9a31.svs SLD-8930d179.svs SLD-52ab793f.svs
5124,SLD-3e2aad3e.svs SLD-4a82e06a.svs SLD-390a9016.svs
5125,SLD-01fda698.svs
5126,SLD-40fe6898.svs SLD-425de95f.svs SLD-b34dc8b0.svs SLD-b56b9357.svs
5127,SLD-7c96eefa.svs SLD-4fab2ad8.svs SLD-6637c09f.svs
5128,SLD-7ee1a2a3.svs
5129,SLD-681091fe.svs SLD-3346f7c6.svs SLD-437249fd.svs
5130,SLD-62d59938.svs SLD-571c9d78.svs
5131,SLD-ed2ee36f.svs SLD-2f6570d7.svs
5132,SLD-55f7792a.svs
5133,SLD-5882e3bb.svs
5134,SLD-a2bb6283.svs SLD-2b863694.svs SLD-3cf9d1fe.svs SLD-541d1a81.svs
5135,SLD-6c596216.svs SLD-ae0fdbc8.svs SLD-905c053b.svs
5136,SLD-d5e8b89c.svs SLD-e291f5e1.svs SLD-469fc269.svs SLD-409b3c5b.svs SLD-11ab249d.svs SLD-ff7acd86.svs SLD-eba08424.svs
5137,SLD-20ca35ab.svs SLD-38553ac8.svs SLD-3fee2fc7.svs SLD-7d718591.svs
5138,SLD-e8ef99e9.svs SLD-b8bc6621.svs SLD-aa099a46.svs SLD-edec31ef.svs
5139,SLD-698eecba.svs SLD-91d2125a.svs
5140,SLD-b2d10e3d.svs SLD-e27ac8e9.svs SLD-809e2109.svs
5141,SLD-3cf9d1fe.svs SLD-5a220eb2.svs
5142,SLD-8420b8d9.svs SLD-a604e5af.svs SLD-aa66b464.svs SLD-0dcf035b.svs
5143,SLD-acf606fc.svs SLD-8091a21d.svs SLD-6637c09f.svs SLD-849648e8.svs
5144,SLD-a217cf25.svs SLD-15ac15c3.svs
5145,SLD-88a0edce.svs
5146,SLD-18f7e499.svs
5147,SLD-fa92cd28.svs SLD-37fef6b5.svs SLD-4d18c103.svs SLD-01fda698.svs
5148,SLD-10da8a95.svs SLD-ce5dc807.svs SLD-16408169.svs SLD-90823eda.svs SLD-f97ccc57.svs
5149,SLD-2347b24f.svs SLD-b270af55.svs SLD-5f2e9167.svs
5150,SLD-eb1d1061.svs SLD-fefc5b4a.svs
5151,SLD-d03459a4.svs SLD-153251c9.svs
5152,SLD-55e9718e.svs SLD-d26d028d.svs SLD-d1f15ee7.svs SLD-90a2b8e1.svs SLD-141bd896.svs SLD-3bcab3ea.svs
5153,SLD-62d59938.svs SLD-1db1dfdc.svs SLD-fa7bff5f.svs SLD-f8cc3f3b.svs
5154,SLD-f3f05323.svs SLD-01275a63.svs SLD-213124bd.svs SLD-0212585b.svs SLD-88da091b.svs SLD-61f6c877.svs
5155,SLD-8d3ac4b9.svs SLD-2fb01074.svs
5156,SLD-75fd3537.svs SLD-30f2c485.svs SLD-1aff71ae.svs
5157,SLD-a09f1aed.svs SLD-b2d10e3d.svs SLD-c7867a38.svs SLD-c6be6432.svs SLD-d1c3d1bc.svs SLD-e27ac8e9.svs
5158,SLD-bc5074ac.svs SLD-84539813.svs SLD-dc2897c6.svs SLD-baa172ac.svs SLD-4d236555.svs SLD-41300879.svs
5159,SLD-3fee2fc7.svs SLD-ef38d426.svs
5160,SLD-afd86432.svs SLD-86de3365.svs SLD-afb120f4.svs
5161,SLD-6d7fe9b2.svs SLD-d560e64c.svs
5162,SLD-1b4e1428.svs
5163,SLD-dca5b353.svs SLD-a7f5195c.svs SLD-75f2bc20.svs
5164,SLD-488cac4e.svs SLD-ac2c10d0.svs SLD-bf1df687.svs
5165,SLD-aaa28439.svs SLD-b259a6a0.svs SLD-7c8d5368.svs
5166,SLD-b4ca0142.svs
5167,SLD-4643d705.svs SLD-9251ad08.svs SLD-c2112eda.svs SLD-ed2ee36f.svs SLD-f1e7ea9b.svs SLD-3df8eeef.svs SLD-2f6570d7.svs
5168,SLD-ced4dd7c.svs SLD-b4ca0142.svs SLD-854df9b6.svs SLD-2b66b1c0.svs
5169,SLD-2bdb5720.svs SLD-80245320.svs SLD-f436498e.svs
5170,SLD-cbf8e26a.svs SLD-0fe1cedf.svs SLD-63b74101.svs
5171,SLD-88653e42.svs
5172,SLD-a1c2d9bf.svs SLD-b261d0d2.svs SLD-0dcf035b.svs SLD-f4db1c1e.svs SLD-aa66b464.svs SLD-a604e5af.svs SLD-f46860a2.svs
5173,SLD-3957f082.svs SLD-ac98a368.svs SLD-af3cb9d0.svs SLD-7176d181.svs SLD-9c272c51.svs SLD-a92c3c3e.svs
5174,SLD-b270af55.svs
5175,SLD-5e2d2454.svs
5176,SLD-40d2d16f.svs SLD-72323dc9.svs
5177,SLD-a1c2d9bf.svs SLD-8420b8d9.svs SLD-b261d0d2.svs
5178,
5179,SLD-0a8aa1e4.svs
5180,SLD-de62d43f.svs SLD-2922fbd8.svs SLD-ccf719ab.svs SLD-75f2bc20.svs
5181,
5182,SLD-f11ddff7.svs SLD-2412579d.svs SLD-7de8a234.svs SLD-6af944e0.svs SLD-7b38785b.svs
5183,SLD-d47133e7.svs SLD-2076d932.svs SLD-5ac5f4f0.svs
5184,SLD-d59b148f.svs SLD-62d59938.svs SLD-571c9d78.svs SLD-fa7bff5f.svs SLD-f8cc3f3b.svs SLD-357f0a64.svs
5185,SLD-735b3a80.svs SLD-3fbdaeed.svs SLD-b17078ee.svs SLD-723dc8f5.svs SLD-c7281f15.svs SLD-e5a15243.svs SLD-c2eaf172.svs
5186,SLD-c6f149c7.svs
5187,SLD-a2834536.svs SLD-53f04099.svs SLD-8d99743c.svs
5188,SLD-4643d705.svs SLD-2f6570d7.svs SLD-c2112eda.svs SLD-ed2ee36f.svs SLD-f1e7ea9b.svs
5189,SLD-90823eda.svs
5190,SLD-fb0a6a90.svs SLD-8805ae31.svs SLD-68c6dd5e.svs SLD-bc52b34e.svs SLD-88a0edce.svs
5191,SLD-31234efe.svs SLD-6e648043.svs SLD-1058fe8c.svs SLD-da54f267.svs SLD-dd138266.svs
5192,SLD-496749fb.svs SLD-6fdc5e00.svs SLD-3db4cb81.svs SLD-4bebcf4f.svs SLD-080638c9.svs SLD-ac73189c.svs SLD-a0d9da58.svs
5193,
5194,SLD-8c94af98.svs SLD-c6c3744c.svs SLD-a6245b59.svs
5195,SLD-48a133ab.svs SLD-fefc5b4a.svs SLD-c30759a4.svs
5196,SLD-bb296639.svs SLD-5153f737.svs
5197,SLD-43eb280e.svs SLD-64e322cf.svs SLD-5d443821.svs SLD-79017990.svs SLD-28d798b4.svs SLD-2e573864.svs SLD-8a7f03ae.svs
5198,SLD-3421beaf.svs
5199,SLD-9177b6d4.svs SLD-b270af55.svs SLD-5f2e9167.svs
5200,SLD-de6fec4b.svs
5201,SLD-63d0fccd.svs SLD-b7ed75b4.svs SLD-2c05b870.svs SLD-cd34bcd7.svs SLD-261cec19.svs SLD-afdb4e0b.svs SLD-04fe973d.svs
5202,SLD-1db1dfdc.svs
5203,SLD-6df2fc82.svs
5204,SLD-cf2a2198.svs SLD-e10b4aad.svs SLD-a71b80ef.svs SLD-29bccee9.svs SLD-7ea496f5.svs SLD-8e36b82f.svs SLD-a92d6b05.svs
5205,SLD-c707aef9.svs SLD-8c94af98.svs SLD-c6c3744c.svs SLD-58bf3b9e.svs
5206,SLD-90823eda.svs SLD-fdd2ed7a.svs SLD-f97ccc57.svs
5207,SLD-68afe2b8.svs
5208,SLD-fb46ed39.svs
5209,SLD-731c877a.svs SLD-824734df.svs SLD-3c9a9236.svs
5210,SLD-f5652d00.svs SLD-3db612f4.svs SLD-c67781b2.svs SLD-40d2d16f.svs SLD-c3a31607.svs
5211,SLD-6c596216.svs SLD-fba52e59.svs
5212,SLD-abf0f4bd.svs
5213,SLD-398071b1.svs SLD-024bfe48.svs SLD-4fbe2aae.svs
5214,SLD-6d7fe9b2.svs
5215,SLD-f1c58f44.svs SLD-566ff3ec.svs SLD-03c8e104.svs
5216,SLD-aa099a46.svs SLD-7afc50cd.svs SLD-f25a3c68.svs SLD-edec31ef.svs SLD-f2d7fe55.svs
5217,SLD-b1182d23.svs
5218,SLD-cbe88a3f.svs SLD-27649a62.svs SLD-46e785ad.svs
5219,SLD-e8751766.svs
5220,SLD-6a27241f.svs SLD-bb9e5a02.svs SLD-3fafa217.svs
5221,SLD-864696c1.svs SLD-5882e3bb.svs SLD-3012ae1c.svs SLD-5e6364c6.svs
5222,SLD-469fc269.svs SLD-d5e8b89c.svs
5223,SLD-1db2b452.svs
5224,SLD-113c1836.svs SLD-c110412c.svs SLD-38431ed6.svs SLD-77f4531b.svs SLD-258694b6.svs SLD-1d010478.svs
5225,SLD-ca3c4050.svs SLD-e7a2d2d0.svs
5226,SLD-55e9718e.svs SLD-3bcab3ea.svs SLD-90a2b8e1.svs SLD-d26d028d.svs
5227,SLD-a217cf25.svs SLD-defa7864.svs SLD-be3feafd.svs SLD-0e96ed9b.svs SLD-5d158e44.svs
5228,SLD-7b38785b.svs SLD-f11ddff7.svs SLD-dd02e100.svs
5229,SLD-d1c3d1bc.svs SLD-c6be6432.svs
5230,SLD-1188afa1.svs SLD-90ed41f4.svs SLD-119fc1c4.svs SLD-f3fa8613.svs SLD-f660ffd5.svs
5231,SLD-d59b148f.svs SLD-f8cc3f3b.svs SLD-62d59938.svs SLD-571c9d78.svs SLD-1db1dfdc.svs
5232,SLD-dca5b353.svs
5233,SLD-877a2133.svs SLD-0ecfb95b.svs SLD-71df24d9.svs SLD-a3155940.svs
5234,SLD-9bd91220.svs SLD-5931c9b4.svs SLD-b2c92c12.svs
5235,SLD-b8d13539.svs
5236,SLD-722c353d.svs SLD-58116722.svs
5237,SLD-5d443821.svs SLD-64e322cf.svs SLD-28d798b4.svs
5238,SLD-990e8f01.svs SLD-1417d4f9.svs
5239,SLD-46e785ad.svs SLD-9b050db2.svs SLD-1cb66f67.svs SLD-27649a62.svs SLD-b02de52c.svs SLD-cbe88a3f.svs
5240,SLD-5abec113.svs SLD-a1832fdb.svs SLD-ae2562ca.svs
5241,SLD-052daad3.svs SLD-788c31f6.svs SLD-992a34a1.svs SLD-21f8c156.svs SLD-9e0df45b.svs SLD-c734bb05.svs
5242,SLD-daa6b26a.svs SLD-b58c1e9f.svs SLD-efd164ee.svs SLD-2a0b2040.svs SLD-e30d04fd.svs SLD-ed4879e7.svs SLD-0ef05b6f.svs
5243,SLD-3ad23fbf.svs
5244,SLD-a6245b59.svs SLD-c707aef9.svs SLD-62276cbc.svs SLD-58bf3b9e.svs
5245,SLD-7fa74d8a.svs
5246,SLD-c2112eda.svs SLD-3df8eeef.svs SLD-ed2ee36f.svs SLD-9251ad08.svs SLD-f1e7ea9b.svs
5247,SLD-5bd71dc6.svs SLD-669ff1b9.svs SLD-a1d53402.svs
5248,SLD-0a1727f7.svs SLD-de6fec4b.svs SLD-21681081.svs SLD-843b2a7d.svs
5249,SLD-5e87905a.svs
5250,SLD-697b8538.svs SLD-d8efb5c9.svs SLD-33251c76.svs SLD-e7a2d2d0.svs SLD-75fc1b10.svs SLD-0ff73f25.svs
5251,SLD-9e0df45b.svs SLD-788c31f6.svs SLD-052daad3.svs
5252,SLD-0b2f8580.svs
5253,SLD-2b66b1c0.svs SLD-6c749cf4.svs
5254,SLD-c9f35bf8.svs SLD-8d3ac4b9.svs SLD-38a7ac54.svs SLD-cc869dea.svs SLD-2fb01074.svs SLD-4d03cbdd.svs SLD-25323fd3.svs
5255,SLD-2ca723c4.svs SLD-95fc7389.svs SLD-d03459a4.svs SLD-14aaaefe.svs SLD-153251c9.svs SLD-ccd66756.svs SLD-d020baee.svs
5256,SLD-e1bccfb2.svs
5257,SLD-f11ddff7.svs SLD-dd02e100.svs SLD-e3d48408.svs SLD-6af944e0.svs
5258,SLD-e139d15d.svs SLD-37d316a4.svs SLD-bb9e5a02.svs SLD-48d8b9ef.svs
5259,SLD-88a0edce.svs SLD-4384860c.svs
5260,SLD-27e969e2.svs SLD-b4d4dfcc.svs SLD-d7a3283c.svs SLD-c8bf23fb.svs SLD-4b5ca436.svs
5261,SLD-755a3ac1.svs SLD-25777cf0.svs SLD-32ae2a20.svs
5262,SLD-080638c9.svs SLD-a0d9da58.svs SLD-4bebcf4f.svs SLD-3db4cb81.svs SLD-b2e02961.svs
5263,SLD-79017990.svs SLD-5d443821.svs SLD-2e573864.svs SLD-64e322cf.svs
5264,SLD-5b61f92b.svs SLD-65fd5f69.svs SLD-6e3a52d7.svs SLD-07fe6a4e.svs
5265,SLD-b34dc8b0.svs SLD-53f3c158.svs SLD-425de95f.svs SLD-8476af98.svs SLD-c846bf90.svs SLD-ef7dee1a.svs SLD-b56b9357.svs
5266,SLD-0f2670d2.svs SLD-50ae2652.svs SLD-6253dfe3.svs SLD-4aaeb212.svs
5267,SLD-3c9a9236.svs SLD-731c877a.svs SLD-dd1f8e30.svs
5268,SLD-8772c347.svs
5269,SLD-5f2e9167.svs SLD-a0f9c074.svs SLD-2347b24f.svs SLD-1f9078d5.svs SLD-b270af55.svs SLD-9177b6d4.svs
5270,SLD-fbf70946.svs SLD-7ee1a2a3.svs SLD-024bfe48.svs SLD-7f6bf51b.svs
5271,SLD-69083bd6.svs SLD-061f5679.svs SLD-c674d244.svs SLD-7b056d02.svs
5272,SLD-378b094c.svs SLD-d61a43f2.svs
5273,SLD-476c4878.svs
5274,SLD-f4db1c1e.svs SLD-f46860a2.svs
5275,SLD-f7cd0b75.svs SLD-3d3703f8.svs
5276,SLD-2ee66e21.svs SLD-53fb2ed1.svs SLD-b9534807.svs SLD-8af37d72.svs SLD-b66b6b0b.svs SLD-ec4f4490.svs
5277,SLD-a0d9da58.svs
5278,SLD-61c61ae4.svs SLD-2d58bce9.svs SLD-ed0d0418.svs
5279,SLD-353e0c86.svs SLD-e4b82987.svs
5280,SLD-bf1df687.svs SLD-e8a56f31.svs SLD-5a9414b8.svs SLD-40aaec7a.svs SLD-df0d6301.svs
5281,SLD-64d02759.svs SLD-13f2a37c.svs
5282,SLD-32d116fe.svs SLD-01ce5fc6.svs SLD-8f08963c.svs SLD-96248805.svs SLD-8eeb3fd8.svs
5283,SLD-43a061c4.svs SLD-3f7512c5.svs
5284,SLD-aa66b464.svs SLD-a604e5af.svs
5285,SLD-29bccee9.svs SLD-a92d6b05.svs
5286,SLD-533c9a31.svs SLD-52ab793f.svs
5287,SLD-2d20481a.svs
5288,SLD-0262a5aa.svs SLD-f25a3c68.svs
5289,SLD-e9e7e1ba.svs SLD-553a773a.svs SLD-6b325d48.svs SLD-916b51ee.svs SLD-c9a6e611.svs SLD-06c4e109.svs
5290,SLD-7ce71b48.svs
5291,SLD-a0f9c074.svs SLD-2835bcdb.svs SLD-b270af55.svs
5292,SLD-11ab249d.svs
5293,SLD-99a2ecb1.svs SLD-cb4d18d6.svs SLD-ce1bb02a.svs SLD-c202387b.svs SLD-92e94e89.svs
5294,SLD-defa7864.svs SLD-be3feafd.svs
5295,SLD-a02ebb76.svs SLD-583678ee.svs SLD-4b1dd9fd.svs SLD-27fa8b8a.svs
5296,SLD-584d3c02.svs SLD-ec071cf1.svs SLD-e47638ec.svs SLD-6c32faff.svs
5297,SLD-24039721.svs SLD-49b564fb.svs SLD-1aff71ae.svs SLD-c069c542.svs
5298,SLD-b44788bd.svs
5299,SLD-07dc02b1.svs SLD-6a480542.svs SLD-bbf9bb01.svs SLD-27f9e728.svs SLD-c618fc1e.svs SLD-f45da406.svs
5300,SLD-9750ca7e.svs SLD-4c4b91fe.svs SLD-6c148fc6.svs SLD-bdaa3bfa.svs SLD-246cb09c.svs
5301,SLD-33251c76.svs SLD-ca3c4050.svs
5302,SLD-453432cd.svs SLD-9ef1c846.svs
5303,SLD-8eafb323.svs SLD-702a5b67.svs SLD-5b45cf5a.svs SLD-d7de701d.svs
5304,SLD-baa172ac.svs SLD-dc2897c6.svs
5305,SLD-4bc972ce.svs SLD-0a9d499c.svs SLD-a2698c2d.svs SLD-b934718f.svs SLD-2d492ca2.svs SLD-956c2129.svs SLD-531da6ac.svs
5306,SLD-c734bb05.svs SLD-992a34a1.svs
5307,SLD-1b4e1428.svs SLD-24eac3f4.svs
5308,SLD-d020baee.svs SLD-ccd66756.svs SLD-14aaaefe.svs SLD-153251c9.svs SLD-2ca723c4.svs
5309,SLD-84403b37.svs
5310,SLD-68c6dd5e.svs SLD-e413961f.svs
5311,SLD-b931a26d.svs SLD-061f5679.svs
5312,SLD-66dfeb1e.svs
5313,SLD-fec24805.svs
5314,SLD-a3ef802e.svs SLD-453432cd.svs
5315,SLD-0e96ed9b.svs SLD-a217cf25.svs SLD-defa7864.svs SLD-be3feafd.svs SLD-2fcf3b87.svs SLD-3be95767.svs SLD-15ac15c3.svs
5316,SLD-ade6c5e9.svs
5317,SLD-074f3be0.svs SLD-f45c8840.svs SLD-0a8bc856.svs SLD-c3edd9b7.svs
5318,SLD-cd34bcd7.svs SLD-afdb4e0b.svs SLD-b7ed75b4.svs SLD-63d0fccd.svs SLD-2c05b870.svs SLD-fff83cec.svs SLD-261cec19.svs
5319,SLD-d7133061.svs SLD-d216ad53.svs SLD-d4088ff7.svs SLD-3cc4f772.svs
5320,SLD-ef7f6bc8.svs SLD-e1a9344e.svs
5321,SLD-ed7a6edf.svs SLD-1a895c62.svs SLD-1417d4f9.svs SLD-990e8f01.svs
5322,SLD-26c00984.svs SLD-788c31f6.svs
5323,SLD-69083bd6.svs
5324,SLD-501049e2.svs SLD-cefe73ec.svs
5325,SLD-c069c542.svs SLD-49b564fb.svs SLD-1aff71ae.svs SLD-75fd3537.svs SLD-24039721.svs SLD-6f1bdd07.svs SLD-92a651d7.svs
5326,SLD-2a6f1e47.svs
5327,SLD-88a0edce.svs SLD-e413961f.svs
5328,SLD-329cd43a.svs SLD-bdb62ff3.svs SLD-7751b3fa.svs SLD-d9073286.svs
5329,SLD-0dd35d11.svs SLD-5b9e42d0.svs
5330,SLD-9ad7558f.svs SLD-2452bc39.svs
5331,SLD-33251c76.svs
5332,SLD-2d58bce9.svs SLD-ed0d0418.svs SLD-3a19607d.svs
5333,SLD-84eaf943.svs SLD-8af37d72.svs SLD-ec4f4490.svs
5334,SLD-ed0d0418.svs SLD-eda67806.svs SLD-61c61ae4.svs SLD-2d58bce9.svs
5335,SLD-57030ede.svs SLD-4e3c0f2d.svs SLD-87ba3b90.svs SLD-4332559d.svs SLD-120961ea.svs SLD-889c8ae2.svs SLD-cad00273.svs
5336,SLD-f6f25926.svs SLD-68032f7e.svs SLD-78a55d6b.svs SLD-f2ded00f.svs SLD-68fc642a.svs SLD-82f4b48a.svs SLD-4e60678b.svs
5337,SLD-14aaaefe.svs SLD-d020baee.svs
5338,SLD-00f24603.svs SLD-09c64c1d.svs SLD-9c899296.svs
5339,SLD-3a19607d.svs SLD-6a594b07.svs SLD-2d58bce9.svs
5340,SLD-8b32992a.svs SLD-c3121af6.svs SLD-7f67ee1a.svs SLD-ad9d1f42.svs SLD-17b18e6e.svs SLD-f5feba5e.svs
5341,SLD-8df7a267.svs SLD-c857d8c3.svs SLD-30a31251.svs SLD-b4a06976.svs SLD-fd768f63.svs
5342,SLD-b1182d23.svs SLD-5bf80676.svs SLD-586f1721.svs SLD-590e83da.svs
5343,SLD-a11b26b0.svs SLD-1e709e19.svs SLD-08236adf.svs SLD-6e05724d.svs
5344,SLD-d48457df.svs
5345,SLD-50c6fa8c.svs
5346,SLD-30f2c485.svs SLD-49b564fb.svs SLD-24039721.svs SLD-1aff71ae.svs SLD-6f1bdd07.svs SLD-c069c542.svs
5347,SLD-ad0cabfc.svs
5348,SLD-1a895c62.svs SLD-9ed9c124.svs SLD-ed7a6edf.svs
5349,SLD-39d5b552.svs SLD-42965873.svs SLD-ab1e6794.svs SLD-581ba307.svs SLD-a867a0f0.svs
5350,SLD-6c4c3935.svs SLD-156af458.svs SLD-ade6c5e9.svs
5351,SLD-35bbcdb0.svs
5352,SLD-b270af55.svs SLD-9177b6d4.svs SLD-2347b24f.svs
5353,SLD-5e4af862.svs SLD-156af458.svs SLD-b6e355f6.svs SLD-385af463.svs SLD-6c4c3935.svs SLD-fd0ba70e.svs
5354,SLD-4d29d77a.svs SLD-cf085288.svs SLD-f0041e32.svs SLD-79b68b95.svs
5355,SLD-09c64c1d.svs SLD-ecf150e6.svs SLD-9c899296.svs SLD-92b035e0.svs SLD-1ca5a2f5.svs SLD-c6f149c7.svs
5356,SLD-4a82e06a.svs SLD-c13e66af.svs SLD-3c9590d3.svs SLD-3e2aad3e.svs
5357,SLD-79b68b95.svs SLD-4bc01de3.svs
5358,SLD-196d362d.svs
5359,SLD-6af944e0.svs
5360,SLD-437249fd.svs SLD-17ee2fe6.svs SLD-2db6de21.svs SLD-1cf4a8ed.svs
5361,SLD-fb46ed39.svs SLD-8772c347.svs SLD-28948b4c.svs
5362,SLD-5882e3bb.svs
5363,SLD-c069c542.svs SLD-75fd3537.svs
5364,SLD-49bcf4a8.svs SLD-7e3801af.svs SLD-bc6284a8.svs
5365,SLD-5e87905a.svs SLD-0ecfb95b.svs SLD-a1fdcdf1.svs SLD-a3155940.svs
5366,SLD-38431ed6.svs SLD-77f4531b.svs SLD-d89331ac.svs SLD-1d010478.svs SLD-c110412c.svs
5367,SLD-7f411fed.svs SLD-c09fcd8f.svs SLD-41a8a6e1.svs SLD-ad4ab155.svs
5368,SLD-7de8a234.svs
5369,SLD-68fc642a.svs SLD-f6f25926.svs
5370,SLD-79009c61.svs SLD-5aa3892a.svs
5371,SLD-e6e4b8df.svs SLD-f4dd05d5.svs
5372,SLD-3956fba9.svs SLD-72323dc9.svs SLD-c67781b2.svs SLD-40d2d16f.svs SLD-c3a31607.svs SLD-3db612f4.svs
5373,SLD-6581f934.svs SLD-56e9b78d.svs SLD-7425f4e9.svs
5374,SLD-e44fc3a9.svs SLD-90e639e1.svs
5375,SLD-92b035e0.svs SLD-0c15a575.svs SLD-9c899296.svs
5376,SLD-8420b8d9.svs
5377,SLD-a27ee80d.svs SLD-ec6e61bd.svs SLD-10b2e6e5.svs
5378,SLD-5f20f406.svs SLD-4b1678e4.svs
5379,SLD-62d59938.svs SLD-571c9d78.svs SLD-357f0a64.svs SLD-f8cc3f3b.svs
5380,SLD-63b74101.svs SLD-0fe1cedf.svs
5381,SLD-3d3703f8.svs SLD-c471e21a.svs
5382,SLD-77f4531b.svs SLD-d89331ac.svs SLD-38431ed6.svs
5383,SLD-49b564fb.svs SLD-92a651d7.svs SLD-1aff71ae.svs SLD-30f2c485.svs SLD-24039721.svs SLD-75fd3537.svs
5384,SLD-fb0a6a90.svs
5385,SLD-dc2151e1.svs SLD-4312ece2.svs SLD-10cc8711.svs SLD-4124405b.svs
5386,SLD-ff7acd86.svs
5387,SLD-65fd5f69.svs SLD-93a25c9b.svs SLD-76a933cf.svs SLD-07fe6a4e.svs SLD-2a6f1e47.svs SLD-6e3a52d7.svs
5388,SLD-614f1ddc.svs SLD-2d492ca2.svs SLD-0a9d499c.svs SLD-956c2129.svs SLD-531da6ac.svs SLD-a2698c2d.svs
5389,SLD-3346f7c6.svs SLD-681091fe.svs SLD-1cf4a8ed.svs
5390,SLD-65fd5f69.svs SLD-5b61f92b.svs
5391,SLD-91fcfe88.svs SLD-10cc8711.svs SLD-dc2151e1.svs SLD-552ae5ca.svs
5392,SLD-c67781b2.svs SLD-3956fba9.svs SLD-f5652d00.svs SLD-40d2d16f.svs SLD-6df2fc82.svs SLD-72323dc9.svs
5393,SLD-552ae5ca.svs
5394,SLD-d89331ac.svs
5395,SLD-8805ae31.svs SLD-4384860c.svs SLD-cdfa4cc8.svs
5396,SLD-dd9539fc.svs SLD-9d263e76.svs
5397,SLD-723dc8f5.svs SLD-c7281f15.svs
5398,SLD-69083bd6.svs SLD-726e8017.svs SLD-e355c369.svs SLD-ef617cac.svs
5399,SLD-ef7dee1a.svs SLD-53f3c158.svs SLD-c846bf90.svs
5400,SLD-53fb2ed1.svs SLD-b66b6b0b.svs SLD-8af37d72.svs SLD-d9efbb41.svs
5401,SLD-aa099a46.svs SLD-b8bc6621.svs SLD-f25a3c68.svs SLD-0262a5aa.svs SLD-edec31ef.svs SLD-e8ef99e9.svs
5402,SLD-469fc269.svs SLD-11ab249d.svs
5403,SLD-fa3222c4.svs SLD-88239867.svs
5404,SLD-9717aa6e.svs SLD-eb1d1061.svs SLD-48a133ab.svs SLD-28b4d5b9.svs
5405,SLD-2fcf3b87.svs SLD-15ac15c3.svs SLD-be3feafd.svs SLD-3be95767.svs SLD-a217cf25.svs SLD-defa7864.svs
5406,SLD-58bf3b9e.svs SLD-62276cbc.svs SLD-c707aef9.svs SLD-c6c3744c.svs
5407,SLD-d7133061.svs SLD-2d20481a.svs
5408,SLD-7d718591.svs SLD-ef38d426.svs SLD-476c4878.svs SLD-d7285256.svs
5409,SLD-8a74bec5.svs SLD-6951743e.svs SLD-698eecba.svs SLD-ca6cb87c.svs SLD-dfb87708.svs
5410,SLD-31cb5e8e.svs SLD-a1832fdb.svs SLD-28948b4c.svs SLD-8772c347.svs SLD-5abec113.svs SLD-ae2562ca.svs
5411,SLD-547e3918.svs SLD-2d20481a.svs
5412,SLD-fb0a6a90.svs SLD-88a0edce.svs SLD-bc52b34e.svs SLD-4384860c.svs
5413,SLD-153251c9.svs SLD-d03459a4.svs
5414,SLD-ce1bb02a.svs SLD-92e94e89.svs SLD-c202387b.svs SLD-adb6da35.svs
5415,SLD-becba4c8.svs
5416,SLD-f110397a.svs SLD-a3af11d0.svs SLD-a1d33772.svs
5417,SLD-425832c0.svs SLD-142a6c95.svs SLD-b4134208.svs SLD-232f8c5b.svs SLD-b4480761.svs
5418,SLD-d5511e14.svs SLD-2b021118.svs SLD-e18d99ce.svs SLD-94d7f681.svs SLD-ae63ad3a.svs SLD-beb778d6.svs
5419,SLD-e5a15243.svs
5420,SLD-c6c3744c.svs SLD-c707aef9.svs
5421,SLD-605dd4d6.svs SLD-877a2133.svs SLD-f2ed33e1.svs SLD-a3155940.svs SLD-a1fdcdf1.svs SLD-0ecfb95b.svs
5422,SLD-79faf501.svs
5423,SLD-c7afae8f.svs SLD-af8c96a9.svs SLD-dfecb2ae.svs
5424,SLD-29c836e0.svs
5425,SLD-598ca3b4.svs
5426,SLD-d03459a4.svs
5427,
5428,SLD-1c5e1698.svs SLD-b7a02afd.svs
5429,SLD-e6b920da.svs SLD-70f8dd99.svs
5430,SLD-8af37d72.svs SLD-84eaf943.svs
5431,SLD-3d3703f8.svs SLD-f7cd0b75.svs SLD-9d263e76.svs
5432,SLD-16408169.svs SLD-10da8a95.svs SLD-fdd2ed7a.svs
5433,SLD-350d278d.svs SLD-c09fcd8f.svs SLD-1e70e799.svs SLD-41a8a6e1.svs SLD-7f411fed.svs SLD-65e04993.svs
5434,SLD-33a1d1c2.svs SLD-350d278d.svs SLD-7f411fed.svs
5435,SLD-f9154865.svs SLD-734c5192.svs SLD-fc145cfe.svs SLD-ac91c01e.svs SLD-469a1289.svs SLD-69967b5c.svs SLD-586523b8.svs
5436,SLD-9da28338.svs SLD-074f3be0.svs SLD-0a8bc856.svs SLD-f45c8840.svs SLD-c3edd9b7.svs SLD-61994015.svs
5437,SLD-10da8a95.svs SLD-90823eda.svs
5438,SLD-5e6364c6.svs SLD-3012ae1c.svs
5439,SLD-2b021118.svs SLD-beb778d6.svs
5440,SLD-e30d04fd.svs
5441,SLD-6e927501.svs SLD-a1d53402.svs
5442,SLD-dba620f1.svs SLD-96062930.svs SLD-bda31488.svs SLD-3e1fa8ac.svs
5443,SLD-8a7f03ae.svs SLD-2e573864.svs SLD-5d443821.svs SLD-79017990.svs
5444,SLD-590e83da.svs SLD-586f1721.svs SLD-2d8b5b41.svs SLD-b1182d23.svs SLD-1f12a0e9.svs
5445,SLD-f0fcccc6.svs SLD-31cb5e8e.svs
5446,
5447,SLD-6d0c62c3.svs
5448,SLD-fff83cec.svs SLD-63d0fccd.svs
5449,SLD-01424249.svs SLD-ef7f6bc8.svs SLD-fb24cba4.svs SLD-e1a9344e.svs SLD-955fbc33.svs SLD-9870c707.svs
5450,SLD-b2e74e77.svs SLD-4fae667b.svs SLD-a5387901.svs SLD-63b74101.svs
5451,SLD-cefe73ec.svs SLD-e9184b9f.svs SLD-88653e42.svs SLD-501049e2.svs SLD-40e3469f.svs SLD-951a0518.svs
5452,SLD-27649a62.svs SLD-8ee4fd02.svs SLD-1cb66f67.svs SLD-cbe88a3f.svs
5453,SLD-291a58af.svs SLD-8c5c192f.svs SLD-f1c51dda.svs SLD-c781e11f.svs SLD-259a2b28.svs SLD-28280370.svs SLD-2cb38568.svs
5454,SLD-1c5e1698.svs SLD-50852f4f.svs
5455,SLD-ce1bb02a.svs SLD-92e94e89.svs SLD-99a2ecb1.svs SLD-1734a26c.svs SLD-c202387b.svs
5456,
5457,SLD-113c1836.svs SLD-d89331ac.svs SLD-258694b6.svs SLD-38431ed6.svs
5458,SLD-1f9078d5.svs SLD-2347b24f.svs SLD-9177b6d4.svs SLD-5f2e9167.svs SLD-1eda4209.svs SLD-a0f9c074.svs
5459,SLD-153251c9.svs SLD-d020baee.svs SLD-d03459a4.svs SLD-ccd66756.svs SLD-14aaaefe.svs SLD-2ca723c4.svs
5460,SLD-3fafa217.svs SLD-2c2df3c2.svs SLD-6a27241f.svs SLD-48d8b9ef.svs SLD-37d316a4.svs SLD-bb9e5a02.svs SLD-bc6ff6ac.svs
5461,SLD-e47c98ea.svs SLD-bda31488.svs SLD-28600311.svs SLD-dba620f1.svs
5462,SLD-a5387901.svs
5463,SLD-84403b37.svs SLD-42734d1c.svs
5464,SLD-65e04993.svs SLD-c09fcd8f.svs SLD-1e70e799.svs SLD-7f411fed.svs SLD-ad4ab155.svs
5465,SLD-b58c1e9f.svs SLD-daa6b26a.svs
5466,SLD-4384860c.svs SLD-88a0edce.svs SLD-8805ae31.svs SLD-68c6dd5e.svs SLD-bc52b34e.svs SLD-fb0a6a90.svs SLD-cdfa4cc8.svs
5467,SLD-4fdc1351.svs SLD-542d19c0.svs SLD-2d4ba5a4.svs SLD-c90853fd.svs
5468,SLD-da54f267.svs SLD-dd138266.svs SLD-31234efe.svs
5469,SLD-48a133ab.svs SLD-eb1d1061.svs SLD-c30759a4.svs
5470,SLD-70c455a9.svs SLD-6d3f4b37.svs SLD-a27ee80d.svs SLD-650dd400.svs SLD-ec6e61bd.svs SLD-ed9081c1.svs
5471,SLD-82221345.svs SLD-3e2aad3e.svs SLD-2f16fb50.svs SLD-50de4292.svs
5472,SLD-24039721.svs SLD-1aff71ae.svs SLD-c069c542.svs SLD-75fd3537.svs
5473,SLD-84eaf943.svs SLD-d9efbb41.svs SLD-b66b6b0b.svs SLD-2ee66e21.svs
5474,SLD-258694b6.svs SLD-77f4531b.svs
5475,SLD-07fe6a4e.svs
5476,SLD-d020baee.svs
5477,SLD-614f1ddc.svs SLD-4bc972ce.svs SLD-956c2129.svs SLD-0a9d499c.svs SLD-b934718f.svs
5478,SLD-53f04099.svs SLD-a2834536.svs SLD-06792b47.svs SLD-5df2e073.svs
5479,SLD-cf2a2198.svs
5480,
5481,SLD-3346f7c6.svs
5482,SLD-ae0fdbc8.svs SLD-905c053b.svs SLD-a36bcb01.svs SLD-6c596216.svs SLD-fba52e59.svs
5483,SLD-9bd91220.svs SLD-b2c92c12.svs SLD-28702bb1.svs SLD-becba4c8.svs SLD-338f4acf.svs
5484,SLD-a25130a8.svs SLD-955fbc33.svs
5485,SLD-4384860c.svs SLD-e413961f.svs SLD-bc52b34e.svs SLD-cdfa4cc8.svs SLD-8805ae31.svs SLD-68c6dd5e.svs
5486,SLD-e0acf9ff.svs SLD-0c78c2f9.svs SLD-da418b24.svs SLD-1b4e1428.svs SLD-88d3281a.svs
5487,SLD-ade6c5e9.svs SLD-156af458.svs SLD-fd0ba70e.svs SLD-385af463.svs SLD-6c4c3935.svs SLD-b6e355f6.svs
5488,SLD-1058fe8c.svs SLD-1d7173e5.svs SLD-da54f267.svs SLD-dd138266.svs SLD-6e648043.svs SLD-31234efe.svs
5489,SLD-8772c347.svs SLD-f0fcccc6.svs SLD-fb46ed39.svs
5490,SLD-590e83da.svs
5491,SLD-a02ebb76.svs
5492,
5493,SLD-9ad7558f.svs SLD-5e7f503c.svs
5494,SLD-e5a15243.svs SLD-723dc8f5.svs SLD-735b3a80.svs SLD-b17078ee.svs
5495,SLD-31cb5e8e.svs SLD-f0fcccc6.svs
5496,SLD-5cfa38b1.svs
5497,SLD-b4ca0142.svs SLD-854df9b6.svs SLD-ced4dd7c.svs SLD-6c749cf4.svs SLD-3b239fd8.svs SLD-5fdd5329.svs SLD-0d20f686.svs
5498,SLD-1734a26c.svs SLD-849b8a44.svs SLD-ce1bb02a.svs SLD-adb6da35.svs
5499,SLD-b8d13539.svs SLD-33251c76.svs SLD-ca3c4050.svs
5500,SLD-f48ef9a8.svs SLD-fec24805.svs
5501,SLD-4a82e06a.svs SLD-50de4292.svs
5502,SLD-88653e42.svs SLD-40e3469f.svs SLD-951a0518.svs SLD-39b66d71.svs SLD-e9184b9f.svs
5503,SLD-d7a3283c.svs SLD-b4d4dfcc.svs
5504,SLD-3a8d1c00.svs SLD-40fe81ec.svs SLD-cfe4fb66.svs SLD-c6962905.svs SLD-7c8d5368.svs SLD-b259a6a0.svs SLD-aaa28439.svs
5505,SLD-4e98ce25.svs
5506,SLD-37fef6b5.svs
5507,SLD-c13e66af.svs
5508,SLD-acf606fc.svs SLD-3b8f5fc7.svs
5509,SLD-68f49b51.svs SLD-7a658abe.svs SLD-64aba3f6.svs
5510,SLD-f2ded00f.svs SLD-68032f7e.svs SLD-fef06b04.svs SLD-78a55d6b.svs
5511,SLD-f22a4fc6.svs SLD-547e3918.svs
5512,SLD-d1c3d1bc.svs SLD-c6be6432.svs
5513,SLD-68afe2b8.svs SLD-f436498e.svs SLD-63eaa07f.svs
5514,SLD-eda67806.svs SLD-61c61ae4.svs
5515,SLD-6c32faff.svs SLD-ec071cf1.svs SLD-e47638ec.svs SLD-f8db1a4d.svs SLD-376e22a6.svs
5516,SLD-00f520f4.svs SLD-0a8aa1e4.svs
5517,SLD-e8a56f31.svs SLD-5a9414b8.svs SLD-bf1df687.svs SLD-ac2c10d0.svs SLD-c15648ff.svs SLD-488cac4e.svs
5518,SLD-94d50a99.svs SLD-469fc269.svs SLD-d5e8b89c.svs SLD-e291f5e1.svs
5519,SLD-40fe6898.svs SLD-53f3c158.svs SLD-8476af98.svs
5520,SLD-68afe2b8.svs SLD-f436498e.svs SLD-80245320.svs SLD-2bdb5720.svs
5521,SLD-96062930.svs SLD-dba620f1.svs
5522,SLD-3957f082.svs
5523,SLD-01d34690.svs SLD-a795ac54.svs SLD-23f1b67e.svs SLD-4a30f7cd.svs SLD-104dff66.svs SLD-598ca3b4.svs SLD-00fdec23.svs
5524,SLD-6faefeda.svs SLD-afb9f3a8.svs SLD-6b325d48.svs SLD-553a773a.svs SLD-06c4e109.svs
5525,SLD-55f7792a.svs SLD-91fd7d4a.svs
5526,SLD-a1832fdb.svs SLD-fb46ed39.svs SLD-f0fcccc6.svs
5527,SLD-8a647b9f.svs SLD-5e2d2454.svs SLD-05727bb5.svs
5528,SLD-cb4d18d6.svs SLD-99a2ecb1.svs SLD-c202387b.svs SLD-ce1bb02a.svs SLD-849b8a44.svs
5529,SLD-8eafb323.svs SLD-5f653800.svs
5530,SLD-c9f35bf8.svs SLD-38a7ac54.svs SLD-25323fd3.svs
5531,SLD-f0bd7405.svs SLD-70c455a9.svs SLD-ec6e61bd.svs SLD-10b2e6e5.svs SLD-6d3f4b37.svs SLD-ed9081c1.svs
5532,SLD-8625dcb0.svs SLD-94d7f681.svs SLD-ae63ad3a.svs
5533,SLD-abe0a177.svs SLD-789a2829.svs SLD-30d6863f.svs SLD-b7a02afd.svs
5534,SLD-e47c98ea.svs
5535,SLD-4384860c.svs
5536,SLD-024bfe48.svs SLD-7ee1a2a3.svs SLD-d6ada066.svs SLD-fbf70946.svs
5537,SLD-6b325d48.svs SLD-6faefeda.svs SLD-553a773a.svs SLD-c9a6e611.svs SLD-afb9f3a8.svs SLD-06c4e109.svs
5538,SLD-1d0ab994.svs SLD-90e639e1.svs
5539,SLD-ecf150e6.svs SLD-c6f149c7.svs
5540,SLD-4a82e06a.svs SLD-c13e66af.svs
5541,SLD-3cc4f772.svs SLD-d4088ff7.svs SLD-d7133061.svs SLD-2d20481a.svs SLD-3f2de8a8.svs SLD-547e3918.svs
5542,SLD-0c78c2f9.svs SLD-da418b24.svs SLD-88d3281a.svs SLD-b6a659ef.svs SLD-e0acf9ff.svs
5543,SLD-dfc8b87a.svs SLD-3e2b6653.svs
5544,SLD-05727bb5.svs SLD-35c3de95.svs SLD-0bee2ebd.svs SLD-b44788bd.svs
5545,SLD-ed0d0418.svs SLD-eda67806.svs SLD-3a19607d.svs
5546,SLD-11035083.svs SLD-ddfae808.svs SLD-86de3365.svs SLD-14d4dad6.svs
5547,SLD-7e56ac3d.svs
5548,SLD-6af944e0.svs SLD-2412579d.svs SLD-dd02e100.svs
5549,SLD-f489362c.svs SLD-fe38784b.svs SLD-a07f7f47.svs SLD-10345193.svs SLD-9045a445.svs SLD-50c6fa8c.svs
5550,SLD-2a0b2040.svs SLD-efd164ee.svs SLD-e30d04fd.svs SLD-b58c1e9f.svs SLD-ed4879e7.svs
5551,SLD-32d116fe.svs
5552,SLD-d7f14ec2.svs SLD-0021b632.svs SLD-e7aad070.svs
5553,SLD-fb0a6a90.svs SLD-68c6dd5e.svs SLD-e413961f.svs
5554,SLD-4e98ce25.svs SLD-c1fa924e.svs SLD-17337a7c.svs SLD-e1bccfb2.svs
5555,
5556,SLD-755a3ac1.svs SLD-25777cf0.svs SLD-5c949381.svs SLD-1ac902ee.svs SLD-60c6b3ed.svs
5557,SLD-4d29d77a.svs SLD-d197b561.svs
5558,SLD-a1d33772.svs SLD-284b7bcd.svs SLD-a3af11d0.svs SLD-1c2c7a34.svs SLD-81011c5b.svs SLD-94665d45.svs
5559,SLD-63d0fccd.svs SLD-afdb4e0b.svs SLD-fff83cec.svs SLD-cd34bcd7.svs
5560,SLD-8b1f1137.svs SLD-c5826444.svs SLD-848610cf.svs SLD-d21276c2.svs
5561,SLD-afb120f4.svs SLD-14d4dad6.svs SLD-afd86432.svs
5562,SLD-731c877a.svs SLD-ce8c037e.svs SLD-3c9a9236.svs SLD-be792965.svs SLD-dd1f8e30.svs SLD-e51c0cdb.svs
5563,SLD-8c833848.svs SLD-11fba56e.svs SLD-47595b01.svs SLD-d48457df.svs SLD-f3254f2d.svs SLD-2c805ac7.svs SLD-6c835975.svs
5564,SLD-82f4b48a.svs SLD-f6f25926.svs
5565,SLD-e1bccfb2.svs SLD-c1fa924e.svs
5566,SLD-9ad7558f.svs SLD-5e7f503c.svs SLD-2452bc39.svs SLD-b080e003.svs SLD-eecb325b.svs SLD-064f768d.svs SLD-3b9cea95.svs
5567,SLD-4704768e.svs
5568,SLD-8af58903.svs SLD-9c19ed34.svs SLD-33b5b3ce.svs SLD-ab899605.svs
5569,SLD-755a3ac1.svs SLD-1ac902ee.svs
5570,SLD-68f49b51.svs SLD-f3fa8613.svs SLD-7a658abe.svs SLD-64aba3f6.svs
5571,SLD-48a133ab.svs SLD-693d993c.svs
5572,SLD-08236adf.svs SLD-43a061c4.svs
5573,SLD-ce5dc807.svs SLD-90823eda.svs SLD-f97ccc57.svs
5574,SLD-c110412c.svs
5575,SLD-d9732b86.svs SLD-0e5bc44c.svs SLD-84403b37.svs SLD-b13bad4e.svs SLD-98decbf6.svs
5576,SLD-1ee1723b.svs SLD-58116722.svs
5577,SLD-916b51ee.svs
5578,
5579,SLD-2fcf3b87.svs SLD-3be95767.svs SLD-be3feafd.svs SLD-15ac15c3.svs
5580,SLD-01d34690.svs SLD-a795ac54.svs SLD-4a30f7cd.svs
5581,SLD-3246b7d9.svs SLD-d7f14ec2.svs SLD-9a9dadd2.svs
5582,SLD-6d0c62c3.svs SLD-ec41e6f6.svs SLD-e44fc3a9.svs SLD-90e639e1.svs SLD-1d0ab994.svs SLD-254bf7ae.svs
5583,SLD-2bdb5720.svs SLD-1f626a97.svs SLD-80245320.svs SLD-ebe7ef91.svs SLD-00cbd313.svs
5584,SLD-d1f15ee7.svs
5585,SLD-d97d2b38.svs SLD-06999e1e.svs SLD-d3d6362b.svs SLD-2ab465e9.svs
5586,SLD-b4d4dfcc.svs
5587,SLD-722c353d.svs
5588,SLD-ac91c01e.svs SLD-a96e2bf4.svs SLD-fc145cfe.svs
5589,SLD-e51c0cdb.svs SLD-b6bca2a2.svs SLD-3c9a9236.svs SLD-ce8c037e.svs SLD-824734df.svs SLD-dd1f8e30.svs
5590,SLD-8f4ed442.svs SLD-153251c9.svs SLD-d03459a4.svs SLD-ccd66756.svs
5591,SLD-8c3fa29f.svs SLD-13801f25.svs SLD-5121f31f.svs SLD-def1274a.svs SLD-a94501d7.svs
5592,SLD-5e87905a.svs SLD-605dd4d6.svs SLD-f2ed33e1.svs
5593,SLD-581ba307.svs
5594,SLD-0b4cba0a.svs SLD-cbf8e26a.svs
5595,SLD-ad0cabfc.svs SLD-7b0f78c1.svs
5596,SLD-a5e3a719.svs SLD-6bf52dfd.svs SLD-7281b8a9.svs SLD-54a8762b.svs
5597,SLD-3012ae1c.svs SLD-d658b1b3.svs SLD-14827a89.svs SLD-864696c1.svs SLD-35a7c6ed.svs
5598,SLD-a71b80ef.svs SLD-7ea496f5.svs SLD-29bccee9.svs SLD-8e36b82f.svs
5599,SLD-bc6ff6ac.svs SLD-48d8b9ef.svs
5600,SLD-398071b1.svs SLD-4642cddb.svs SLD-d6ada066.svs SLD-024bfe48.svs SLD-7f6bf51b.svs SLD-fbf70946.svs
5601,SLD-4e60678b.svs SLD-68032f7e.svs
5602,SLD-58e760bf.svs SLD-df61c534.svs SLD-af8c96a9.svs SLD-18f7e499.svs
5603,SLD-c3121af6.svs
5604,SLD-f46860a2.svs SLD-b261d0d2.svs SLD-a604e5af.svs SLD-aa66b464.svs SLD-a1c2d9bf.svs
5605,SLD-d26d5396.svs SLD-dd138266.svs SLD-1058fe8c.svs
5606,SLD-a3155940.svs
5607,SLD-3fbdaeed.svs SLD-b17078ee.svs SLD-c7281f15.svs SLD-e5a15243.svs SLD-723dc8f5.svs SLD-c2eaf172.svs SLD-b5cbb690.svs
5608,SLD-dc2151e1.svs SLD-10cc8711.svs SLD-91fcfe88.svs SLD-7e56ac3d.svs
5609,SLD-ca20854d.svs
5610,SLD-3e2aad3e.svs SLD-c13e66af.svs
5611,SLD-541d1a81.svs SLD-4815642c.svs SLD-5a220eb2.svs SLD-a2bb6283.svs
5612,SLD-d560e64c.svs SLD-9b87cc5e.svs SLD-1a9e8547.svs
5613,SLD-77f4531b.svs SLD-258694b6.svs SLD-38431ed6.svs
5614,SLD-7f107645.svs SLD-269b6c3b.svs SLD-abf0f4bd.svs SLD-16f14aad.svs
5615,SLD-20ca35ab.svs SLD-ef38d426.svs SLD-476c4878.svs SLD-deffed7a.svs
5616,SLD-693d993c.svs SLD-28b4d5b9.svs SLD-fefc5b4a.svs SLD-9717aa6e.svs SLD-dd55daaf.svs
5617,SLD-ac7b7ab2.svs
5618,SLD-d5e8b89c.svs SLD-409b3c5b.svs SLD-ff7acd86.svs SLD-469fc269.svs
5619,SLD-38553ac8.svs SLD-3fee2fc7.svs SLD-d7285256.svs SLD-7d718591.svs SLD-ef38d426.svs
5620,SLD-8930d179.svs SLD-51abf5e5.svs SLD-cb775e24.svs SLD-52ab793f.svs SLD-74aba9fc.svs SLD-533c9a31.svs
5621,SLD-9bbac838.svs SLD-315e8080.svs SLD-56e9b78d.svs SLD-ebe0572c.svs
5622,SLD-d1a8d7b0.svs SLD-49bcf4a8.svs SLD-bc6284a8.svs SLD-9f93e802.svs
5623,SLD-a0f9c074.svs SLD-1f9078d5.svs
5624,SLD-1b4e1428.svs
5625,SLD-95fc7389.svs SLD-ccd66756.svs SLD-d020baee.svs SLD-8f4ed442.svs SLD-153251c9.svs
5626,SLD-877a2133.svs SLD-a1fdcdf1.svs SLD-71df24d9.svs SLD-605dd4d6.svs SLD-5e87905a.svs SLD-f2ed33e1.svs
5627,SLD-f6f25926.svs SLD-78a55d6b.svs
5628,SLD-a71b80ef.svs SLD-e10b4aad.svs SLD-f40d2a37.svs SLD-cf2a2198.svs SLD-a92d6b05.svs SLD-8e36b82f.svs
5629,SLD-52ab793f.svs SLD-74aba9fc.svs SLD-8930d179.svs SLD-4168705a.svs SLD-e4bacd78.svs SLD-51abf5e5.svs
5630,SLD-40e3469f.svs SLD-951a0518.svs SLD-cefe73ec.svs
5631,SLD-10da8a95.svs SLD-60257199.svs
5632,SLD-3db4cb81.svs SLD-4bebcf4f.svs
5633,SLD-81011c5b.svs SLD-cbf1f93c.svs SLD-f110397a.svs SLD-284b7bcd.svs
5634,SLD-b44788bd.svs SLD-35c3de95.svs SLD-8a647b9f.svs SLD-5e2d2454.svs SLD-b52f6009.svs SLD-e46232e7.svs SLD-0bee2ebd.svs
5635,SLD-b5178761.svs SLD-378b094c.svs
5636,SLD-5028361f.svs SLD-a94501d7.svs SLD-def1274a.svs SLD-fa4b0bc6.svs SLD-f9d0a163.svs SLD-5121f31f.svs SLD-8c3fa29f.svs
5637,SLD-5bf80676.svs SLD-586f1721.svs
5638,SLD-0dcf035b.svs SLD-a1c2d9bf.svs SLD-f46860a2.svs SLD-aa66b464.svs SLD-a604e5af.svs
5639,SLD-4f8e3e01.svs
5640,SLD-12bdf75f.svs SLD-0542bd75.svs
5641,SLD-5cfa38b1.svs SLD-a02ebb76.svs SLD-f3ca5f64.svs SLD-4a8b77da.svs SLD-583678ee.svs SLD-27fa8b8a.svs
5642,SLD-aa099a46.svs SLD-f25a3c68.svs SLD-edec31ef.svs SLD-7afc50cd.svs
5643,SLD-5e2d2454.svs SLD-05727bb5.svs SLD-8a647b9f.svs SLD-b44788bd.svs SLD-0bee2ebd.svs
5644,SLD-cc869dea.svs SLD-8d3ac4b9.svs SLD-4d03cbdd.svs SLD-25323fd3.svs SLD-2fb01074.svs SLD-c9f35bf8.svs
5645,SLD-d7285256.svs
5646,SLD-25d203e3.svs SLD-5df5672b.svs SLD-59e8484c.svs
5647,SLD-259a2b28.svs SLD-8c5c192f.svs
5648,SLD-788c31f6.svs SLD-9e0df45b.svs SLD-26c00984.svs
5649,SLD-1a895c62.svs SLD-1417d4f9.svs SLD-6d5b7d50.svs
5650,SLD-4b7350d1.svs
5651,SLD-c6f149c7.svs SLD-0c15a575.svs SLD-92b035e0.svs SLD-ecf150e6.svs
5652,SLD-75fd3537.svs SLD-c069c542.svs
5653,SLD-30d6863f.svs SLD-abe0a177.svs SLD-b7a02afd.svs SLD-0b09ec41.svs SLD-1c5e1698.svs
5654,SLD-958cd60e.svs SLD-f489362c.svs SLD-7c2b940d.svs SLD-a07f7f47.svs
5655,SLD-61f6c877.svs
5656,SLD-0ef05b6f.svs SLD-2a0b2040.svs SLD-efd164ee.svs SLD-b58c1e9f.svs
5657,SLD-60c6b3ed.svs SLD-5c949381.svs SLD-25777cf0.svs SLD-755a3ac1.svs
5658,SLD-5e7f503c.svs SLD-9ad7558f.svs
5659,SLD-d26d028d.svs SLD-90a2b8e1.svs SLD-dcff697d.svs SLD-d1f15ee7.svs SLD-141bd896.svs SLD-816480fa.svs SLD-3bcab3ea.svs
5660,SLD-f6b4160b.svs SLD-992e7dea.svs SLD-5df5672b.svs SLD-aab6941b.svs SLD-59e8484c.svs
5661,SLD-6c4c3935.svs SLD-385af463.svs SLD-fd0ba70e.svs SLD-ade6c5e9.svs
5662,SLD-b34dc8b0.svs SLD-425de95f.svs SLD-c846bf90.svs SLD-53f3c158.svs
5663,SLD-e10b4aad.svs SLD-f40d2a37.svs SLD-8e36b82f.svs
5664,SLD-7425f4e9.svs SLD-56e9b78d.svs
5665,SLD-b2e02961.svs SLD-6fdc5e00.svs SLD-3db4cb81.svs SLD-080638c9.svs SLD-496749fb.svs SLD-a0d9da58.svs SLD-4bebcf4f.svs
5666,SLD-5b9e42d0.svs SLD-0dd35d11.svs
5667,SLD-246cb09c.svs SLD-6ab01563.svs
5668,SLD-ec3826bc.svs
5669,SLD-38a7ac54.svs SLD-4d03cbdd.svs SLD-c9f35bf8.svs SLD-8d3ac4b9.svs SLD-cc869dea.svs
5670,SLD-8b32992a.svs SLD-c3121af6.svs SLD-c2953f51.svs SLD-3b7c1f9a.svs
5671,SLD-c3121af6.svs SLD-ad9d1f42.svs SLD-7f67ee1a.svs
5672,
5673,SLD-106861d3.svs SLD-5b8c4949.svs
5674,SLD-53fb2ed1.svs SLD-2ee66e21.svs SLD-b66b6b0b.svs
5675,SLD-0212585b.svs SLD-213124bd.svs SLD-88da091b.svs SLD-f3f05323.svs SLD-01275a63.svs
5676,SLD-2347b24f.svs SLD-5f2e9167.svs SLD-2835bcdb.svs SLD-1eda4209.svs SLD-a0f9c074.svs
5677,SLD-8a7f03ae.svs SLD-64e322cf.svs
5678,SLD-0e96ed9b.svs SLD-defa7864.svs SLD-15ac15c3.svs SLD-3be95767.svs SLD-be3feafd.svs
5679,SLD-a92c3c3e.svs SLD-3957f082.svs SLD-af3cb9d0.svs SLD-7176d181.svs SLD-9c272c51.svs SLD-ac98a368.svs
5680,SLD-b2e02961.svs SLD-ac73189c.svs SLD-4bebcf4f.svs SLD-6fdc5e00.svs
5681,SLD-c602bd20.svs
5682,SLD-88239867.svs
5683,SLD-dfc8b87a.svs SLD-a92c3c3e.svs SLD-7176d181.svs SLD-ac98a368.svs SLD-3e2b6653.svs SLD-af3cb9d0.svs
5684,SLD-ca3c4050.svs SLD-b8d13539.svs SLD-0ff73f25.svs SLD-33251c76.svs
5685,SLD-3b239fd8.svs SLD-6c749cf4.svs
5686,SLD-63d0fccd.svs SLD-04fe973d.svs SLD-261cec19.svs
5687,SLD-4b5ca436.svs
5688,SLD-10da8a95.svs
5689,SLD-0b09ec41.svs
5690,SLD-ed4879e7.svs SLD-e30d04fd.svs SLD-b287c440.svs SLD-efd164ee.svs SLD-daa6b26a.svs SLD-0ef05b6f.svs
5691,SLD-953c178e.svs SLD-b4d4dfcc.svs
5692,SLD-25e4979d.svs
5693,SLD-8ec9ea98.svs SLD-ebe0572c.svs SLD-3891aef5.svs SLD-6581f934.svs SLD-315e8080.svs SLD-56e9b78d.svs
5694,SLD-a1d33772.svs SLD-81011c5b.svs SLD-f110397a.svs
5695,SLD-8d5f52c0.svs SLD-a31ca36b.svs SLD-29530a13.svs SLD-03927935.svs SLD-059ebb2e.svs SLD-e8751766.svs
5696,SLD-25323fd3.svs SLD-38a7ac54.svs
5697,SLD-c4c536fb.svs
5698,SLD-04fe973d.svs SLD-63d0fccd.svs SLD-afdb4e0b.svs SLD-261cec19.svs SLD-cd34bcd7.svs SLD-fff83cec.svs
5699,SLD-1e70e799.svs SLD-7f411fed.svs SLD-350d278d.svs SLD-41a8a6e1.svs
5700,SLD-9cf600ec.svs SLD-6e3a52d7.svs
5701,SLD-8f4ed442.svs SLD-d03459a4.svs
5702,SLD-5e2d2454.svs
5703,SLD-a1ab17c0.svs SLD-4b7350d1.svs
5704,SLD-813dd49a.svs SLD-06792b47.svs SLD-95decd6e.svs SLD-8d99743c.svs SLD-cfdef303.svs SLD-a2834536.svs SLD-53f04099.svs
5705,SLD-ed0d0418.svs SLD-61c61ae4.svs
5706,SLD-444517ef.svs
5707,SLD-f19b43da.svs
5708,SLD-df0d6301.svs SLD-bf1df687.svs SLD-488cac4e.svs SLD-e8a56f31.svs SLD-ac2c10d0.svs SLD-5a9414b8.svs SLD-40aaec7a.svs
5709,SLD-f5a3e893.svs SLD-c4841a8d.svs SLD-3f7a2748.svs SLD-6bf4d047.svs
5710,SLD-a1d33772.svs SLD-f110397a.svs SLD-cbf1f93c.svs SLD-94665d45.svs SLD-284b7bcd.svs
5711,SLD-084fa819.svs SLD-052daad3.svs SLD-992a34a1.svs SLD-21f8c156.svs SLD-26c00984.svs SLD-788c31f6.svs SLD-9e0df45b.svs
5712,SLD-61f6c877.svs SLD-3bd5f8a2.svs
5713,SLD-94665d45.svs
5714,SLD-8a647b9f.svs SLD-0bee2ebd.svs
5715,SLD-2bdb5720.svs SLD-00cbd313.svs SLD-80245320.svs SLD-ebe7ef91.svs SLD-1f626a97.svs SLD-68afe2b8.svs
5716,SLD-b7d779cc.svs SLD-b4d4dfcc.svs SLD-c8bf23fb.svs SLD-4b5ca436.svs
5717,SLD-647640a1.svs SLD-0c78c2f9.svs SLD-24eac3f4.svs SLD-e0acf9ff.svs SLD-1b4e1428.svs
5718,SLD-120961ea.svs
5719,SLD-c846bf90.svs SLD-ef7dee1a.svs
5720,SLD-f25a3c68.svs
5721,SLD-4168705a.svs SLD-cb775e24.svs SLD-8930d179.svs SLD-533c9a31.svs SLD-52ab793f.svs SLD-74aba9fc.svs
5722,SLD-f8db1a4d.svs SLD-22c71d04.svs SLD-ec071cf1.svs SLD-6c32faff.svs SLD-a9fa4ea6.svs
5723,SLD-e1bccfb2.svs
5724,SLD-f3ca5f64.svs SLD-a02ebb76.svs SLD-52b04994.svs SLD-27fa8b8a.svs SLD-4a8b77da.svs
5725,SLD-03ea038f.svs SLD-f8542953.svs SLD-bb00d206.svs
5726,SLD-13d72846.svs SLD-17776c3a.svs SLD-39ebfa32.svs SLD-4e051eea.svs SLD-92dbd613.svs
5727,SLD-ccf719ab.svs SLD-2922fbd8.svs SLD-54a1d505.svs SLD-75f2bc20.svs SLD-dca5b353.svs
5728,SLD-5df5672b.svs SLD-5ba48aa0.svs SLD-59e8484c.svs SLD-992e7dea.svs
5729,SLD-a1d53402.svs SLD-5bd71dc6.svs SLD-4704768e.svs
5730,SLD-7ee1a2a3.svs SLD-d6ada066.svs SLD-4642cddb.svs
5731,SLD-dfc8b87a.svs SLD-7176d181.svs SLD-ac98a368.svs SLD-9c272c51.svs
5732,SLD-e8a56f31.svs SLD-ac2c10d0.svs SLD-bf1df687.svs SLD-c15648ff.svs
5733,SLD-70c455a9.svs
5734,SLD-052daad3.svs SLD-c734bb05.svs
5735,SLD-eb1c3ba4.svs
5736,SLD-113c1836.svs SLD-38431ed6.svs SLD-1d010478.svs SLD-77f4531b.svs SLD-fde9d47d.svs
5737,SLD-0212585b.svs
5738,SLD-4168705a.svs SLD-74aba9fc.svs SLD-e4bacd78.svs SLD-cb775e24.svs SLD-8930d179.svs SLD-52ab793f.svs
5739,SLD-64e322cf.svs
5740,SLD-cef980ce.svs SLD-dd9539fc.svs SLD-beb9c9e2.svs SLD-f7cd0b75.svs SLD-c471e21a.svs SLD-05f2b928.svs SLD-3d3703f8.svs
5741,SLD-0dcf035b.svs
5742,SLD-1d7173e5.svs
5743,SLD-b080e003.svs SLD-2452bc39.svs
5744,SLD-ffeb5d5f.svs SLD-df8693ce.svs
5745,SLD-d8a230de.svs SLD-86de3365.svs SLD-ddfae808.svs SLD-11035083.svs SLD-14d4dad6.svs SLD-fa999f9b.svs
5746,SLD-5b61f92b.svs SLD-2a6f1e47.svs
5747,SLD-ebe0572c.svs SLD-56e9b78d.svs SLD-315e8080.svs SLD-6581f934.svs SLD-7425f4e9.svs SLD-8ec9ea98.svs SLD-3891aef5.svs
5748,SLD-90e639e1.svs
5749,SLD-28948b4c.svs SLD-5abec113.svs
5750,SLD-8b32992a.svs SLD-17b18e6e.svs SLD-3b7c1f9a.svs
5751,SLD-5b9e42d0.svs SLD-eb1c3ba4.svs SLD-13d1ea49.svs SLD-d5cf2dc4.svs SLD-ed469bf4.svs SLD-0dd35d11.svs SLD-688181a8.svs
5752,SLD-409b3c5b.svs
5753,SLD-a1c2d9bf.svs SLD-a604e5af.svs SLD-8420b8d9.svs SLD-aa66b464.svs
5754,SLD-7ce71b48.svs
5755,
5756,SLD-7e3801af.svs SLD-5b62a7c9.svs
5757,SLD-6bf52dfd.svs
5758,SLD-854df9b6.svs SLD-0d20f686.svs SLD-ced4dd7c.svs SLD-5fdd5329.svs
5759,SLD-101bb5fa.svs SLD-27f9e728.svs SLD-1965e435.svs SLD-6a480542.svs SLD-c618fc1e.svs SLD-f45da406.svs SLD-bbf9bb01.svs
5760,SLD-f3ca5f64.svs SLD-4b1dd9fd.svs SLD-27fa8b8a.svs SLD-583678ee.svs SLD-5cfa38b1.svs
5761,SLD-a1832fdb.svs
5762,SLD-8463416a.svs SLD-06999e1e.svs SLD-d3d6362b.svs SLD-2ab465e9.svs
5763,SLD-2f16fb50.svs SLD-3c9590d3.svs SLD-c13e66af.svs
5764,SLD-de386aeb.svs
5765,SLD-2a0b2040.svs
5766,SLD-b4d4dfcc.svs SLD-61067a8c.svs
5767,SLD-52177eb7.svs SLD-f642c8f3.svs SLD-ba6a098f.svs SLD-3438b4e4.svs SLD-5f20f406.svs SLD-70f8dd99.svs
5768,SLD-3a8d1c00.svs SLD-ec3826bc.svs SLD-aaa28439.svs
5769,SLD-3b8f5fc7.svs SLD-4fab2ad8.svs SLD-acf606fc.svs SLD-5084a40f.svs SLD-7c96eefa.svs
5770,SLD-142a6c95.svs SLD-66dfeb1e.svs SLD-232f8c5b.svs SLD-9ab3cc27.svs
5771,SLD-7c2b940d.svs SLD-f489362c.svs SLD-9045a445.svs SLD-10345193.svs SLD-50c6fa8c.svs
5772,SLD-15ac15c3.svs
5773,SLD-315e8080.svs
5774,SLD-e642965c.svs SLD-bf5545ce.svs SLD-54a6087c.svs
5775,SLD-a9fa4ea6.svs
5776,SLD-11035083.svs
5777,SLD-b7c144fb.svs SLD-1417d4f9.svs
5778,SLD-9ad7558f.svs
5779,SLD-3f79dd31.svs SLD-ae63ad3a.svs SLD-94d7f681.svs SLD-beb778d6.svs SLD-2b021118.svs SLD-8625dcb0.svs
5780,SLD-23d83f22.svs SLD-e368f7d2.svs SLD-84403b37.svs SLD-42734d1c.svs SLD-0e5bc44c.svs
5781,SLD-26c00984.svs SLD-788c31f6.svs
5782,SLD-4aaeb212.svs SLD-09cd3bdf.svs
5783,SLD-50c6fa8c.svs SLD-10345193.svs SLD-9045a445.svs SLD-f489362c.svs SLD-958cd60e.svs
5784,SLD-52ab793f.svs SLD-4168705a.svs
5785,SLD-877a2133.svs SLD-5e87905a.svs SLD-605dd4d6.svs SLD-a3155940.svs
5786,SLD-722c353d.svs SLD-e7524102.svs SLD-4a9686a4.svs SLD-3e581dd5.svs
5787,SLD-6af944e0.svs
5788,SLD-cda6a326.svs SLD-566ff3ec.svs SLD-6480fdc0.svs
5789,SLD-c9a6e611.svs SLD-afb9f3a8.svs SLD-916b51ee.svs
5790,SLD-bb5f15c1.svs SLD-444517ef.svs SLD-603803f3.svs SLD-cb18d6a4.svs
5791,SLD-5b9e42d0.svs
5792,SLD-b02de52c.svs SLD-1cb66f67.svs SLD-cbe88a3f.svs SLD-1bce35d8.svs SLD-46e785ad.svs
5793,SLD-3bfb255e.svs SLD-61c61ae4.svs
5794,SLD-a32652e8.svs SLD-4b7350d1.svs SLD-7bb8c2f1.svs
5795,SLD-9ed9c124.svs
5796,
5797,SLD-fc9ea692.svs SLD-a629d332.svs SLD-c90853fd.svs
5798,SLD-f6f25926.svs SLD-68fc642a.svs SLD-4e60678b.svs SLD-78a55d6b.svs SLD-68032f7e.svs SLD-82f4b48a.svs SLD-fef06b04.svs
5799,SLD-4aaeb212.svs
5800,SLD-9045a445.svs SLD-7c2b940d.svs SLD-f489362c.svs SLD-a07f7f47.svs
5801,SLD-d3d6362b.svs SLD-e0efc989.svs SLD-fe656bef.svs
5802,SLD-dbf2eed1.svs
5803,SLD-75fd3537.svs SLD-49b564fb.svs SLD-c069c542.svs SLD-1aff71ae.svs SLD-6f1bdd07.svs
5804,SLD-f97ccc57.svs
5805,SLD-0ea255e0.svs SLD-8b1f1137.svs SLD-79faf501.svs SLD-1519401c.svs
5806,SLD-4aaeb212.svs
5807,SLD-d48457df.svs SLD-2c805ac7.svs
5808,SLD-2835bcdb.svs SLD-2347b24f.svs SLD-b270af55.svs
5809,SLD-9ad7558f.svs SLD-3b9cea95.svs
5810,SLD-531da6ac.svs SLD-0a9d499c.svs SLD-614f1ddc.svs SLD-956c2129.svs SLD-4bc972ce.svs
5811,SLD-b56b9357.svs SLD-425de95f.svs SLD-40fe6898.svs SLD-c846bf90.svs
5812,SLD-90ed41f4.svs
5813,SLD-d9732b86.svs SLD-98decbf6.svs SLD-e368f7d2.svs SLD-b13bad4e.svs SLD-42734d1c.svs SLD-23d83f22.svs
5814,SLD-c846bf90.svs SLD-b34dc8b0.svs SLD-425de95f.svs
5815,SLD-3b8f5fc7.svs SLD-7c96eefa.svs SLD-849648e8.svs SLD-4fab2ad8.svs SLD-8091a21d.svs SLD-6637c09f.svs SLD-acf606fc.svs
5816,SLD-f9d0a163.svs SLD-a94501d7.svs SLD-fa4b0bc6.svs SLD-8c3fa29f.svs SLD-13801f25.svs SLD-def1274a.svs SLD-5028361f.svs
5817,SLD-c2112eda.svs
5818,SLD-becba4c8.svs SLD-28702bb1.svs SLD-9bd91220.svs SLD-706146ff.svs
5819,SLD-b6a659ef.svs SLD-e0acf9ff.svs
5820,SLD-a629d332.svs SLD-4fdc1351.svs SLD-5ba830dc.svs
5821,SLD-1ac902ee.svs SLD-60c6b3ed.svs SLD-32ae2a20.svs SLD-d3b564b0.svs
5822,SLD-9bd91220.svs SLD-b2c92c12.svs
5823,SLD-07fe6a4e.svs SLD-5b61f92b.svs SLD-93a25c9b.svs SLD-9cf600ec.svs SLD-6e3a52d7.svs SLD-76a933cf.svs
5824,SLD-3ad23fbf.svs SLD-2e573864.svs SLD-5d443821.svs SLD-43eb280e.svs SLD-28d798b4.svs
5825,SLD-581332c2.svs SLD-196d362d.svs SLD-f48ef9a8.svs SLD-fec24805.svs
5826,SLD-bd2cdb8d.svs
5827,SLD-38553ac8.svs SLD-deffed7a.svs SLD-476c4878.svs
5828,SLD-6279d944.svs SLD-dc2897c6.svs
5829,SLD-94665d45.svs SLD-f110397a.svs SLD-81011c5b.svs
5830,SLD-22696227.svs SLD-92f078b8.svs SLD-4a294067.svs SLD-6a325333.svs
5831,SLD-5d158e44.svs SLD-2fcf3b87.svs SLD-a217cf25.svs SLD-0e96ed9b.svs SLD-be3feafd.svs
5832,SLD-01275a63.svs
5833,SLD-1cb66f67.svs
5834,SLD-5ac5f4f0.svs SLD-b5e2834d.svs
5835,SLD-028d042b.svs
5836,SLD-e4b82987.svs SLD-353e0c86.svs SLD-ac7b7ab2.svs SLD-00d3d1af.svs
5837,SLD-b9f94ec6.svs SLD-356af737.svs
5838,SLD-fb24cba4.svs SLD-ef7f6bc8.svs
5839,SLD-633d9c54.svs SLD-5b8c4949.svs SLD-1f94e3c8.svs
5840,SLD-30f2c485.svs SLD-49b564fb.svs SLD-6f1bdd07.svs SLD-75fd3537.svs SLD-92a651d7.svs
5841,SLD-07fe6a4e.svs
5842,SLD-4b1dd9fd.svs SLD-52b04994.svs
5843,
5844,SLD-357f0a64.svs SLD-fa7bff5f.svs
5845,SLD-01fda698.svs SLD-1d4d1180.svs
5846,SLD-e0acf9ff.svs SLD-da418b24.svs SLD-647640a1.svs SLD-b6a659ef.svs
5847,SLD-21da132c.svs SLD-12bdf75f.svs
5848,SLD-2d20481a.svs SLD-547e3918.svs SLD-3f2de8a8.svs SLD-d216ad53.svs SLD-d7133061.svs SLD-3cc4f772.svs
5849,SLD-9750ca7e.svs SLD-4c4b91fe.svs SLD-bdaa3bfa.svs
5850,SLD-92e94e89.svs SLD-adb6da35.svs SLD-c202387b.svs
5851,SLD-d7f14ec2.svs SLD-8e4a295d.svs SLD-9a9dadd2.svs SLD-3246b7d9.svs SLD-bb296639.svs SLD-e7aad070.svs
5852,SLD-fde9d47d.svs SLD-1d010478.svs SLD-c110412c.svs SLD-d89331ac.svs
5853,SLD-1f94e3c8.svs
5854,SLD-e7a2d2d0.svs SLD-b8d13539.svs
5855,SLD-d658b1b3.svs SLD-35a7c6ed.svs SLD-14827a89.svs
5856,SLD-90e639e1.svs
5857,SLD-11fba56e.svs
5858,SLD-ca6cb87c.svs SLD-698eecba.svs
5859,SLD-7f411fed.svs SLD-1e70e799.svs SLD-33a1d1c2.svs SLD-65e04993.svs SLD-350d278d.svs
5860,SLD-2b863694.svs SLD-541d1a81.svs SLD-a2bb6283.svs SLD-3cf9d1fe.svs SLD-3d83ad7c.svs
5861,SLD-b58c1e9f.svs SLD-ed4879e7.svs SLD-efd164ee.svs SLD-e30d04fd.svs SLD-2a0b2040.svs SLD-b287c440.svs
5862,SLD-31cb5e8e.svs SLD-5abec113.svs SLD-8772c347.svs SLD-28948b4c.svs SLD-a1832fdb.svs
5863,SLD-8420b8d9.svs SLD-f46860a2.svs SLD-a604e5af.svs
5864,SLD-32d116fe.svs SLD-6783b0c3.svs SLD-96248805.svs SLD-01ce5fc6.svs
5865,SLD-c602bd20.svs
5866,SLD-3d3703f8.svs SLD-dd9539fc.svs SLD-beb9c9e2.svs SLD-9d263e76.svs SLD-cef980ce.svs SLD-05f2b928.svs
5867,SLD-58ea0417.svs SLD-8ecb4971.svs
5868,SLD-cf2a2198.svs SLD-a92d6b05.svs
5869,SLD-3012ae1c.svs
5870,SLD-cad00273.svs SLD-120961ea.svs SLD-4e3c0f2d.svs SLD-4332559d.svs SLD-57030ede.svs SLD-87ba3b90.svs SLD-1e415c4e.svs
5871,SLD-3fbdaeed.svs SLD-c2eaf172.svs SLD-b17078ee.svs SLD-723dc8f5.svs SLD-e5a15243.svs
5872,SLD-b9cde60c.svs
5873,SLD-f45da406.svs
5874,SLD-3f79dd31.svs SLD-2b021118.svs SLD-8625dcb0.svs SLD-ae63ad3a.svs SLD-beb778d6.svs
5875,SLD-1e415c4e.svs SLD-120961ea.svs SLD-889c8ae2.svs SLD-87ba3b90.svs SLD-4332559d.svs
5876,SLD-7e3801af.svs SLD-9f93e802.svs SLD-bc6284a8.svs SLD-d1a8d7b0.svs SLD-49bcf4a8.svs SLD-e65d1c73.svs
5877,SLD-12bdf75f.svs SLD-64d02759.svs SLD-0542bd75.svs SLD-99e8c828.svs SLD-b3c161c3.svs SLD-13f2a37c.svs SLD-21da132c.svs
5878,SLD-3c740119.svs SLD-abf0f4bd.svs SLD-269b6c3b.svs SLD-5bbdd1f4.svs SLD-16f14aad.svs
5879,SLD-605dd4d6.svs SLD-5e87905a.svs SLD-71df24d9.svs SLD-a3155940.svs SLD-877a2133.svs
5880,SLD-09c64c1d.svs SLD-92b035e0.svs SLD-9c899296.svs SLD-ecf150e6.svs
5881,SLD-d7a3283c.svs SLD-61067a8c.svs
5882,SLD-1624d318.svs
5883,SLD-586f1721.svs SLD-078548d7.svs
5884,SLD-4a9686a4.svs SLD-e7524102.svs SLD-1ee1723b.svs SLD-277dfc7b.svs
5885,SLD-dcae667e.svs SLD-8f08963c.svs SLD-6783b0c3.svs
5886,SLD-5bbdd1f4.svs SLD-16f14aad.svs SLD-7f107645.svs SLD-269b6c3b.svs SLD-abf0f4bd.svs SLD-3c740119.svs SLD-754724dd.svs
5887,SLD-e3d48408.svs SLD-0932f5b6.svs
5888,SLD-87ba3b90.svs SLD-120961ea.svs
5889,SLD-6c0be55c.svs SLD-1d0ab994.svs SLD-6d0c62c3.svs
5890,SLD-586523b8.svs SLD-734c5192.svs SLD-fc145cfe.svs SLD-a96e2bf4.svs SLD-ac91c01e.svs SLD-f9154865.svs
5891,SLD-a6245b59.svs
5892,SLD-7f411fed.svs SLD-350d278d.svs SLD-33a1d1c2.svs SLD-ad4ab155.svs SLD-41a8a6e1.svs SLD-1e70e799.svs
5893,SLD-d216ad53.svs SLD-3cc4f772.svs SLD-3f2de8a8.svs SLD-f22a4fc6.svs SLD-2d20481a.svs
5894,SLD-55c7ed9d.svs SLD-4d4985dc.svs SLD-09aedbd0.svs SLD-bc18a40b.svs SLD-1db2b452.svs
5895,SLD-e6b920da.svs SLD-ba6a098f.svs
5896,SLD-10345193.svs SLD-50c6fa8c.svs SLD-fe38784b.svs
5897,SLD-23b870f3.svs
5898,SLD-c8bf23fb.svs SLD-b7d779cc.svs
5899,SLD-3db4cb81.svs SLD-4bebcf4f.svs SLD-b2e02961.svs
5900,SLD-56e9b78d.svs SLD-7425f4e9.svs SLD-ebe0572c.svs SLD-8ec9ea98.svs SLD-3891aef5.svs
5901,SLD-6fdc5e00.svs
5902,SLD-25d203e3.svs SLD-aab6941b.svs
5903,SLD-6783b0c3.svs SLD-0876daaa.svs SLD-96248805.svs
5904,SLD-c3edd9b7.svs SLD-074f3be0.svs SLD-f45c8840.svs SLD-44f20133.svs SLD-0a8bc856.svs SLD-f9df7275.svs
5905,SLD-8f42cebe.svs SLD-79009c61.svs SLD-5aa3892a.svs SLD-a1d20ebc.svs SLD-4c88b9d8.svs
5906,SLD-dc2151e1.svs SLD-4312ece2.svs
5907,SLD-f5feba5e.svs
5908,SLD-32ae2a20.svs SLD-1ac902ee.svs SLD-8be04c3e.svs SLD-d3b564b0.svs
5909,SLD-f9d0a163.svs SLD-a94501d7.svs SLD-def1274a.svs SLD-fa4b0bc6.svs
5910,SLD-1cf4a8ed.svs SLD-b9b5c70e.svs SLD-437249fd.svs SLD-681091fe.svs
5911,SLD-b1182d23.svs
5912,SLD-77f4531b.svs SLD-38431ed6.svs SLD-1d010478.svs
5913,SLD-f5a3e893.svs SLD-6e84f8ea.svs SLD-6bf4d047.svs SLD-74151acc.svs
5914,SLD-40d2d16f.svs SLD-3db612f4.svs SLD-c67781b2.svs SLD-c3a31607.svs
5915,SLD-dd02e100.svs
5916,SLD-9c272c51.svs SLD-af3cb9d0.svs SLD-7176d181.svs SLD-a92c3c3e.svs
5917,SLD-7f67ee1a.svs SLD-3b7c1f9a.svs SLD-c2953f51.svs SLD-c3121af6.svs
5918,SLD-6bf52dfd.svs
5919,SLD-d5511e14.svs
5920,SLD-cef980ce.svs
5921,SLD-0ff73f25.svs SLD-ca3c4050.svs SLD-b8d13539.svs SLD-d8efb5c9.svs
5922,SLD-f489362c.svs SLD-958cd60e.svs SLD-50c6fa8c.svs SLD-9045a445.svs SLD-fe38784b.svs SLD-7c2b940d.svs SLD-10345193.svs
5923,SLD-272eaa36.svs
5924,SLD-706146ff.svs SLD-338f4acf.svs SLD-9bd91220.svs
5925,SLD-dd9539fc.svs SLD-c471e21a.svs SLD-beb9c9e2.svs SLD-f7cd0b75.svs
5926,SLD-b270af55.svs SLD-1eda4209.svs SLD-2347b24f.svs SLD-5f2e9167.svs SLD-2835bcdb.svs SLD-9177b6d4.svs
5927,
5928,SLD-b5178761.svs SLD-18c8ece6.svs SLD-58ea0417.svs SLD-393031a6.svs SLD-378b094c.svs SLD-8ecb4971.svs SLD-c82a6c15.svs
5929,SLD-1cf4a8ed.svs SLD-53a9ec5d.svs SLD-437249fd.svs SLD-17ee2fe6.svs SLD-2db6de21.svs
5930,SLD-6253dfe3.svs SLD-0f2670d2.svs SLD-f19b43da.svs SLD-4aaeb212.svs SLD-09cd3bdf.svs
5931,SLD-a3ef802e.svs SLD-0a8aa1e4.svs SLD-00f520f4.svs
5932,SLD-4a82e06a.svs SLD-2f16fb50.svs SLD-82221345.svs SLD-c13e66af.svs SLD-3c9590d3.svs
5933,SLD-b8f35c26.svs SLD-d13ec39c.svs
5934,SLD-69083bd6.svs SLD-c674d244.svs SLD-ef617cac.svs SLD-e355c369.svs SLD-b931a26d.svs SLD-7b056d02.svs
5935,SLD-53ff6644.svs SLD-b5e2834d.svs SLD-4741ee56.svs
5936,SLD-2a6f1e47.svs SLD-6e3a52d7.svs SLD-93a25c9b.svs SLD-9cf600ec.svs SLD-65fd5f69.svs
5937,SLD-3e1fa8ac.svs SLD-96062930.svs SLD-dba620f1.svs
5938,SLD-907d8532.svs SLD-5ac5f4f0.svs SLD-b5e2834d.svs SLD-919c21ed.svs
5939,SLD-a1cba182.svs SLD-5b471c43.svs SLD-7499b28c.svs SLD-ca20854d.svs SLD-e6e4b8df.svs
5940,SLD-6c596216.svs SLD-25fdacbe.svs SLD-fba52e59.svs SLD-905c053b.svs SLD-67e98363.svs SLD-a36bcb01.svs SLD-7ce71b48.svs
5941,SLD-c2953f51.svs SLD-7f67ee1a.svs SLD-3b7c1f9a.svs SLD-ad9d1f42.svs SLD-8b32992a.svs SLD-f5feba5e.svs SLD-c3121af6.svs
5942,SLD-70bc3ec1.svs SLD-79b68b95.svs
5943,SLD-72323dc9.svs SLD-6df2fc82.svs
5944,SLD-42965873.svs
5945,
5946,SLD-5df5672b.svs
5947,SLD-10da8a95.svs SLD-f97ccc57.svs
5948,SLD-5bf80676.svs SLD-2d8b5b41.svs SLD-590e83da.svs
5949,SLD-064f768d.svs SLD-eecb325b.svs SLD-2452bc39.svs SLD-5e7f503c.svs SLD-9ad7558f.svs
5950,SLD-aaa28439.svs SLD-c6962905.svs SLD-40fe81ec.svs SLD-b259a6a0.svs SLD-7c8d5368.svs
5951,SLD-e7a2d2d0.svs
5952,SLD-5a220eb2.svs SLD-f75a7e6f.svs SLD-3cf9d1fe.svs SLD-3d83ad7c.svs SLD-a2bb6283.svs SLD-2b863694.svs
5953,SLD-69f12ccd.svs
5954,SLD-bf5545ce.svs SLD-299cf16b.svs
5955,SLD-c963d148.svs SLD-104dff66.svs SLD-23f1b67e.svs SLD-a795ac54.svs
5956,SLD-abecfc0b.svs SLD-a8e6a772.svs
5957,SLD-bb00d206.svs SLD-34367eaa.svs
5958,SLD-488cac4e.svs SLD-bf1df687.svs SLD-df0d6301.svs
5959,SLD-553a773a.svs
5960,SLD-eda67806.svs
5961,SLD-920c3de9.svs
5962,SLD-6f1bdd07.svs
5963,SLD-6637c09f.svs SLD-4fab2ad8.svs SLD-acf606fc.svs
5964,SLD-cb775e24.svs SLD-e4bacd78.svs SLD-52ab793f.svs SLD-74aba9fc.svs SLD-4168705a.svs SLD-51abf5e5.svs
5965,SLD-21681081.svs SLD-399f8a8f.svs
5966,SLD-2d20481a.svs SLD-3f2de8a8.svs
5967,SLD-d1cae193.svs
5968,SLD-94d7f681.svs
5969,SLD-a92c3c3e.svs SLD-ac98a368.svs SLD-af3cb9d0.svs SLD-3e2b6653.svs SLD-7176d181.svs SLD-dfc8b87a.svs
5970,SLD-40fe81ec.svs SLD-c6962905.svs SLD-3a8d1c00.svs SLD-7c8d5368.svs SLD-ec3826bc.svs
5971,SLD-6c1b6811.svs
5972,SLD-9c899296.svs SLD-c6f149c7.svs SLD-92b035e0.svs SLD-0c15a575.svs
5973,SLD-1dbc24fd.svs SLD-0a8aa1e4.svs SLD-9ef1c846.svs SLD-453432cd.svs SLD-ffeb5d5f.svs SLD-00f520f4.svs SLD-df8693ce.svs
5974,SLD-34367eaa.svs
5975,SLD-1f12a0e9.svs SLD-b1182d23.svs SLD-5bf80676.svs SLD-078548d7.svs SLD-028d042b.svs SLD-2d8b5b41.svs
5976,SLD-f110397a.svs SLD-81011c5b.svs SLD-a1d33772.svs
5977,SLD-723dc8f5.svs SLD-e5a15243.svs SLD-3fbdaeed.svs SLD-b17078ee.svs
5978,SLD-2cb38568.svs SLD-f1c51dda.svs SLD-291a58af.svs
5979,SLD-c7afae8f.svs
5980,SLD-f5feba5e.svs SLD-ad9d1f42.svs
5981,
5982,SLD-e38690e7.svs SLD-a09f1aed.svs SLD-809e2109.svs
5983,SLD-e10b4aad.svs SLD-8e36b82f.svs
5984,SLD-1f12a0e9.svs
5985,SLD-a6245b59.svs SLD-c88e03b6.svs SLD-31e9ca80.svs SLD-62276cbc.svs
5986,SLD-23aa9e67.svs SLD-4d29d77a.svs SLD-70bc3ec1.svs SLD-4bc01de3.svs SLD-cf085288.svs
5987,SLD-55f7792a.svs SLD-739ac9e2.svs SLD-d560e64c.svs
5988,
5989,SLD-1f94e3c8.svs SLD-f30459cc.svs SLD-5b8c4949.svs SLD-30c42d61.svs
5990,SLD-13d1ea49.svs SLD-eb1c3ba4.svs SLD-ed469bf4.svs
5991,SLD-55e9718e.svs SLD-141bd896.svs SLD-d26d028d.svs SLD-90a2b8e1.svs
5992,SLD-346d2b7e.svs SLD-98ba0f0e.svs SLD-00d3d1af.svs
5993,SLD-1ee1723b.svs SLD-3e581dd5.svs
5994,SLD-ea96abe6.svs SLD-54a6087c.svs
5995,SLD-c471e21a.svs SLD-3d3703f8.svs SLD-dd9539fc.svs SLD-05f2b928.svs SLD-f7cd0b75.svs
5996,SLD-40e3469f.svs
5997,SLD-c30759a4.svs
5998,SLD-c471e21a.svs SLD-f7cd0b75.svs SLD-beb9c9e2.svs SLD-3d3703f8.svs SLD-cef980ce.svs SLD-dd9539fc.svs SLD-9d263e76.svs
5999,SLD-5bf57279.svs SLD-ea75e34d.svs SLD-6e927501.svs SLD-5bd71dc6.svs SLD-4704768e.svs
6000,SLD-a100ed14.svs SLD-01fda698.svs SLD-fa92cd28.svs SLD-4c6e6fbb.svs
6001,SLD-813dd49a.svs SLD-a2834536.svs SLD-53f04099.svs SLD-95decd6e.svs
6002,SLD-3c9590d3.svs SLD-4a82e06a.svs SLD-2f16fb50.svs
6003,
6004,SLD-b9f94ec6.svs SLD-356af737.svs
6005,SLD-7e083c1b.svs
6006,SLD-698eecba.svs SLD-6951743e.svs
6007,SLD-9a9dadd2.svs SLD-e7aad070.svs
6008,SLD-8eafb323.svs
6009,SLD-43eb280e.svs SLD-5d443821.svs
6010,SLD-f8cc3f3b.svs SLD-1db1dfdc.svs SLD-fa7bff5f.svs SLD-62d59938.svs SLD-402988fd.svs
6011,SLD-1d010478.svs SLD-258694b6.svs SLD-77f4531b.svs SLD-38431ed6.svs SLD-d89331ac.svs
6012,SLD-b2e74e77.svs SLD-a5387901.svs SLD-69f12ccd.svs
6013,SLD-816480fa.svs SLD-141bd896.svs SLD-d1f15ee7.svs SLD-55e9718e.svs SLD-dcff697d.svs SLD-90a2b8e1.svs
6014,SLD-b5e2834d.svs
6015,SLD-d1a8d7b0.svs SLD-e1c25cd1.svs SLD-bc6284a8.svs SLD-e65d1c73.svs
6016,SLD-398071b1.svs
6017,SLD-f20b575d.svs SLD-1d0ab994.svs SLD-254bf7ae.svs SLD-6d0c62c3.svs SLD-90e639e1.svs
6018,SLD-9750ca7e.svs SLD-ed28508d.svs SLD-bdaa3bfa.svs
6019,SLD-d8efb5c9.svs
6020,SLD-22696227.svs SLD-92f078b8.svs
6021,SLD-3df8eeef.svs
6022,SLD-9b050db2.svs SLD-27649a62.svs SLD-1cb66f67.svs
6023,SLD-c09fcd8f.svs
6024,SLD-b287c440.svs SLD-ed4879e7.svs SLD-b58c1e9f.svs SLD-2a0b2040.svs SLD-0ef05b6f.svs SLD-daa6b26a.svs SLD-e30d04fd.svs
6025,SLD-6aeb5a32.svs SLD-f48ef9a8.svs SLD-196d362d.svs SLD-8fad725d.svs SLD-fec24805.svs
6026,SLD-2412579d.svs SLD-6af944e0.svs
6027,SLD-13f2a37c.svs SLD-b3c161c3.svs SLD-64d02759.svs
6028,SLD-98decbf6.svs SLD-42734d1c.svs SLD-84403b37.svs
6029,SLD-2d492ca2.svs SLD-0a9d499c.svs SLD-b934718f.svs SLD-531da6ac.svs
6030,SLD-a71b80ef.svs
6031,SLD-5a31a6a6.svs
6032,SLD-0262a5aa.svs SLD-edec31ef.svs SLD-f2d7fe55.svs SLD-7afc50cd.svs
6033,SLD-1624d318.svs SLD-a32652e8.svs SLD-7bb8c2f1.svs SLD-0078cb12.svs SLD-c149fa8e.svs
6034,SLD-c15648ff.svs SLD-e8a56f31.svs SLD-bf1df687.svs
6035,SLD-39ebfa32.svs SLD-6c1b6811.svs
6036,SLD-c110412c.svs SLD-77f4531b.svs SLD-fde9d47d.svs SLD-38431ed6.svs SLD-113c1836.svs SLD-258694b6.svs
6037,SLD-315e8080.svs SLD-6581f934.svs SLD-56e9b78d.svs
6038,SLD-e5a15243.svs SLD-c2eaf172.svs SLD-b5cbb690.svs SLD-3fbdaeed.svs SLD-b17078ee.svs
6039,SLD-2fcf3b87.svs SLD-be3feafd.svs SLD-0e96ed9b.svs SLD-15ac15c3.svs
6040,SLD-0c78c2f9.svs SLD-1b4e1428.svs SLD-b6a659ef.svs SLD-88d3281a.svs
6041,SLD-688181a8.svs SLD-5b9e42d0.svs SLD-70d22718.svs
6042,SLD-ef7dee1a.svs SLD-425de95f.svs SLD-53f3c158.svs SLD-b56b9357.svs SLD-b34dc8b0.svs SLD-8476af98.svs
6043,SLD-3a8d1c00.svs
6044,SLD-2ca723c4.svs SLD-14aaaefe.svs
6045,SLD-ec3826bc.svs SLD-b259a6a0.svs
6046,SLD-39d5b552.svs SLD-42965873.svs
6047,SLD-e10b4aad.svs
6048,SLD-b5cbb690.svs SLD-e5a15243.svs
6049,SLD-0ea255e0.svs SLD-d21276c2.svs SLD-c5826444.svs SLD-79faf501.svs SLD-848610cf.svs SLD-8e50c79a.svs
6050,SLD-3c9590d3.svs SLD-50de4292.svs SLD-c13e66af.svs
6051,SLD-7c96eefa.svs SLD-6637c09f.svs
6052,SLD-955fbc33.svs SLD-ef7f6bc8.svs SLD-b4577bf7.svs SLD-a25130a8.svs SLD-e1a9344e.svs SLD-fb24cba4.svs
6053,SLD-88239867.svs SLD-432fb308.svs
6054,SLD-c15648ff.svs SLD-df0d6301.svs SLD-e8a56f31.svs SLD-bf1df687.svs SLD-488cac4e.svs
6055,SLD-e7a2d2d0.svs
6056,SLD-586523b8.svs
6057,SLD-95e19cb6.svs SLD-6951743e.svs
6058,SLD-38553ac8.svs
6059,SLD-8e9b185e.svs SLD-1b770deb.svs SLD-c9fe6036.svs SLD-8a83efc8.svs
6060,SLD-cdfa4cc8.svs SLD-fb0a6a90.svs SLD-e413961f.svs
6061,SLD-f48ef9a8.svs SLD-fec24805.svs SLD-196d362d.svs SLD-feeac13d.svs
6062,SLD-edec31ef.svs SLD-aa099a46.svs
6063,SLD-e1bccfb2.svs SLD-53e83663.svs
6064,SLD-12bdf75f.svs SLD-0542bd75.svs
6065,SLD-cb18d6a4.svs SLD-b0445ebb.svs SLD-bb5f15c1.svs SLD-444517ef.svs SLD-2b2bcfda.svs
6066,SLD-1ac902ee.svs SLD-755a3ac1.svs SLD-32ae2a20.svs SLD-5c949381.svs
6067,SLD-df8693ce.svs SLD-453432cd.svs SLD-0a8aa1e4.svs SLD-00f520f4.svs
6068,SLD-1f94e3c8.svs SLD-5b8c4949.svs SLD-f30459cc.svs
6069,SLD-2d20481a.svs SLD-3f2de8a8.svs SLD-3cc4f772.svs SLD-d216ad53.svs
6070,SLD-12bdf75f.svs SLD-99e8c828.svs SLD-dc68d4fd.svs
6071,SLD-106861d3.svs SLD-06b42b6f.svs SLD-633d9c54.svs SLD-30c42d61.svs
6072,SLD-38553ac8.svs SLD-d7285256.svs SLD-ef38d426.svs SLD-3fee2fc7.svs
6073,SLD-9ef1c846.svs SLD-a3ef802e.svs SLD-00f520f4.svs
6074,SLD-f3254f2d.svs SLD-2c805ac7.svs SLD-11fba56e.svs SLD-d48457df.svs
6075,SLD-5f653800.svs SLD-8eafb323.svs SLD-29c836e0.svs SLD-5b45cf5a.svs SLD-702a5b67.svs SLD-b7ae7758.svs
6076,SLD-4168705a.svs
6077,SLD-ac2c10d0.svs SLD-488cac4e.svs SLD-df0d6301.svs SLD-c15648ff.svs SLD-40aaec7a.svs SLD-5a9414b8.svs SLD-e8a56f31.svs
6078,SLD-f902d6c0.svs SLD-ea75e34d.svs
6079,SLD-9750ca7e.svs SLD-6c148fc6.svs
6080,SLD-fefc5b4a.svs SLD-9717aa6e.svs SLD-48a133ab.svs SLD-693d993c.svs SLD-eb1d1061.svs
6081,SLD-2a6f1e47.svs SLD-9cf600ec.svs SLD-5b61f92b.svs
6082,SLD-40fe6898.svs SLD-b56b9357.svs SLD-c846bf90.svs SLD-53f3c158.svs
6083,SLD-96062930.svs SLD-e47c98ea.svs
6084,SLD-3bd5f8a2.svs SLD-0212585b.svs SLD-f3f05323.svs SLD-0b2f8580.svs SLD-213124bd.svs SLD-61f6c877.svs SLD-88da091b.svs
6085,SLD-afb9f3a8.svs SLD-916b51ee.svs
6086,
6087,SLD-1f9078d5.svs SLD-2835bcdb.svs SLD-2347b24f.svs SLD-a0f9c074.svs SLD-9177b6d4.svs SLD-b270af55.svs
6088,SLD-3e2b6653.svs SLD-ac98a368.svs
6089,SLD-b8bc6621.svs SLD-f25a3c68.svs SLD-f2d7fe55.svs SLD-aa099a46.svs SLD-7afc50cd.svs SLD-e8ef99e9.svs
6090,SLD-13d1ea49.svs SLD-5b9e42d0.svs SLD-688181a8.svs SLD-70d22718.svs SLD-eb1c3ba4.svs SLD-0dd35d11.svs
6091,SLD-44f20133.svs SLD-074f3be0.svs SLD-c3edd9b7.svs SLD-f45c8840.svs
6092,SLD-de386aeb.svs SLD-272eaa36.svs SLD-d8a1a546.svs
6093,SLD-c3121af6.svs SLD-c2953f51.svs SLD-7f67ee1a.svs SLD-3b7c1f9a.svs SLD-f5feba5e.svs
6094,SLD-119fc1c4.svs
6095,SLD-42734d1c.svs SLD-d9732b86.svs SLD-84403b37.svs
6096,SLD-b7ed75b4.svs SLD-2c05b870.svs SLD-cd34bcd7.svs SLD-afdb4e0b.svs SLD-63d0fccd.svs SLD-261cec19.svs
6097,SLD-44e8a604.svs SLD-5931c9b4.svs SLD-becba4c8.svs SLD-706146ff.svs SLD-b2c92c12.svs SLD-338f4acf.svs
6098,SLD-3b9cea95.svs SLD-2452bc39.svs
6099,SLD-6bf4d047.svs SLD-f5a3e893.svs
6100,SLD-501049e2.svs SLD-40e3469f.svs SLD-e9184b9f.svs
6101,SLD-9d0b6f5e.svs
6102,SLD-0a8bc856.svs SLD-f45c8840.svs SLD-074f3be0.svs SLD-9da28338.svs SLD-c3edd9b7.svs SLD-f9df7275.svs SLD-61994015.svs
6103,SLD-c5dd967b.svs SLD-fa3222c4.svs SLD-08f1100b.svs SLD-ef208346.svs SLD-88239867.svs SLD-8d56206d.svs SLD-432fb308.svs
6104,SLD-a31ca36b.svs SLD-d1cae193.svs
6105,SLD-00f520f4.svs SLD-1dbc24fd.svs SLD-a3ef802e.svs
6106,SLD-94665d45.svs SLD-f110397a.svs SLD-cbf1f93c.svs SLD-a1d33772.svs SLD-1c2c7a34.svs SLD-284b7bcd.svs
6107,SLD-ef208346.svs
6108,SLD-38a7ac54.svs
6109,SLD-5931c9b4.svs SLD-9bd91220.svs
6110,SLD-b287c440.svs SLD-2a0b2040.svs SLD-ed4879e7.svs SLD-b58c1e9f.svs SLD-e30d04fd.svs
6111,SLD-a1fdcdf1.svs SLD-0ecfb95b.svs SLD-f2ed33e1.svs SLD-605dd4d6.svs SLD-71df24d9.svs SLD-877a2133.svs SLD-a3155940.svs
6112,SLD-f7cd0b75.svs
6113,SLD-a36bcb01.svs SLD-6c596216.svs SLD-67e98363.svs SLD-25fdacbe.svs SLD-fba52e59.svs
6114,SLD-8b1f1137.svs SLD-c5826444.svs SLD-0ea255e0.svs
6115,SLD-9045a445.svs SLD-7c2b940d.svs SLD-50c6fa8c.svs SLD-a07f7f47.svs
6116,SLD-03c8e104.svs SLD-451437d6.svs
6117,SLD-99a2ecb1.svs
6118,SLD-c846bf90.svs SLD-ef7dee1a.svs
6119,SLD-b7ed75b4.svs SLD-261cec19.svs SLD-04fe973d.svs SLD-afdb4e0b.svs SLD-fff83cec.svs SLD-cd34bcd7.svs SLD-2c05b870.svs
6120,SLD-efd164ee.svs SLD-e30d04fd.svs
6121,SLD-f19b43da.svs SLD-09cd3bdf.svs
6122,SLD-d7133061.svs SLD-d216ad53.svs SLD-3f2de8a8.svs SLD-f22a4fc6.svs
6123,SLD-dc68d4fd.svs
6124,SLD-f45c8840.svs SLD-074f3be0.svs SLD-0a8bc856.svs SLD-61994015.svs
6125,SLD-01d34690.svs SLD-598ca3b4.svs SLD-c963d148.svs SLD-00fdec23.svs SLD-4a30f7cd.svs SLD-a795ac54.svs SLD-23f1b67e.svs
6126,SLD-09cd3bdf.svs SLD-f19b43da.svs SLD-4aaeb212.svs
6127,SLD-0a66dc4e.svs SLD-399f8a8f.svs SLD-21681081.svs
6128,SLD-f2ed33e1.svs
6129,SLD-14e16706.svs SLD-d9073286.svs
6130,SLD-61c61ae4.svs SLD-3a19607d.svs SLD-2d58bce9.svs
6131,SLD-df61c534.svs SLD-c7afae8f.svs
6132,SLD-0d20f686.svs SLD-5fdd5329.svs SLD-ced4dd7c.svs SLD-854df9b6.svs
6133,SLD-a2bb6283.svs SLD-3d83ad7c.svs
6134,SLD-590e83da.svs SLD-5bf80676.svs SLD-028d042b.svs SLD-078548d7.svs
6135,SLD-3df8eeef.svs SLD-e44a01f6.svs SLD-2f6570d7.svs SLD-4643d705.svs SLD-9251ad08.svs
6136,SLD-a8e6a772.svs SLD-39d5b552.svs SLD-42965873.svs SLD-a867a0f0.svs
6137,SLD-70d22718.svs
6138,SLD-b934718f.svs SLD-614f1ddc.svs SLD-2d492ca2.svs SLD-956c2129.svs SLD-a2698c2d.svs SLD-4bc972ce.svs SLD-0a9d499c.svs
6139,SLD-ea5f24b6.svs SLD-10fc9eee.svs SLD-21681081.svs SLD-843b2a7d.svs
6140,SLD-6253dfe3.svs SLD-0f2670d2.svs SLD-b9f94ec6.svs
6141,SLD-6d316b4a.svs SLD-7f6b8793.svs SLD-b318ad4c.svs
6142,SLD-3438b4e4.svs SLD-f642c8f3.svs SLD-5f20f406.svs SLD-4b1678e4.svs SLD-ba6a098f.svs SLD-e6b920da.svs SLD-52177eb7.svs
6143,SLD-0c15a575.svs SLD-92b035e0.svs
6144,SLD-fdd2ed7a.svs
6145,SLD-ebe0572c.svs SLD-7425f4e9.svs SLD-56e9b78d.svs SLD-315e8080.svs SLD-8ec9ea98.svs
6146,SLD-a11b26b0.svs
6147,SLD-28600311.svs SLD-96062930.svs SLD-e47c98ea.svs SLD-dba620f1.svs
6148,SLD-e7a2d2d0.svs SLD-75fc1b10.svs SLD-b8d13539.svs SLD-d8efb5c9.svs SLD-0ff73f25.svs
6149,SLD-58e760bf.svs SLD-dfecb2ae.svs SLD-df61c534.svs
6150,SLD-c7867a38.svs
6151,SLD-cad00273.svs SLD-4332559d.svs
6152,SLD-f75a7e6f.svs SLD-a2bb6283.svs
6153,SLD-fa4b0bc6.svs SLD-a94501d7.svs SLD-5121f31f.svs SLD-5028361f.svs
6154,SLD-96062930.svs SLD-e47c98ea.svs SLD-c315d334.svs SLD-bda31488.svs SLD-35bbcdb0.svs
6155,SLD-3c9a9236.svs
6156,SLD-469a1289.svs SLD-734c5192.svs SLD-f9154865.svs
6157,SLD-2b021118.svs
6158,SLD-e413961f.svs
6159,SLD-084fa819.svs SLD-052daad3.svs SLD-788c31f6.svs
6160,SLD-fa999f9b.svs SLD-ddfae808.svs
6161,SLD-586f1721.svs
6162,SLD-a27ee80d.svs
6163,SLD-6e927501.svs SLD-4704768e.svs SLD-a1d53402.svs
6164,SLD-88239867.svs SLD-ef208346.svs SLD-fa3222c4.svs SLD-432fb308.svs SLD-920c3de9.svs SLD-8d56206d.svs SLD-c5dd967b.svs
6165,SLD-269b6c3b.svs
6166,SLD-4d18c103.svs
6167,SLD-7fa74d8a.svs SLD-dfec4623.svs SLD-8af58903.svs SLD-ab899605.svs SLD-ff88ec82.svs
6168,SLD-8eeb3fd8.svs
6169,SLD-24aeba79.svs
6170,SLD-fff83cec.svs SLD-04fe973d.svs SLD-261cec19.svs
6171,SLD-2922fbd8.svs SLD-54a1d505.svs SLD-75f2bc20.svs SLD-de62d43f.svs SLD-261908b9.svs SLD-dca5b353.svs
6172,SLD-299cf16b.svs SLD-272eaa36.svs SLD-de386aeb.svs
6173,SLD-992a34a1.svs
6174,SLD-a1cba182.svs
6175,SLD-992e7dea.svs
6176,SLD-fec24805.svs
6177,SLD-f5652d00.svs SLD-6df2fc82.svs
6178,SLD-c6962905.svs
6179,SLD-357f0a64.svs
6180,SLD-3be95767.svs SLD-be3feafd.svs SLD-2fcf3b87.svs SLD-15ac15c3.svs SLD-0e96ed9b.svs SLD-defa7864.svs
6181,SLD-356af737.svs
6182,SLD-8af58903.svs SLD-33b5b3ce.svs
6183,SLD-e5aef699.svs SLD-affe2554.svs SLD-a5e3a719.svs
6184,SLD-f19b43da.svs SLD-356af737.svs SLD-6253dfe3.svs SLD-4aaeb212.svs SLD-50ae2652.svs SLD-09cd3bdf.svs
6185,SLD-b287c440.svs
6186,
6187,SLD-9d0b6f5e.svs SLD-581332c2.svs SLD-feeac13d.svs SLD-8fad725d.svs SLD-f48ef9a8.svs SLD-fec24805.svs
6188,SLD-b4577bf7.svs SLD-955fbc33.svs SLD-ef7f6bc8.svs SLD-fb24cba4.svs
6189,SLD-a9fa4ea6.svs
6190,SLD-f8db1a4d.svs SLD-376e22a6.svs SLD-ec071cf1.svs SLD-e47638ec.svs SLD-6c32faff.svs SLD-584d3c02.svs SLD-22c71d04.svs
6191,SLD-c5826444.svs SLD-1519401c.svs
6192,SLD-8091a21d.svs SLD-6637c09f.svs SLD-849648e8.svs SLD-7c96eefa.svs SLD-4fab2ad8.svs
6193,SLD-ff7acd86.svs SLD-409b3c5b.svs SLD-d5e8b89c.svs SLD-eba08424.svs
6194,SLD-3b239fd8.svs SLD-b4ca0142.svs
6195,SLD-d3b564b0.svs SLD-25777cf0.svs SLD-1ac902ee.svs SLD-755a3ac1.svs SLD-8be04c3e.svs SLD-32ae2a20.svs
6196,SLD-c781e11f.svs
6197,SLD-723dc8f5.svs
6198,SLD-a92d6b05.svs SLD-a71b80ef.svs SLD-7ea496f5.svs SLD-cf2a2198.svs SLD-f40d2a37.svs SLD-8e36b82f.svs SLD-29bccee9.svs
6199,SLD-ed0d0418.svs SLD-3a19607d.svs SLD-7984f33f.svs
6200,SLD-98decbf6.svs
6201,SLD-9870c707.svs
6202,SLD-277dfc7b.svs SLD-58116722.svs SLD-eed15368.svs SLD-3e581dd5.svs
6203,SLD-50c6fa8c.svs
6204,SLD-b2c92c12.svs SLD-becba4c8.svs SLD-706146ff.svs SLD-28702bb1.svs SLD-9bd91220.svs SLD-44e8a604.svs SLD-5931c9b4.svs
6205,SLD-d8a230de.svs
6206,SLD-4fbe2aae.svs SLD-024bfe48.svs SLD-d6ada066.svs SLD-4642cddb.svs SLD-398071b1.svs
6207,SLD-3e581dd5.svs SLD-277dfc7b.svs SLD-eed15368.svs SLD-58116722.svs SLD-e7524102.svs
6208,SLD-432fb308.svs SLD-ef208346.svs SLD-920c3de9.svs SLD-c5dd967b.svs
6209,SLD-4bc01de3.svs SLD-70bc3ec1.svs SLD-f0041e32.svs
6210,SLD-f642c8f3.svs
6211,SLD-c846bf90.svs SLD-53f3c158.svs SLD-b34dc8b0.svs
6212,SLD-01275a63.svs SLD-61f6c877.svs SLD-f3f05323.svs
6213,SLD-338f4acf.svs SLD-b2c92c12.svs SLD-28702bb1.svs
6214,SLD-2c805ac7.svs SLD-8c833848.svs SLD-6c835975.svs SLD-f3254f2d.svs SLD-11fba56e.svs SLD-47595b01.svs
6215,SLD-f3fa8613.svs SLD-7a658abe.svs SLD-68f49b51.svs SLD-f660ffd5.svs
6216,SLD-3956fba9.svs
6217,SLD-7ee1a2a3.svs SLD-398071b1.svs SLD-4fbe2aae.svs SLD-4642cddb.svs SLD-fbf70946.svs
6218,SLD-84403b37.svs SLD-b13bad4e.svs SLD-e368f7d2.svs SLD-0e5bc44c.svs
6219,SLD-e583847f.svs SLD-14e16706.svs SLD-852d2ee5.svs
6220,SLD-53f04099.svs SLD-cfdef303.svs SLD-06792b47.svs
6221,SLD-1ac902ee.svs SLD-5c949381.svs SLD-60c6b3ed.svs SLD-25777cf0.svs SLD-8be04c3e.svs SLD-755a3ac1.svs
6222,SLD-a2834536.svs SLD-cfdef303.svs SLD-8d99743c.svs SLD-5df2e073.svs SLD-813dd49a.svs
6223,SLD-92b035e0.svs SLD-9c899296.svs
6224,SLD-2347b24f.svs SLD-2835bcdb.svs
6225,SLD-c602bd20.svs
6226,SLD-dc2151e1.svs SLD-4312ece2.svs SLD-10cc8711.svs
6227,SLD-6c1b6811.svs SLD-17776c3a.svs SLD-92dbd613.svs SLD-4e051eea.svs
6228,SLD-47595b01.svs SLD-6c835975.svs SLD-11fba56e.svs SLD-2c805ac7.svs
6229,SLD-ec071cf1.svs
6230,SLD-080638c9.svs SLD-3db4cb81.svs SLD-ac73189c.svs SLD-a0d9da58.svs SLD-4bebcf4f.svs
6231,SLD-9f93e802.svs SLD-d1a8d7b0.svs
6232,SLD-d8a230de.svs SLD-afd86432.svs
6233,SLD-5f2e9167.svs SLD-2835bcdb.svs
6234,SLD-061f5679.svs SLD-e355c369.svs
6235,SLD-5882e3bb.svs SLD-3012ae1c.svs
6236,SLD-ea5f24b6.svs SLD-de6fec4b.svs SLD-10fc9eee.svs SLD-0a66dc4e.svs SLD-0a1727f7.svs SLD-843b2a7d.svs SLD-399f8a8f.svs
6237,SLD-aab6941b.svs
6238,SLD-fde9d47d.svs SLD-258694b6.svs SLD-d89331ac.svs SLD-113c1836.svs
6239,SLD-4bc972ce.svs SLD-531da6ac.svs SLD-2d492ca2.svs SLD-b934718f.svs SLD-a2698c2d.svs SLD-956c2129.svs SLD-0a9d499c.svs
6240,SLD-23d83f22.svs SLD-d9732b86.svs SLD-84403b37.svs SLD-42734d1c.svs SLD-b13bad4e.svs
6241,SLD-7f107645.svs
6242,SLD-b2e02961.svs SLD-ac73189c.svs SLD-080638c9.svs SLD-4bebcf4f.svs
6243,SLD-258694b6.svs SLD-38431ed6.svs SLD-fde9d47d.svs SLD-d89331ac.svs SLD-113c1836.svs
6244,SLD-acf606fc.svs SLD-7c96eefa.svs SLD-5084a40f.svs SLD-6637c09f.svs
6245,SLD-17776c3a.svs SLD-39ebfa32.svs SLD-6c1b6811.svs
6246,SLD-fd768f63.svs SLD-579e9a46.svs SLD-30a31251.svs SLD-b4a06976.svs SLD-c857d8c3.svs SLD-86fadb0e.svs
6247,SLD-ff7acd86.svs SLD-94d50a99.svs SLD-e291f5e1.svs SLD-469fc269.svs
6248,SLD-0ecfb95b.svs SLD-a1fdcdf1.svs SLD-71df24d9.svs SLD-f2ed33e1.svs SLD-a3155940.svs SLD-5e87905a.svs
6249,SLD-390a9016.svs
6250,SLD-353e0c86.svs SLD-e4b82987.svs SLD-24aeba79.svs SLD-346d2b7e.svs SLD-00d3d1af.svs
6251,SLD-21da132c.svs SLD-0542bd75.svs
6252,SLD-e8ef99e9.svs SLD-f2d7fe55.svs SLD-edec31ef.svs SLD-aa099a46.svs
6253,SLD-d216ad53.svs SLD-2d20481a.svs SLD-d4088ff7.svs SLD-d7133061.svs
6254,SLD-cbf1f93c.svs SLD-94665d45.svs SLD-81011c5b.svs SLD-a3af11d0.svs SLD-a1d33772.svs SLD-f110397a.svs
6255,SLD-7de8a234.svs SLD-dd02e100.svs SLD-6af944e0.svs SLD-0932f5b6.svs SLD-f11ddff7.svs
6256,SLD-6a325333.svs SLD-92f078b8.svs
6257,SLD-5bc7fdeb.svs
6258,SLD-30f2c485.svs SLD-c069c542.svs
6259,SLD-dd02e100.svs SLD-7b38785b.svs SLD-f11ddff7.svs
6260,SLD-afdb4e0b.svs SLD-cd34bcd7.svs
6261,SLD-213124bd.svs SLD-61f6c877.svs SLD-3bd5f8a2.svs SLD-0b2f8580.svs SLD-f3f05323.svs
6262,SLD-2347b24f.svs SLD-1f9078d5.svs SLD-5f2e9167.svs
6263,SLD-f660ffd5.svs
6264,SLD-0e5bc44c.svs SLD-b13bad4e.svs SLD-e368f7d2.svs SLD-d9732b86.svs
6265,SLD-b9534807.svs SLD-8af37d72.svs SLD-ec4f4490.svs
6266,SLD-141bd896.svs
6267,SLD-53f3c158.svs SLD-40fe6898.svs SLD-c846bf90.svs
6268,SLD-bc6284a8.svs
6269,SLD-ebe7ef91.svs SLD-1f626a97.svs
6270,SLD-e9e7e1ba.svs SLD-6faefeda.svs SLD-c9a6e611.svs SLD-6b325d48.svs
6271,SLD-5b9e42d0.svs SLD-eb1c3ba4.svs SLD-688181a8.svs SLD-ed469bf4.svs
6272,SLD-b56b9357.svs SLD-40fe6898.svs SLD-b34dc8b0.svs SLD-c846bf90.svs SLD-ef7dee1a.svs SLD-53f3c158.svs SLD-425de95f.svs
6273,SLD-8420b8d9.svs SLD-aa66b464.svs
6274,SLD-fbf70946.svs
6275,SLD-fe656bef.svs SLD-8463416a.svs SLD-e0efc989.svs SLD-06999e1e.svs
6276,SLD-a6245b59.svs SLD-58bf3b9e.svs SLD-c6c3744c.svs SLD-62276cbc.svs SLD-c707aef9.svs
6277,SLD-ef7f6bc8.svs SLD-a25130a8.svs
6278,SLD-d1a8d7b0.svs SLD-e1c25cd1.svs SLD-49bcf4a8.svs SLD-9f93e802.svs SLD-5b62a7c9.svs
6279,SLD-7c96eefa.svs SLD-6637c09f.svs SLD-4fab2ad8.svs SLD-8091a21d.svs
6280,SLD-22696227.svs SLD-92f078b8.svs SLD-6a325333.svs SLD-85e74250.svs SLD-48622a67.svs
6281,SLD-916b51ee.svs SLD-06c4e109.svs SLD-6faefeda.svs SLD-e9e7e1ba.svs SLD-553a773a.svs SLD-6b325d48.svs SLD-c9a6e611.svs
6282,SLD-6b325d48.svs SLD-afb9f3a8.svs SLD-c9a6e611.svs
6283,SLD-992e7dea.svs SLD-f6b4160b.svs
6284,SLD-2bdb5720.svs
6285,SLD-13801f25.svs SLD-5121f31f.svs SLD-f9d0a163.svs SLD-5028361f.svs
6286,SLD-d13ec39c.svs SLD-e4751694.svs SLD-b8f35c26.svs
6287,SLD-ef38d426.svs SLD-deffed7a.svs
6288,
6289,SLD-fa999f9b.svs
6290,SLD-338f4acf.svs
6291,SLD-6bf52dfd.svs
6292,SLD-e10b4aad.svs SLD-29bccee9.svs SLD-8e36b82f.svs
6293,SLD-4d03cbdd.svs SLD-38a7ac54.svs
6294,SLD-cefe73ec.svs SLD-501049e2.svs
6295,SLD-4fab2ad8.svs
6296,SLD-16f14aad.svs SLD-269b6c3b.svs SLD-5bbdd1f4.svs SLD-3c740119.svs SLD-7f107645.svs SLD-abf0f4bd.svs SLD-4af0a6fe.svs
6297,SLD-cbf1f93c.svs SLD-81011c5b.svs SLD-94665d45.svs SLD-1c2c7a34.svs
6298,SLD-955fbc33.svs SLD-9870c707.svs SLD-a25130a8.svs SLD-01424249.svs SLD-ef7f6bc8.svs
6299,SLD-8e4a295d.svs SLD-5153f737.svs SLD-9a9dadd2.svs SLD-e7aad070.svs
6300,SLD-848610cf.svs SLD-8e50c79a.svs
6301,SLD-c15648ff.svs SLD-df0d6301.svs SLD-ac2c10d0.svs SLD-e8a56f31.svs SLD-488cac4e.svs
6302,SLD-13801f25.svs
6303,SLD-584d3c02.svs SLD-f8db1a4d.svs
6304,SLD-fd0ba70e.svs SLD-6c4c3935.svs
6305,SLD-9b87cc5e.svs SLD-739ac9e2.svs SLD-d560e64c.svs SLD-55f7792a.svs SLD-91fd7d4a.svs
6306,SLD-ff7acd86.svs SLD-11ab249d.svs
6307,SLD-586f1721.svs SLD-028d042b.svs
6308,SLD-29bccee9.svs SLD-cf2a2198.svs
6309,SLD-b2e02961.svs SLD-ac73189c.svs SLD-6fdc5e00.svs
6310,SLD-a31ca36b.svs SLD-7ed61f4e.svs SLD-29530a13.svs SLD-d1cae193.svs SLD-8d5f52c0.svs
6311,SLD-e0efc989.svs
6312,SLD-ac98a368.svs SLD-af3cb9d0.svs
6313,SLD-55c7ed9d.svs
6314,SLD-88da091b.svs SLD-0b2f8580.svs
6315,SLD-35a7c6ed.svs
6316,SLD-d13ec39c.svs
6317,SLD-b8bc6621.svs SLD-7afc50cd.svs SLD-f25a3c68.svs
6318,SLD-13d1ea49.svs
6319,SLD-5b471c43.svs SLD-a1cba182.svs
6320,SLD-142a6c95.svs SLD-b4134208.svs
6321,SLD-35a7c6ed.svs SLD-deb4e6c4.svs SLD-864696c1.svs
6322,SLD-156af458.svs SLD-b6e355f6.svs SLD-fd0ba70e.svs SLD-379deda1.svs SLD-5e4af862.svs SLD-6c4c3935.svs SLD-ade6c5e9.svs
6323,SLD-dd1f8e30.svs SLD-ce8c037e.svs
6324,SLD-b6e355f6.svs SLD-ade6c5e9.svs SLD-385af463.svs SLD-6c4c3935.svs SLD-379deda1.svs
6325,SLD-dca5b353.svs SLD-a7f5195c.svs SLD-75f2bc20.svs
6326,SLD-2c05b870.svs SLD-04fe973d.svs SLD-cd34bcd7.svs SLD-fff83cec.svs
6327,SLD-ad0cabfc.svs SLD-5cb6f1f0.svs SLD-1baf01f1.svs
6328,SLD-583678ee.svs
6329,SLD-b287c440.svs SLD-efd164ee.svs SLD-e30d04fd.svs
6330,SLD-3e2aad3e.svs
6331,SLD-defa7864.svs SLD-3be95767.svs SLD-be3feafd.svs
6332,SLD-d1c3d1bc.svs SLD-e38690e7.svs SLD-a09f1aed.svs
6333,SLD-acf606fc.svs SLD-8091a21d.svs SLD-6637c09f.svs SLD-3b8f5fc7.svs
6334,SLD-e10b4aad.svs
6335,SLD-79faf501.svs SLD-0ea255e0.svs
6336,SLD-7176d181.svs SLD-3957f082.svs
6337,SLD-907d8532.svs SLD-d47133e7.svs SLD-4741ee56.svs SLD-5ac5f4f0.svs SLD-b5e2834d.svs SLD-919c21ed.svs
6338,SLD-9df497f1.svs SLD-c095e099.svs SLD-bb00d206.svs SLD-34367eaa.svs SLD-03ea038f.svs SLD-7e240205.svs
6339,SLD-9cf600ec.svs SLD-07fe6a4e.svs SLD-76a933cf.svs
6340,SLD-6637c09f.svs SLD-3b8f5fc7.svs SLD-4fab2ad8.svs SLD-5084a40f.svs SLD-849648e8.svs SLD-8091a21d.svs
6341,SLD-68c6dd5e.svs SLD-4384860c.svs SLD-fb0a6a90.svs SLD-88a0edce.svs SLD-cdfa4cc8.svs
6342,SLD-afb9f3a8.svs SLD-916b51ee.svs SLD-e9e7e1ba.svs SLD-6b325d48.svs SLD-553a773a.svs
6343,SLD-ed9081c1.svs SLD-6d3f4b37.svs SLD-a27ee80d.svs SLD-10b2e6e5.svs SLD-ec6e61bd.svs
6344,SLD-4704768e.svs SLD-6e927501.svs
6345,SLD-e27ac8e9.svs SLD-c7867a38.svs SLD-c6be6432.svs SLD-e38690e7.svs
6346,SLD-8091a21d.svs
6347,SLD-92dbd613.svs SLD-13d72846.svs
6348,SLD-f3fa8613.svs SLD-1188afa1.svs
6349,SLD-7f6b8793.svs SLD-09aedbd0.svs
6350,SLD-18c8ece6.svs SLD-58ea0417.svs SLD-378b094c.svs SLD-8ecb4971.svs SLD-b5178761.svs SLD-c82a6c15.svs
6351,SLD-b58c1e9f.svs
6352,SLD-03ea038f.svs SLD-9df497f1.svs SLD-7e240205.svs SLD-bb00d206.svs SLD-f8542953.svs SLD-c095e099.svs
6353,SLD-379deda1.svs
6354,SLD-dc68d4fd.svs SLD-12bdf75f.svs SLD-13f2a37c.svs SLD-99e8c828.svs SLD-64d02759.svs
6355,SLD-2d492ca2.svs SLD-0a9d499c.svs SLD-b934718f.svs SLD-a2698c2d.svs SLD-956c2129.svs SLD-531da6ac.svs
6356,SLD-7c8d5368.svs SLD-aaa28439.svs SLD-3a8d1c00.svs SLD-40fe81ec.svs SLD-ec3826bc.svs
6357,SLD-350d278d.svs SLD-33a1d1c2.svs SLD-41a8a6e1.svs SLD-c09fcd8f.svs SLD-7f411fed.svs SLD-1e70e799.svs SLD-ad4ab155.svs
6358,SLD-75fc1b10.svs
6359,SLD-6ab01563.svs SLD-246cb09c.svs SLD-4c4b91fe.svs
6360,SLD-5882e3bb.svs SLD-deb4e6c4.svs SLD-864696c1.svs SLD-3012ae1c.svs
6361,SLD-9b050db2.svs
6362,SLD-3cf9d1fe.svs
6363,
6364,SLD-bda31488.svs SLD-96062930.svs
6365,SLD-e47638ec.svs
6366,SLD-d5cf2dc4.svs SLD-eb1c3ba4.svs SLD-13d1ea49.svs SLD-0dd35d11.svs SLD-688181a8.svs
6367,SLD-b8f35c26.svs SLD-1baf01f1.svs
6368,SLD-84eaf943.svs SLD-ec4f4490.svs SLD-d9efbb41.svs
6369,SLD-4741ee56.svs
6370,SLD-4a294067.svs SLD-85e74250.svs
6371,SLD-6c32faff.svs SLD-584d3c02.svs SLD-376e22a6.svs
6372,SLD-a1ab17c0.svs SLD-4b7350d1.svs SLD-c149fa8e.svs SLD-1624d318.svs SLD-3421beaf.svs
6373,SLD-852d2ee5.svs SLD-d9073286.svs SLD-e583847f.svs SLD-7751b3fa.svs
6374,SLD-0f2670d2.svs SLD-b9f94ec6.svs SLD-50ae2652.svs SLD-09cd3bdf.svs SLD-6253dfe3.svs SLD-f19b43da.svs
6375,SLD-98decbf6.svs
6376,SLD-30a31251.svs SLD-8df7a267.svs
6377,SLD-52b04994.svs SLD-a02ebb76.svs SLD-27fa8b8a.svs SLD-583678ee.svs
6378,SLD-ac2c10d0.svs SLD-40aaec7a.svs
6379,SLD-4332559d.svs SLD-1e415c4e.svs
6380,SLD-a1cba182.svs SLD-5b471c43.svs SLD-1349747a.svs SLD-f4dd05d5.svs SLD-e6e4b8df.svs SLD-0b6d9611.svs SLD-ca20854d.svs
6381,SLD-e642965c.svs SLD-bf5545ce.svs
6382,SLD-ccf719ab.svs SLD-54a1d505.svs
6383,SLD-357f0a64.svs SLD-402988fd.svs SLD-f8cc3f3b.svs
6384,SLD-a7f5195c.svs SLD-de62d43f.svs
6385,SLD-3fee2fc7.svs SLD-38553ac8.svs
6386,SLD-5e87905a.svs
6387,SLD-b934718f.svs SLD-4bc972ce.svs
6388,SLD-80245320.svs SLD-f436498e.svs
6389,SLD-735b3a80.svs SLD-e5a15243.svs SLD-3fbdaeed.svs
6390,SLD-6e05724d.svs SLD-b49b93d5.svs SLD-45a16970.svs SLD-a11b26b0.svs
6391,SLD-92f078b8.svs SLD-48622a67.svs
6392,SLD-8e50c79a.svs SLD-0ea255e0.svs SLD-8b1f1137.svs SLD-79faf501.svs
6393,SLD-ce5dc807.svs SLD-90823eda.svs SLD-10da8a95.svs SLD-f97ccc57.svs SLD-fdd2ed7a.svs
6394,SLD-61c61ae4.svs SLD-ed0d0418.svs SLD-3a19607d.svs SLD-3bfb255e.svs
6395,SLD-1d7173e5.svs SLD-da54f267.svs
6396,SLD-99a2ecb1.svs SLD-c202387b.svs SLD-adb6da35.svs SLD-92e94e89.svs SLD-ce1bb02a.svs SLD-849b8a44.svs SLD-1734a26c.svs
6397,SLD-35bbcdb0.svs SLD-dba620f1.svs SLD-28600311.svs
6398,SLD-739ac9e2.svs SLD-6d7fe9b2.svs
6399,SLD-88da091b.svs
6400,SLD-451437d6.svs
6401,SLD-261908b9.svs SLD-ccf719ab.svs SLD-de62d43f.svs SLD-2922fbd8.svs
6402,SLD-6af944e0.svs
6403,SLD-da418b24.svs SLD-b6a659ef.svs SLD-1b4e1428.svs SLD-24eac3f4.svs
6404,SLD-43eb280e.svs
6405,SLD-2cbb93c2.svs SLD-6bf4d047.svs SLD-74151acc.svs SLD-3f7a2748.svs
6406,SLD-6581f934.svs SLD-9bbac838.svs
6407,SLD-4d4985dc.svs SLD-09aedbd0.svs SLD-6d316b4a.svs SLD-1db2b452.svs SLD-55c7ed9d.svs SLD-b318ad4c.svs SLD-7f6b8793.svs
6408,SLD-e355c369.svs SLD-c674d244.svs
6409,SLD-c2112eda.svs SLD-ed2ee36f.svs
6410,SLD-1f94e3c8.svs
6411,SLD-e5aef699.svs
6412,SLD-deffed7a.svs SLD-476c4878.svs SLD-20ca35ab.svs SLD-38553ac8.svs SLD-d7285256.svs SLD-ef38d426.svs SLD-7d718591.svs
6413,SLD-0dcf035b.svs SLD-aa66b464.svs SLD-f4db1c1e.svs SLD-b261d0d2.svs SLD-f46860a2.svs SLD-a1c2d9bf.svs SLD-8420b8d9.svs
6414,SLD-061f5679.svs SLD-69083bd6.svs SLD-726e8017.svs
6415,SLD-e1c25cd1.svs SLD-5b62a7c9.svs SLD-e65d1c73.svs SLD-bc6284a8.svs SLD-9f93e802.svs
6416,SLD-ff88ec82.svs SLD-9c19ed34.svs
6417,SLD-44f20133.svs SLD-f45c8840.svs SLD-9da28338.svs SLD-f9df7275.svs SLD-074f3be0.svs
6418,SLD-cdfa4cc8.svs
6419,SLD-4d236555.svs SLD-84539813.svs SLD-baa172ac.svs SLD-dc2897c6.svs SLD-4fee7144.svs
6420,SLD-61994015.svs SLD-9da28338.svs SLD-f9df7275.svs SLD-c3edd9b7.svs SLD-f45c8840.svs
6421,SLD-1188afa1.svs SLD-7a658abe.svs SLD-68f49b51.svs SLD-90ed41f4.svs
6422,SLD-81011c5b.svs SLD-284b7bcd.svs
6423,SLD-93a25c9b.svs
6424,SLD-f9d0a163.svs SLD-a94501d7.svs SLD-8c3fa29f.svs SLD-5121f31f.svs
6425,SLD-dd138266.svs SLD-1d7173e5.svs SLD-1058fe8c.svs SLD-6e648043.svs
6426,SLD-c069c542.svs
6427,SLD-5b9e42d0.svs SLD-0dd35d11.svs SLD-70d22718.svs SLD-d5cf2dc4.svs SLD-eb1c3ba4.svs SLD-13d1ea49.svs SLD-ed469bf4.svs
6428,SLD-6b5a174d.svs SLD-f8542953.svs SLD-9df497f1.svs SLD-03ea038f.svs
6429,SLD-15ac15c3.svs SLD-be3feafd.svs SLD-a217cf25.svs SLD-5d158e44.svs
6430,SLD-6a27241f.svs SLD-bb9e5a02.svs SLD-37d316a4.svs SLD-2c2df3c2.svs SLD-3fafa217.svs SLD-bc6ff6ac.svs SLD-e139d15d.svs
6431,SLD-755a3ac1.svs SLD-25777cf0.svs SLD-60c6b3ed.svs SLD-5c949381.svs
6432,SLD-640ca20c.svs SLD-8eafb323.svs
6433,SLD-5b45cf5a.svs SLD-29c836e0.svs SLD-640ca20c.svs SLD-5f653800.svs SLD-d7de701d.svs
6434,SLD-3bd5f8a2.svs
6435,SLD-7425f4e9.svs SLD-56e9b78d.svs SLD-3891aef5.svs
6436,SLD-378b094c.svs SLD-18c8ece6.svs SLD-d61a43f2.svs SLD-8ecb4971.svs
6437,SLD-e9e7e1ba.svs SLD-6faefeda.svs
6438,SLD-fbf70946.svs
6439,SLD-c4841a8d.svs SLD-5723a959.svs
6440,SLD-14827a89.svs SLD-35a7c6ed.svs SLD-5e6364c6.svs
6441,SLD-b931a26d.svs SLD-061f5679.svs SLD-e355c369.svs
6442,SLD-da418b24.svs SLD-24eac3f4.svs SLD-b6a659ef.svs SLD-88d3281a.svs
6443,SLD-8df7a267.svs SLD-c857d8c3.svs SLD-fd768f63.svs SLD-5163de1d.svs SLD-30a31251.svs
6444,SLD-8be04c3e.svs
6445,SLD-a96e2bf4.svs
6446,SLD-e10b4aad.svs SLD-cf2a2198.svs SLD-a71b80ef.svs
6447,SLD-7de8a234.svs SLD-dd02e100.svs SLD-6af944e0.svs SLD-0932f5b6.svs
6448,SLD-afdb4e0b.svs
6449,SLD-b318ad4c.svs SLD-09aedbd0.svs
6450,SLD-01fda698.svs SLD-c4c536fb.svs SLD-a100ed14.svs SLD-fa92cd28.svs SLD-4d18c103.svs SLD-4c6e6fbb.svs SLD-1d4d1180.svs
6451,SLD-2ee66e21.svs SLD-d9efbb41.svs SLD-53fb2ed1.svs SLD-b66b6b0b.svs
6452,SLD-640ca20c.svs SLD-5b45cf5a.svs SLD-5f653800.svs SLD-b7ae7758.svs
6453,SLD-a94501d7.svs
6454,SLD-e3d48408.svs SLD-7de8a234.svs SLD-7b38785b.svs
6455,SLD-8420b8d9.svs SLD-f4db1c1e.svs SLD-aa66b464.svs SLD-f46860a2.svs SLD-b261d0d2.svs
6456,SLD-07dc02b1.svs
6457,SLD-17776c3a.svs SLD-13d72846.svs SLD-4e051eea.svs SLD-39ebfa32.svs SLD-bd2cdb8d.svs SLD-92dbd613.svs
6458,SLD-34367eaa.svs
6459,SLD-2835bcdb.svs SLD-2347b24f.svs SLD-a0f9c074.svs SLD-5f2e9167.svs SLD-9177b6d4.svs
6460,SLD-68f49b51.svs
6461,SLD-2cbb93c2.svs
6462,SLD-7e56ac3d.svs SLD-552ae5ca.svs SLD-f164f9d8.svs
6463,SLD-beb778d6.svs SLD-3f79dd31.svs SLD-2b021118.svs SLD-ae63ad3a.svs SLD-8625dcb0.svs
6464,SLD-5bf57279.svs SLD-6e927501.svs SLD-f902d6c0.svs SLD-4704768e.svs
6465,SLD-94d50a99.svs SLD-eba08424.svs SLD-e291f5e1.svs
6466,SLD-a27ee80d.svs SLD-ed9081c1.svs SLD-70c455a9.svs SLD-650dd400.svs SLD-6d3f4b37.svs
6467,SLD-ac98a368.svs SLD-dfc8b87a.svs
6468,SLD-6a325333.svs SLD-22696227.svs SLD-8513d91e.svs SLD-92f078b8.svs
6469,SLD-5153f737.svs SLD-e7aad070.svs SLD-0021b632.svs SLD-9a9dadd2.svs SLD-bb296639.svs SLD-d7f14ec2.svs
6470,SLD-46e785ad.svs SLD-9b050db2.svs
6471,SLD-27fa8b8a.svs SLD-4b1dd9fd.svs SLD-4a8b77da.svs SLD-583678ee.svs SLD-f3ca5f64.svs
6472,SLD-1eda4209.svs SLD-2347b24f.svs
6473,SLD-22696227.svs SLD-48622a67.svs SLD-85e74250.svs SLD-4a294067.svs
6474,SLD-dfecb2ae.svs SLD-58e760bf.svs SLD-af8c96a9.svs SLD-c7afae8f.svs SLD-8f3e64f4.svs SLD-57d1d37c.svs SLD-18f7e499.svs
6475,
6476,SLD-754724dd.svs SLD-7f107645.svs
6477,SLD-55c7ed9d.svs SLD-1db2b452.svs
6478,SLD-b4ca0142.svs
6479,SLD-9717aa6e.svs SLD-dd55daaf.svs
6480,SLD-c110412c.svs
6481,SLD-852d2ee5.svs SLD-329cd43a.svs SLD-d9073286.svs
6482,
6483,SLD-1c2c7a34.svs SLD-cbf1f93c.svs SLD-94665d45.svs
6484,SLD-735b3a80.svs SLD-723dc8f5.svs SLD-3fbdaeed.svs SLD-b17078ee.svs SLD-b5cbb690.svs SLD-c2eaf172.svs SLD-c7281f15.svs
6485,SLD-fff83cec.svs SLD-cd34bcd7.svs SLD-261cec19.svs SLD-04fe973d.svs SLD-63d0fccd.svs
6486,SLD-da418b24.svs SLD-e0acf9ff.svs SLD-1b4e1428.svs SLD-b6a659ef.svs
6487,SLD-5b471c43.svs SLD-0b6d9611.svs
6488,SLD-0212585b.svs SLD-88da091b.svs SLD-3bd5f8a2.svs SLD-213124bd.svs
6489,SLD-aab6941b.svs SLD-f6b4160b.svs SLD-d466c772.svs
6490,SLD-7de8a234.svs
6491,SLD-94d50a99.svs SLD-eba08424.svs SLD-409b3c5b.svs
6492,SLD-e5a15243.svs SLD-723dc8f5.svs SLD-b17078ee.svs
6493,SLD-f20b575d.svs
6494,SLD-58ea0417.svs SLD-8ecb4971.svs
6495,SLD-79017990.svs SLD-8a7f03ae.svs SLD-43eb280e.svs
6496,SLD-4b1dd9fd.svs SLD-a02ebb76.svs SLD-52b04994.svs SLD-5cfa38b1.svs
6497,SLD-788c31f6.svs
6498,SLD-93a25c9b.svs
6499,SLD-ac73189c.svs SLD-6fdc5e00.svs SLD-496749fb.svs
6500,SLD-0a8aa1e4.svs SLD-a3ef802e.svs SLD-9ef1c846.svs
6501,SLD-f1c51dda.svs SLD-2cb38568.svs SLD-259a2b28.svs SLD-b22b8974.svs SLD-c781e11f.svs
6502,SLD-5d158e44.svs
6503,SLD-53e83663.svs SLD-e1bccfb2.svs
6504,SLD-7751b3fa.svs SLD-852d2ee5.svs
6505,SLD-0061fd30.svs SLD-329cd43a.svs SLD-852d2ee5.svs SLD-e583847f.svs SLD-7751b3fa.svs SLD-d9073286.svs SLD-bdb62ff3.svs
6506,SLD-2412579d.svs SLD-0932f5b6.svs SLD-f11ddff7.svs SLD-6af944e0.svs SLD-7de8a234.svs
6507,SLD-7ea496f5.svs
6508,SLD-d658b1b3.svs SLD-864696c1.svs SLD-deb4e6c4.svs SLD-14827a89.svs SLD-35a7c6ed.svs SLD-5882e3bb.svs
6509,SLD-f2ded00f.svs SLD-68032f7e.svs SLD-f6f25926.svs SLD-82f4b48a.svs
6510,SLD-590e83da.svs SLD-5bf80676.svs
6511,SLD-b34dc8b0.svs SLD-40fe6898.svs SLD-b56b9357.svs
6512,SLD-6f1bdd07.svs SLD-c069c542.svs SLD-1aff71ae.svs SLD-49b564fb.svs SLD-75fd3537.svs SLD-30f2c485.svs
6513,SLD-0b4cba0a.svs SLD-0fe1cedf.svs SLD-4fae667b.svs SLD-b2e74e77.svs
6514,SLD-80245320.svs SLD-2bdb5720.svs
6515,SLD-1cf4a8ed.svs SLD-b9b5c70e.svs SLD-681091fe.svs SLD-17ee2fe6.svs SLD-53a9ec5d.svs SLD-437249fd.svs SLD-2db6de21.svs
6516,SLD-ed9081c1.svs SLD-650dd400.svs SLD-10b2e6e5.svs SLD-6d3f4b37.svs SLD-70c455a9.svs SLD-a27ee80d.svs
6517,SLD-5f653800.svs SLD-d7de701d.svs SLD-5b45cf5a.svs SLD-640ca20c.svs
6518,SLD-b49b93d5.svs SLD-08236adf.svs
6519,SLD-b17078ee.svs SLD-c7281f15.svs SLD-b5cbb690.svs SLD-3fbdaeed.svs
6520,SLD-0ecfb95b.svs SLD-605dd4d6.svs SLD-a1fdcdf1.svs SLD-877a2133.svs SLD-a3155940.svs
6521,SLD-efd164ee.svs SLD-e30d04fd.svs SLD-b58c1e9f.svs SLD-0ef05b6f.svs SLD-b287c440.svs SLD-ed4879e7.svs SLD-daa6b26a.svs
6522,SLD-0fe1cedf.svs
6523,SLD-50de4292.svs SLD-3e2aad3e.svs SLD-390a9016.svs SLD-4a82e06a.svs SLD-2f16fb50.svs SLD-3c9590d3.svs
6524,SLD-da418b24.svs SLD-88d3281a.svs SLD-24eac3f4.svs
6525,SLD-6af944e0.svs SLD-f11ddff7.svs SLD-7de8a234.svs SLD-0932f5b6.svs SLD-2412579d.svs SLD-e3d48408.svs SLD-dd02e100.svs
6526,SLD-dfc8b87a.svs SLD-a92c3c3e.svs
6527,SLD-dbf2eed1.svs SLD-2452bc39.svs SLD-9ad7558f.svs SLD-5e7f503c.svs
6528,SLD-3a8d1c00.svs SLD-ec3826bc.svs
6529,SLD-53a9ec5d.svs SLD-681091fe.svs SLD-437249fd.svs SLD-2db6de21.svs SLD-17ee2fe6.svs SLD-b9b5c70e.svs
6530,SLD-d216ad53.svs SLD-d4088ff7.svs
6531,SLD-8e50c79a.svs
6532,SLD-a100ed14.svs SLD-37fef6b5.svs SLD-fa92cd28.svs SLD-1d4d1180.svs
6533,SLD-669ff1b9.svs
6534,SLD-1a9e8547.svs SLD-739ac9e2.svs SLD-5a31a6a6.svs SLD-6d7fe9b2.svs SLD-9b87cc5e.svs SLD-55f7792a.svs SLD-d560e64c.svs
6535,SLD-58116722.svs SLD-722c353d.svs
6536,SLD-566ff3ec.svs SLD-cda6a326.svs SLD-4f8e3e01.svs SLD-03c8e104.svs SLD-7e083c1b.svs
6537,SLD-d3d6362b.svs SLD-e0efc989.svs
6538,SLD-f75a7e6f.svs
6539,SLD-b7ae7758.svs SLD-8eafb323.svs SLD-702a5b67.svs SLD-5f653800.svs SLD-640ca20c.svs SLD-29c836e0.svs SLD-d7de701d.svs
6540,SLD-6c835975.svs
6541,SLD-10b2e6e5.svs SLD-a27ee80d.svs SLD-ec6e61bd.svs SLD-ed9081c1.svs
6542,SLD-907d8532.svs SLD-919c21ed.svs SLD-5ac5f4f0.svs SLD-4741ee56.svs
6543,SLD-2ca723c4.svs SLD-ccd66756.svs SLD-153251c9.svs SLD-14aaaefe.svs
6544,SLD-74aba9fc.svs SLD-533c9a31.svs
6545,SLD-ac91c01e.svs SLD-fc145cfe.svs SLD-69967b5c.svs SLD-f9154865.svs
6546,SLD-5b45cf5a.svs
6547,SLD-cb775e24.svs SLD-4168705a.svs SLD-533c9a31.svs
6548,SLD-17776c3a.svs SLD-92dbd613.svs SLD-6c1b6811.svs
6549,SLD-3f7a2748.svs
6550,SLD-992a34a1.svs SLD-084fa819.svs
6551,SLD-547e3918.svs
6552,SLD-76a933cf.svs SLD-9cf600ec.svs SLD-6e3a52d7.svs SLD-07fe6a4e.svs
6553,SLD-6d316b4a.svs SLD-09aedbd0.svs SLD-bc18a40b.svs SLD-4d4985dc.svs SLD-b318ad4c.svs
6554,SLD-39ebfa32.svs SLD-13d72846.svs SLD-5e146c30.svs
6555,SLD-581ba307.svs SLD-abecfc0b.svs SLD-39d5b552.svs
6556,SLD-63d0fccd.svs SLD-cd34bcd7.svs
6557,SLD-c618fc1e.svs SLD-1965e435.svs SLD-6a480542.svs SLD-101bb5fa.svs SLD-bbf9bb01.svs SLD-07dc02b1.svs SLD-f45da406.svs
6558,SLD-3d3703f8.svs
6559,SLD-12bdf75f.svs SLD-21da132c.svs SLD-0542bd75.svs
6560,SLD-3fbdaeed.svs SLD-b5cbb690.svs SLD-723dc8f5.svs SLD-e5a15243.svs SLD-c7281f15.svs SLD-c2eaf172.svs
6561,SLD-196d362d.svs
6562,SLD-8df7a267.svs SLD-86fadb0e.svs SLD-579e9a46.svs SLD-fd768f63.svs SLD-30a31251.svs SLD-c857d8c3.svs SLD-5163de1d.svs
6563,SLD-aa099a46.svs SLD-7afc50cd.svs SLD-f2d7fe55.svs SLD-edec31ef.svs
6564,SLD-fba52e59.svs SLD-25fdacbe.svs
6565,SLD-ac73189c.svs SLD-4bebcf4f.svs SLD-496749fb.svs SLD-b2e02961.svs SLD-3db4cb81.svs SLD-080638c9.svs SLD-6fdc5e00.svs
6566,SLD-f110397a.svs SLD-81011c5b.svs SLD-1c2c7a34.svs SLD-a3af11d0.svs SLD-cbf1f93c.svs SLD-94665d45.svs
6567,SLD-1f9078d5.svs SLD-a0f9c074.svs SLD-1eda4209.svs SLD-5f2e9167.svs
6568,SLD-2db6de21.svs SLD-b9b5c70e.svs SLD-17ee2fe6.svs SLD-681091fe.svs SLD-53a9ec5d.svs
6569,SLD-c674d244.svs SLD-e355c369.svs
6570,SLD-6b5a174d.svs SLD-9df497f1.svs SLD-bb00d206.svs SLD-34367eaa.svs SLD-03ea038f.svs SLD-c095e099.svs SLD-7e240205.svs
6571,SLD-04fe973d.svs SLD-63d0fccd.svs SLD-fff83cec.svs SLD-b7ed75b4.svs SLD-cd34bcd7.svs
6572,SLD-8772c347.svs SLD-ae2562ca.svs SLD-5abec113.svs SLD-a1832fdb.svs
6573,SLD-cbe88a3f.svs SLD-1bce35d8.svs
6574,SLD-c90853fd.svs SLD-ba626aee.svs SLD-a629d332.svs SLD-4fdc1351.svs
6575,SLD-7499b28c.svs SLD-ca20854d.svs SLD-5b471c43.svs SLD-a1cba182.svs
6576,SLD-084fa819.svs SLD-26c00984.svs SLD-c734bb05.svs SLD-052daad3.svs
6577,SLD-f8542953.svs SLD-6b5a174d.svs SLD-9df497f1.svs SLD-03ea038f.svs SLD-bb00d206.svs
6578,SLD-e7aad070.svs SLD-0021b632.svs
6579,
6580,SLD-5ba48aa0.svs SLD-59e8484c.svs SLD-aab6941b.svs SLD-f6b4160b.svs SLD-25d203e3.svs SLD-d466c772.svs SLD-5df5672b.svs
6581,SLD-25777cf0.svs SLD-5c949381.svs SLD-8be04c3e.svs SLD-1ac902ee.svs SLD-755a3ac1.svs SLD-32ae2a20.svs
6582,SLD-f8542953.svs SLD-6b5a174d.svs SLD-9df497f1.svs
6583,SLD-916b51ee.svs SLD-e9e7e1ba.svs
6584,SLD-722c353d.svs SLD-eed15368.svs SLD-58116722.svs
6585,SLD-70bc3ec1.svs SLD-79b68b95.svs SLD-4d29d77a.svs
6586,SLD-a09f1aed.svs
6587,SLD-eecb325b.svs SLD-2452bc39.svs SLD-3b9cea95.svs SLD-064f768d.svs SLD-9ad7558f.svs SLD-dbf2eed1.svs
6588,SLD-315e8080.svs SLD-8ec9ea98.svs SLD-ebe0572c.svs SLD-56e9b78d.svs SLD-6581f934.svs SLD-7425f4e9.svs
6589,SLD-29bccee9.svs SLD-e10b4aad.svs
6590,SLD-4e3c0f2d.svs SLD-cad00273.svs SLD-57030ede.svs
6591,SLD-53fb2ed1.svs SLD-2ee66e21.svs SLD-b66b6b0b.svs SLD-8af37d72.svs SLD-d9efbb41.svs
6592,SLD-48d8b9ef.svs SLD-bc6ff6ac.svs SLD-e139d15d.svs SLD-bb9e5a02.svs SLD-6a27241f.svs
6593,SLD-01d34690.svs SLD-4a30f7cd.svs
6594,SLD-9717aa6e.svs
6595,SLD-35bbcdb0.svs SLD-e47c98ea.svs SLD-bda31488.svs SLD-96062930.svs
6596,SLD-90a2b8e1.svs SLD-d1f15ee7.svs SLD-dcff697d.svs SLD-816480fa.svs
6597,SLD-5e6364c6.svs SLD-3012ae1c.svs SLD-864696c1.svs SLD-d658b1b3.svs
6598,SLD-7425f4e9.svs SLD-8ec9ea98.svs
6599,SLD-6faefeda.svs SLD-c9a6e611.svs SLD-916b51ee.svs
6600,SLD-07fe6a4e.svs SLD-76a933cf.svs SLD-93a25c9b.svs SLD-65fd5f69.svs
6601,SLD-eda67806.svs
6602,SLD-25323fd3.svs
6603,SLD-c4841a8d.svs SLD-f5a3e893.svs SLD-3f7a2748.svs SLD-74151acc.svs SLD-6bf4d047.svs
6604,SLD-c7867a38.svs
6605,SLD-6d0c62c3.svs SLD-254bf7ae.svs
6606,SLD-5b8c4949.svs SLD-f30459cc.svs
6607,SLD-a604e5af.svs SLD-0dcf035b.svs SLD-f46860a2.svs SLD-aa66b464.svs SLD-a1c2d9bf.svs SLD-b261d0d2.svs SLD-8420b8d9.svs
6608,SLD-fa92cd28.svs
6609,SLD-5931c9b4.svs SLD-b2c92c12.svs SLD-44e8a604.svs SLD-28702bb1.svs
6610,SLD-c6f149c7.svs SLD-9c899296.svs
6611,SLD-96062930.svs SLD-dba620f1.svs SLD-c315d334.svs SLD-bda31488.svs SLD-3e1fa8ac.svs SLD-35bbcdb0.svs SLD-28600311.svs
6612,SLD-ebe0572c.svs SLD-3891aef5.svs SLD-6581f934.svs SLD-56e9b78d.svs
6613,SLD-78a55d6b.svs
6614,SLD-64d02759.svs SLD-99e8c828.svs SLD-21da132c.svs
6615,SLD-e8a56f31.svs
6616,SLD-f7cd0b75.svs SLD-dd9539fc.svs SLD-beb9c9e2.svs SLD-c471e21a.svs SLD-cef980ce.svs SLD-3d3703f8.svs
6617,SLD-b9b5c70e.svs
6618,SLD-8b1f1137.svs SLD-d21276c2.svs SLD-848610cf.svs
6619,SLD-e583847f.svs SLD-7751b3fa.svs
6620,SLD-9b87cc5e.svs SLD-1a9e8547.svs SLD-55f7792a.svs SLD-91fd7d4a.svs
6621,SLD-084fa819.svs
6622,SLD-4916e844.svs SLD-e64ddd91.svs
6623,SLD-a1ab17c0.svs SLD-4b7350d1.svs SLD-7bb8c2f1.svs
6624,SLD-6e927501.svs SLD-669ff1b9.svs
6625,SLD-9c14940d.svs SLD-5b2d81cc.svs SLD-c1fa924e.svs SLD-17337a7c.svs
6626,SLD-b2e74e77.svs SLD-0b4cba0a.svs SLD-69f12ccd.svs
6627,SLD-2e573864.svs SLD-3ad23fbf.svs
6628,SLD-2412579d.svs SLD-7de8a234.svs SLD-7b38785b.svs SLD-6af944e0.svs SLD-f11ddff7.svs
6629,SLD-f7cd0b75.svs SLD-9d263e76.svs SLD-beb9c9e2.svs SLD-05f2b928.svs
6630,SLD-398071b1.svs SLD-4fbe2aae.svs SLD-4642cddb.svs SLD-024bfe48.svs
6631,SLD-52177eb7.svs SLD-70f8dd99.svs
6632,SLD-8476af98.svs SLD-b56b9357.svs SLD-40fe6898.svs SLD-c846bf90.svs SLD-b34dc8b0.svs SLD-ef7dee1a.svs
6633,SLD-8af58903.svs
6634,SLD-6a480542.svs
6635,SLD-37fef6b5.svs SLD-c4c536fb.svs SLD-4d18c103.svs SLD-1d4d1180.svs SLD-4c6e6fbb.svs SLD-01fda698.svs
6636,SLD-3956fba9.svs SLD-72323dc9.svs SLD-6df2fc82.svs SLD-c3a31607.svs SLD-c67781b2.svs
6637,SLD-f164f9d8.svs SLD-dc2151e1.svs SLD-7e56ac3d.svs SLD-91fcfe88.svs SLD-4124405b.svs
6638,SLD-f1c51dda.svs SLD-291a58af.svs
6639,SLD-a1d53402.svs SLD-669ff1b9.svs
6640,SLD-cd34bcd7.svs SLD-04fe973d.svs SLD-fff83cec.svs SLD-2c05b870.svs SLD-b7ed75b4.svs SLD-261cec19.svs
6641,SLD-ebe7ef91.svs
6642,SLD-d5cf2dc4.svs SLD-688181a8.svs
6643,SLD-ec3826bc.svs SLD-aaa28439.svs SLD-3a8d1c00.svs SLD-b259a6a0.svs SLD-c6962905.svs
6644,SLD-3c9a9236.svs SLD-b6bca2a2.svs
6645,SLD-65fd5f69.svs
6646,SLD-f3254f2d.svs SLD-11fba56e.svs SLD-6c835975.svs
6647,SLD-425832c0.svs SLD-232f8c5b.svs SLD-b4480761.svs SLD-66dfeb1e.svs SLD-d9082a42.svs
6648,SLD-17337a7c.svs SLD-e1bccfb2.svs SLD-53e83663.svs SLD-c602bd20.svs
6649,SLD-8eafb323.svs SLD-b7ae7758.svs SLD-640ca20c.svs SLD-702a5b67.svs SLD-29c836e0.svs
6650,SLD-1d4d1180.svs SLD-fa92cd28.svs SLD-c4c536fb.svs
6651,SLD-849b8a44.svs SLD-adb6da35.svs
6652,SLD-1aff71ae.svs SLD-92a651d7.svs SLD-75fd3537.svs SLD-49b564fb.svs
6653,SLD-3c9a9236.svs
6654,SLD-1734a26c.svs SLD-ce1bb02a.svs
6655,SLD-92e94e89.svs SLD-ce1bb02a.svs
6656,SLD-b4ca0142.svs SLD-2b66b1c0.svs SLD-ced4dd7c.svs
6657,SLD-63eaa07f.svs SLD-80245320.svs SLD-00cbd313.svs SLD-1f626a97.svs SLD-f436498e.svs
6658,SLD-f489362c.svs
6659,SLD-dfc8b87a.svs SLD-a92c3c3e.svs SLD-9c272c51.svs SLD-3957f082.svs SLD-af3cb9d0.svs SLD-3e2b6653.svs
6660,SLD-cf085288.svs SLD-d197b561.svs SLD-4d29d77a.svs SLD-70bc3ec1.svs
6661,SLD-d97d2b38.svs
6662,SLD-71df24d9.svs SLD-0ecfb95b.svs SLD-5e87905a.svs SLD-f2ed33e1.svs SLD-a1fdcdf1.svs
6663,SLD-a1ab17c0.svs
6664,SLD-54a8762b.svs SLD-25e4979d.svs SLD-6f6ddf79.svs SLD-affe2554.svs SLD-e5aef699.svs
6665,SLD-98decbf6.svs SLD-d9732b86.svs
6666,SLD-6e05724d.svs SLD-45a16970.svs SLD-b49b93d5.svs SLD-a11b26b0.svs
6667,SLD-4af0a6fe.svs SLD-5bbdd1f4.svs
6668,SLD-d9732b86.svs SLD-23d83f22.svs
6669,SLD-1e415c4e.svs SLD-4332559d.svs SLD-4e3c0f2d.svs SLD-120961ea.svs
6670,SLD-0a8bc856.svs SLD-44f20133.svs SLD-61994015.svs SLD-f9df7275.svs SLD-074f3be0.svs SLD-f45c8840.svs
6671,SLD-a8b56f85.svs
6672,SLD-ed4879e7.svs
6673,SLD-7ce71b48.svs SLD-25fdacbe.svs SLD-6c596216.svs SLD-905c053b.svs SLD-ae0fdbc8.svs
6674,SLD-5e2d2454.svs
6675,SLD-2922fbd8.svs SLD-dca5b353.svs SLD-a7f5195c.svs SLD-261908b9.svs SLD-ccf719ab.svs SLD-54a1d505.svs SLD-de62d43f.svs
6676,SLD-f5a3e893.svs SLD-6e84f8ea.svs SLD-6bf4d047.svs SLD-3f7a2748.svs
6677,SLD-bc6ff6ac.svs SLD-e139d15d.svs SLD-2c2df3c2.svs SLD-3fafa217.svs SLD-6a27241f.svs SLD-bb9e5a02.svs
6678,SLD-0fe1cedf.svs SLD-cbf8e26a.svs SLD-a5387901.svs SLD-b2e74e77.svs
6679,SLD-731c877a.svs SLD-e51c0cdb.svs
6680,SLD-531da6ac.svs SLD-b934718f.svs SLD-a2698c2d.svs SLD-4bc972ce.svs
6681,SLD-5fdd5329.svs SLD-2b66b1c0.svs
6682,SLD-b49b93d5.svs SLD-1e709e19.svs SLD-45a16970.svs
6683,SLD-a4a98266.svs SLD-d3d6362b.svs SLD-e0efc989.svs SLD-06999e1e.svs
6684,SLD-697b8538.svs SLD-75fc1b10.svs
6685,SLD-70c455a9.svs SLD-ed9081c1.svs SLD-a27ee80d.svs
6686,SLD-dc2151e1.svs
6687,SLD-05f2b928.svs SLD-cef980ce.svs SLD-9d263e76.svs SLD-c471e21a.svs SLD-beb9c9e2.svs SLD-dd9539fc.svs SLD-f7cd0b75.svs
6688,SLD-f0bd7405.svs
6689,SLD-08f1100b.svs
6690,SLD-27fa8b8a.svs SLD-52b04994.svs
6691,SLD-b34dc8b0.svs SLD-b56b9357.svs SLD-425de95f.svs
6692,SLD-8ecb4971.svs SLD-58ea0417.svs SLD-393031a6.svs SLD-b5178761.svs
6693,SLD-41a8a6e1.svs SLD-ad4ab155.svs SLD-33a1d1c2.svs SLD-1e70e799.svs SLD-7f411fed.svs
6694,SLD-8eeb3fd8.svs SLD-8f08963c.svs SLD-96248805.svs SLD-6783b0c3.svs
6695,SLD-688181a8.svs SLD-0dd35d11.svs SLD-eb1c3ba4.svs SLD-ed469bf4.svs SLD-70d22718.svs SLD-13d1ea49.svs
6696,SLD-a02ebb76.svs SLD-583678ee.svs SLD-4b1dd9fd.svs SLD-5cfa38b1.svs SLD-4a8b77da.svs SLD-27fa8b8a.svs SLD-f3ca5f64.svs
6697,SLD-3f7a2748.svs
6698,SLD-4d03cbdd.svs
6699,SLD-7fa74d8a.svs SLD-8af58903.svs SLD-a2939b3b.svs SLD-ff88ec82.svs
6700,SLD-104dff66.svs SLD-23f1b67e.svs SLD-01d34690.svs SLD-4a30f7cd.svs SLD-00fdec23.svs SLD-c963d148.svs SLD-598ca3b4.svs
6701,SLD-739ac9e2.svs SLD-91fd7d4a.svs SLD-1a9e8547.svs
6702,SLD-376e22a6.svs SLD-22c71d04.svs
6703,SLD-efa2ce12.svs
6704,SLD-788c31f6.svs
6705,SLD-8d5f52c0.svs SLD-03927935.svs
6706,SLD-385af463.svs SLD-5e4af862.svs SLD-ade6c5e9.svs SLD-379deda1.svs SLD-b6e355f6.svs SLD-6c4c3935.svs
6707,SLD-905c053b.svs
6708,SLD-346d2b7e.svs SLD-e4b82987.svs SLD-353e0c86.svs
6709,SLD-01ce5fc6.svs SLD-32d116fe.svs
6710,SLD-da54f267.svs SLD-31234efe.svs SLD-6e648043.svs SLD-1d7173e5.svs
6711,SLD-ad9d1f42.svs SLD-7f67ee1a.svs SLD-c2953f51.svs SLD-c3121af6.svs
6712,SLD-8a663359.svs SLD-abe0a177.svs
6713,SLD-8b32992a.svs SLD-3b7c1f9a.svs
6714,SLD-9bbac838.svs
6715,SLD-5931c9b4.svs SLD-becba4c8.svs SLD-9bd91220.svs
6716,SLD-efd164ee.svs SLD-b58c1e9f.svs SLD-2a0b2040.svs
6717,SLD-1ee1723b.svs SLD-277dfc7b.svs SLD-e7524102.svs
6718,SLD-39d5b552.svs
6719,SLD-f9df7275.svs
6720,SLD-deb4e6c4.svs SLD-5e6364c6.svs SLD-864696c1.svs SLD-35a7c6ed.svs SLD-14827a89.svs
6721,SLD-451437d6.svs SLD-566ff3ec.svs SLD-cda6a326.svs SLD-6480fdc0.svs SLD-03c8e104.svs
6722,SLD-4704768e.svs SLD-ea75e34d.svs SLD-f902d6c0.svs
6723,SLD-ccd66756.svs SLD-95fc7389.svs
6724,SLD-88d3281a.svs SLD-b6a659ef.svs SLD-e0acf9ff.svs SLD-24eac3f4.svs
6725,SLD-bc18a40b.svs SLD-4d4985dc.svs SLD-09aedbd0.svs SLD-1db2b452.svs
6726,SLD-50852f4f.svs SLD-abe0a177.svs SLD-0b09ec41.svs SLD-1c5e1698.svs
6727,
6728,SLD-346d2b7e.svs SLD-ac7b7ab2.svs SLD-00d3d1af.svs
6729,SLD-86fadb0e.svs SLD-5163de1d.svs
6730,SLD-06c4e109.svs SLD-6faefeda.svs
6731,SLD-9bd91220.svs SLD-becba4c8.svs SLD-706146ff.svs SLD-28702bb1.svs
6732,SLD-291a58af.svs
6733,SLD-01275a63.svs SLD-3bd5f8a2.svs
6734,SLD-ac98a368.svs SLD-3e2b6653.svs SLD-3957f082.svs SLD-a92c3c3e.svs
6735,SLD-e0acf9ff.svs SLD-0c78c2f9.svs SLD-24eac3f4.svs SLD-647640a1.svs
6736,SLD-efa2ce12.svs SLD-2c805ac7.svs SLD-f3254f2d.svs SLD-6c835975.svs
6737,SLD-afd86432.svs SLD-d8a230de.svs
6738,SLD-a1fdcdf1.svs SLD-605dd4d6.svs
6739,SLD-def1274a.svs SLD-5028361f.svs SLD-fa4b0bc6.svs SLD-5121f31f.svs SLD-a94501d7.svs
6740,SLD-1f9078d5.svs SLD-1eda4209.svs
6741,SLD-4e051eea.svs
6742,SLD-8c833848.svs
6743,SLD-81011c5b.svs SLD-a3af11d0.svs
6744,SLD-1dbc24fd.svs SLD-453432cd.svs SLD-0a8aa1e4.svs SLD-a3ef802e.svs SLD-ffeb5d5f.svs
6745,SLD-e5aef699.svs
6746,SLD-8f42cebe.svs SLD-ab12fb53.svs
6747,SLD-9d263e76.svs SLD-f7cd0b75.svs SLD-3d3703f8.svs SLD-c471e21a.svs
6748,SLD-7e56ac3d.svs SLD-f164f9d8.svs SLD-10cc8711.svs
6749,SLD-39b66d71.svs SLD-951a0518.svs SLD-cefe73ec.svs SLD-501049e2.svs
6750,SLD-0ea255e0.svs SLD-79faf501.svs
6751,SLD-ebe7ef91.svs SLD-63eaa07f.svs SLD-1f626a97.svs
6752,SLD-68afe2b8.svs SLD-f436498e.svs SLD-63eaa07f.svs
6753,SLD-a8b56f85.svs SLD-353e0c86.svs SLD-ac7b7ab2.svs SLD-24aeba79.svs
6754,SLD-9750ca7e.svs SLD-6c148fc6.svs SLD-bdaa3bfa.svs SLD-ed28508d.svs
6755,SLD-6aeb5a32.svs
6756,SLD-8c833848.svs SLD-47595b01.svs SLD-f3254f2d.svs
6757,SLD-c6962905.svs
6758,SLD-3346f7c6.svs SLD-17ee2fe6.svs SLD-681091fe.svs
6759,SLD-24aeba79.svs SLD-ac7b7ab2.svs SLD-e4b82987.svs SLD-00d3d1af.svs SLD-353e0c86.svs
6760,SLD-8fad725d.svs SLD-f48ef9a8.svs
6761,SLD-45a16970.svs SLD-6e05724d.svs SLD-a11b26b0.svs SLD-43a061c4.svs SLD-1e709e19.svs
6762,SLD-5abec113.svs
6763,SLD-b7ed75b4.svs SLD-fff83cec.svs SLD-afdb4e0b.svs SLD-63d0fccd.svs SLD-2c05b870.svs
6764,SLD-cf085288.svs SLD-d197b561.svs
6765,SLD-5ac5f4f0.svs
6766,SLD-d7285256.svs SLD-7d718591.svs SLD-476c4878.svs SLD-20ca35ab.svs SLD-3fee2fc7.svs
6767,SLD-95decd6e.svs SLD-8d99743c.svs SLD-5df2e073.svs SLD-06792b47.svs SLD-cfdef303.svs
6768,SLD-a3155940.svs
6769,SLD-726e8017.svs SLD-69083bd6.svs SLD-b931a26d.svs SLD-ef617cac.svs SLD-e355c369.svs
6770,SLD-09aedbd0.svs SLD-b318ad4c.svs
6771,SLD-41300879.svs SLD-baa172ac.svs SLD-4fee7144.svs
6772,SLD-70f8dd99.svs SLD-4b1678e4.svs
6773,SLD-7425f4e9.svs SLD-56e9b78d.svs
6774,SLD-25fdacbe.svs SLD-fba52e59.svs SLD-7ce71b48.svs SLD-ae0fdbc8.svs SLD-6c596216.svs SLD-a36bcb01.svs
6775,SLD-2d492ca2.svs SLD-956c2129.svs SLD-614f1ddc.svs SLD-4bc972ce.svs SLD-b934718f.svs
6776,SLD-d8a1a546.svs SLD-54a6087c.svs SLD-e642965c.svs SLD-de386aeb.svs
6777,SLD-598ca3b4.svs SLD-c963d148.svs SLD-4a30f7cd.svs SLD-23f1b67e.svs
6778,SLD-6c4c3935.svs
6779,SLD-59e8484c.svs SLD-f6b4160b.svs SLD-aab6941b.svs
6780,SLD-fe656bef.svs SLD-8463416a.svs SLD-06999e1e.svs SLD-e0efc989.svs SLD-a4a98266.svs SLD-2ab465e9.svs
6781,SLD-8930d179.svs SLD-51abf5e5.svs SLD-e4bacd78.svs SLD-74aba9fc.svs SLD-cb775e24.svs
6782,SLD-3e2aad3e.svs SLD-390a9016.svs SLD-4a82e06a.svs SLD-82221345.svs
6783,SLD-e8a56f31.svs SLD-40aaec7a.svs SLD-488cac4e.svs SLD-c15648ff.svs
6784,SLD-6bf4d047.svs SLD-c4841a8d.svs SLD-6e84f8ea.svs
6785,SLD-7ce71b48.svs SLD-905c053b.svs SLD-fba52e59.svs
6786,SLD-afb9f3a8.svs SLD-6faefeda.svs SLD-06c4e109.svs SLD-6b325d48.svs SLD-916b51ee.svs
6787,SLD-ed7a6edf.svs SLD-b7c144fb.svs SLD-990e8f01.svs
6788,SLD-f4dd05d5.svs SLD-1349747a.svs SLD-a1cba182.svs SLD-ca20854d.svs SLD-e6e4b8df.svs
6789,SLD-992e7dea.svs SLD-f6b4160b.svs
6790,SLD-b4480761.svs SLD-d9082a42.svs
6791,SLD-0a1727f7.svs SLD-21681081.svs SLD-de6fec4b.svs SLD-10fc9eee.svs
6792,SLD-4d236555.svs SLD-bc5074ac.svs SLD-dc2897c6.svs
6793,SLD-4642cddb.svs SLD-d6ada066.svs
6794,SLD-8d5f52c0.svs SLD-29530a13.svs SLD-059ebb2e.svs SLD-d1cae193.svs
6795,SLD-dd1f8e30.svs SLD-3c9a9236.svs
6796,SLD-8c94af98.svs
6797,SLD-d8a1a546.svs SLD-ea96abe6.svs SLD-bf5545ce.svs SLD-de386aeb.svs SLD-e642965c.svs SLD-54a6087c.svs
6798,SLD-7ed61f4e.svs SLD-03927935.svs SLD-a31ca36b.svs SLD-e8751766.svs SLD-29530a13.svs SLD-8d5f52c0.svs
6799,SLD-f110397a.svs SLD-81011c5b.svs
6800,SLD-fb46ed39.svs SLD-f0fcccc6.svs SLD-ae2562ca.svs
6801,SLD-a8b56f85.svs SLD-00d3d1af.svs
6802,SLD-00f24603.svs SLD-92b035e0.svs
6803,SLD-8a74bec5.svs SLD-95e19cb6.svs
6804,SLD-66dfeb1e.svs SLD-b4134208.svs SLD-9ab3cc27.svs SLD-d9082a42.svs SLD-142a6c95.svs
6805,SLD-8eeb3fd8.svs SLD-0876daaa.svs SLD-96248805.svs SLD-dcae667e.svs
6806,SLD-fa999f9b.svs
6807,SLD-f1c58f44.svs SLD-03c8e104.svs SLD-7e083c1b.svs SLD-6480fdc0.svs SLD-4f8e3e01.svs SLD-451437d6.svs
6808,SLD-40fe6898.svs SLD-b56b9357.svs SLD-ef7dee1a.svs
6809,SLD-daa6b26a.svs SLD-efd164ee.svs SLD-0ef05b6f.svs SLD-b58c1e9f.svs
6810,SLD-a867a0f0.svs SLD-ab1e6794.svs SLD-abecfc0b.svs
6811,SLD-38431ed6.svs SLD-258694b6.svs SLD-d89331ac.svs
6812,SLD-8af37d72.svs SLD-53fb2ed1.svs SLD-d9efbb41.svs SLD-84eaf943.svs SLD-ec4f4490.svs
6813,SLD-346d2b7e.svs
6814,SLD-8a647b9f.svs SLD-35c3de95.svs SLD-e46232e7.svs
6815,SLD-99e8c828.svs SLD-dc68d4fd.svs
6816,SLD-15db4487.svs SLD-603803f3.svs SLD-2b2bcfda.svs SLD-444517ef.svs SLD-bb5f15c1.svs SLD-9d4319b5.svs
6817,SLD-98decbf6.svs SLD-e368f7d2.svs SLD-b13bad4e.svs SLD-23d83f22.svs
6818,SLD-4c88b9d8.svs SLD-8f42cebe.svs SLD-a1d20ebc.svs SLD-ab12fb53.svs SLD-5aa3892a.svs SLD-79009c61.svs
6819,SLD-1bce35d8.svs
6820,SLD-61994015.svs
6821,SLD-11ab249d.svs
6822,SLD-38a7ac54.svs SLD-25323fd3.svs SLD-c9f35bf8.svs
6823,SLD-01ce5fc6.svs SLD-dcae667e.svs
6824,SLD-353e0c86.svs SLD-24aeba79.svs SLD-00d3d1af.svs SLD-ac7b7ab2.svs
6825,SLD-69083bd6.svs SLD-061f5679.svs SLD-c674d244.svs
6826,SLD-31234efe.svs SLD-6e648043.svs SLD-1058fe8c.svs
6827,SLD-00fdec23.svs SLD-598ca3b4.svs SLD-a795ac54.svs SLD-23f1b67e.svs SLD-4a30f7cd.svs SLD-104dff66.svs
6828,SLD-f97ccc57.svs
6829,SLD-58e760bf.svs SLD-8f3e64f4.svs SLD-18f7e499.svs
6830,SLD-5b61f92b.svs SLD-76a933cf.svs SLD-07fe6a4e.svs SLD-2a6f1e47.svs
6831,SLD-63b74101.svs SLD-4fae667b.svs SLD-b2e74e77.svs SLD-a5387901.svs SLD-0b4cba0a.svs
6832,SLD-ec3826bc.svs SLD-cfe4fb66.svs SLD-3a8d1c00.svs SLD-40fe81ec.svs
6833,SLD-e139d15d.svs SLD-37d316a4.svs SLD-3fafa217.svs SLD-bc6ff6ac.svs SLD-bb9e5a02.svs
6834,SLD-acf606fc.svs SLD-6637c09f.svs SLD-3b8f5fc7.svs SLD-4fab2ad8.svs SLD-849648e8.svs SLD-7c96eefa.svs
6835,SLD-f9df7275.svs SLD-61994015.svs SLD-9da28338.svs SLD-074f3be0.svs SLD-0a8bc856.svs SLD-f45c8840.svs SLD-c3edd9b7.svs
6836,SLD-350d278d.svs SLD-65e04993.svs SLD-33a1d1c2.svs SLD-1e70e799.svs SLD-7f411fed.svs SLD-c09fcd8f.svs
6837,SLD-44f20133.svs
6838,SLD-0b4cba0a.svs SLD-cbf8e26a.svs SLD-69f12ccd.svs SLD-4fae667b.svs
6839,SLD-cf085288.svs
6840,SLD-d216ad53.svs SLD-f22a4fc6.svs
6841,SLD-79b68b95.svs
6842,SLD-3e1fa8ac.svs SLD-35bbcdb0.svs
6843,SLD-17776c3a.svs SLD-39ebfa32.svs
6844,SLD-70bc3ec1.svs SLD-4d29d77a.svs SLD-4bc01de3.svs
6845,SLD-b58c1e9f.svs SLD-daa6b26a.svs
6846,SLD-dd55daaf.svs SLD-c30759a4.svs SLD-fefc5b4a.svs
6847,SLD-ad4ab155.svs
6848,SLD-86fadb0e.svs SLD-c857d8c3.svs SLD-579e9a46.svs SLD-8df7a267.svs SLD-fd768f63.svs
6849,SLD-3a8d1c00.svs SLD-cfe4fb66.svs
6850,SLD-a2698c2d.svs SLD-b934718f.svs SLD-956c2129.svs
6851,SLD-ed7a6edf.svs SLD-b7c144fb.svs SLD-6d5b7d50.svs SLD-dd5aacc7.svs
6852,SLD-84eaf943.svs
6853,SLD-ad0cabfc.svs SLD-7b0f78c1.svs SLD-517fa07e.svs
6854,SLD-79017990.svs SLD-43eb280e.svs SLD-64e322cf.svs
6855,SLD-9c899296.svs SLD-92b035e0.svs
6856,SLD-6bf4d047.svs SLD-3f7a2748.svs
6857,SLD-24eac3f4.svs SLD-b6a659ef.svs
6858,SLD-5f2e9167.svs SLD-a0f9c074.svs
6859,SLD-21da132c.svs
6860,SLD-4a8b77da.svs SLD-583678ee.svs
6861,SLD-357f0a64.svs SLD-1db1dfdc.svs SLD-d59b148f.svs SLD-62d59938.svs SLD-f8cc3f3b.svs SLD-402988fd.svs
6862,SLD-1417d4f9.svs SLD-dd5aacc7.svs
6863,SLD-42965873.svs SLD-abecfc0b.svs SLD-39d5b552.svs SLD-b9cde60c.svs SLD-581ba307.svs SLD-a8e6a772.svs SLD-ab1e6794.svs
6864,SLD-254bf7ae.svs SLD-ec41e6f6.svs
6865,SLD-e413961f.svs SLD-8805ae31.svs SLD-4384860c.svs SLD-cdfa4cc8.svs
6866,SLD-66dfeb1e.svs SLD-b4134208.svs SLD-232f8c5b.svs
6867,SLD-3421beaf.svs SLD-1624d318.svs SLD-c149fa8e.svs SLD-0078cb12.svs
6868,SLD-64aba3f6.svs SLD-7a658abe.svs SLD-90ed41f4.svs
6869,SLD-0021b632.svs SLD-e7aad070.svs SLD-5153f737.svs SLD-8e4a295d.svs
6870,SLD-a4a98266.svs SLD-8463416a.svs SLD-e0efc989.svs SLD-2ab465e9.svs SLD-06999e1e.svs SLD-fe656bef.svs
6871,SLD-deffed7a.svs SLD-20ca35ab.svs SLD-476c4878.svs SLD-3fee2fc7.svs SLD-38553ac8.svs
6872,SLD-18c8ece6.svs SLD-8ecb4971.svs SLD-c82a6c15.svs SLD-d61a43f2.svs SLD-378b094c.svs SLD-393031a6.svs
6873,SLD-24eac3f4.svs
6874,SLD-a2834536.svs SLD-06792b47.svs SLD-53f04099.svs
6875,SLD-cb775e24.svs
6876,SLD-c3a31607.svs SLD-3956fba9.svs SLD-f5652d00.svs SLD-c67781b2.svs SLD-3db612f4.svs SLD-72323dc9.svs
6877,SLD-22c71d04.svs SLD-ec071cf1.svs SLD-376e22a6.svs
6878,SLD-efa2ce12.svs SLD-2c805ac7.svs SLD-11fba56e.svs SLD-8c833848.svs SLD-6c835975.svs
6879,SLD-09c64c1d.svs
6880,SLD-3346f7c6.svs SLD-53a9ec5d.svs SLD-681091fe.svs
6881,SLD-c90853fd.svs
6882,SLD-553a773a.svs
6883,SLD-4a82e06a.svs
6884,SLD-bc18a40b.svs
6885,SLD-ec41e6f6.svs SLD-e44fc3a9.svs SLD-6d0c62c3.svs SLD-6c0be55c.svs
6886,SLD-23b870f3.svs SLD-5aa3892a.svs SLD-8f42cebe.svs SLD-77cb1a27.svs
6887,SLD-29530a13.svs SLD-d1cae193.svs SLD-03927935.svs SLD-059ebb2e.svs
6888,SLD-03927935.svs SLD-8d5f52c0.svs SLD-e8751766.svs SLD-059ebb2e.svs
6889,SLD-552ae5ca.svs SLD-f164f9d8.svs SLD-10cc8711.svs SLD-91fcfe88.svs SLD-4124405b.svs
6890,SLD-261cec19.svs SLD-afdb4e0b.svs SLD-fff83cec.svs
6891,SLD-93a25c9b.svs
6892,SLD-a0d9da58.svs SLD-3db4cb81.svs SLD-b2e02961.svs
6893,SLD-488cac4e.svs SLD-5a9414b8.svs SLD-c15648ff.svs
6894,SLD-3bcab3ea.svs SLD-90a2b8e1.svs SLD-141bd896.svs SLD-55e9718e.svs SLD-d26d028d.svs
6895,SLD-c2112eda.svs SLD-4643d705.svs SLD-f1e7ea9b.svs SLD-e44a01f6.svs
6896,SLD-7e56ac3d.svs SLD-91fcfe88.svs SLD-552ae5ca.svs
6897,SLD-4fdc1351.svs SLD-542d19c0.svs SLD-a629d332.svs SLD-fc9ea692.svs SLD-ba626aee.svs SLD-c90853fd.svs SLD-2d4ba5a4.svs
6898,SLD-56e9b78d.svs SLD-315e8080.svs SLD-8ec9ea98.svs
6899,SLD-4bc01de3.svs
6900,SLD-951a0518.svs SLD-88653e42.svs SLD-f367dbe2.svs SLD-e9184b9f.svs SLD-39b66d71.svs
6901,SLD-f8542953.svs SLD-34367eaa.svs
6902,SLD-dcae667e.svs
6903,SLD-501049e2.svs SLD-39b66d71.svs
6904,SLD-14e16706.svs SLD-852d2ee5.svs SLD-bdb62ff3.svs SLD-d9073286.svs SLD-329cd43a.svs
6905,SLD-e44fc3a9.svs
6906,SLD-6bf4d047.svs
6907,SLD-f0041e32.svs
6908,SLD-f1c51dda.svs SLD-2cb38568.svs SLD-291a58af.svs
6909,SLD-88239867.svs SLD-ef208346.svs
6910,SLD-5d443821.svs SLD-64e322cf.svs
6911,SLD-a8e6a772.svs SLD-581ba307.svs SLD-b9cde60c.svs SLD-42965873.svs SLD-39d5b552.svs SLD-abecfc0b.svs
6912,SLD-b259a6a0.svs SLD-aaa28439.svs SLD-c6962905.svs SLD-7c8d5368.svs SLD-40fe81ec.svs SLD-cfe4fb66.svs SLD-ec3826bc.svs
6913,SLD-2f16fb50.svs SLD-4a82e06a.svs SLD-82221345.svs SLD-c13e66af.svs
6914,SLD-113c1836.svs SLD-d89331ac.svs SLD-fde9d47d.svs SLD-c110412c.svs
6915,SLD-31cb5e8e.svs
6916,SLD-d5511e14.svs SLD-beb778d6.svs SLD-ae63ad3a.svs SLD-2b021118.svs SLD-8625dcb0.svs SLD-3f79dd31.svs
6917,SLD-57030ede.svs
6918,SLD-3cc4f772.svs SLD-d4088ff7.svs SLD-d216ad53.svs
6919,SLD-fa3222c4.svs SLD-920c3de9.svs SLD-432fb308.svs
6920,SLD-a1832fdb.svs SLD-f0fcccc6.svs SLD-fb46ed39.svs SLD-ae2562ca.svs SLD-8772c347.svs SLD-31cb5e8e.svs
6921,SLD-29c836e0.svs SLD-b7ae7758.svs SLD-5b45cf5a.svs SLD-8eafb323.svs SLD-702a5b67.svs
6922,SLD-552ae5ca.svs
6923,SLD-df8693ce.svs SLD-ffeb5d5f.svs SLD-1dbc24fd.svs
6924,SLD-848610cf.svs
6925,SLD-8a83efc8.svs
6926,SLD-a36bcb01.svs SLD-6c596216.svs SLD-905c053b.svs SLD-67e98363.svs
6927,SLD-c149fa8e.svs SLD-0078cb12.svs SLD-4b7350d1.svs SLD-3421beaf.svs
6928,SLD-2347b24f.svs
6929,SLD-6e927501.svs SLD-ea75e34d.svs SLD-f902d6c0.svs
6930,SLD-e3d48408.svs SLD-6af944e0.svs SLD-7de8a234.svs SLD-2412579d.svs
6931,SLD-d13ec39c.svs SLD-b8f35c26.svs SLD-5cb6f1f0.svs SLD-7b0f78c1.svs SLD-517fa07e.svs
6932,SLD-50ae2652.svs SLD-b9f94ec6.svs SLD-4aaeb212.svs SLD-f19b43da.svs SLD-356af737.svs SLD-0f2670d2.svs
6933,SLD-566ff3ec.svs SLD-6480fdc0.svs SLD-cda6a326.svs SLD-f1c58f44.svs SLD-7e083c1b.svs SLD-451437d6.svs SLD-03c8e104.svs
6934,SLD-f1e7ea9b.svs SLD-e44a01f6.svs SLD-c2112eda.svs SLD-2f6570d7.svs SLD-3df8eeef.svs
6935,SLD-6aeb5a32.svs SLD-fec24805.svs SLD-9d0b6f5e.svs
6936,SLD-603803f3.svs SLD-444517ef.svs SLD-2b2bcfda.svs SLD-cb18d6a4.svs SLD-15db4487.svs SLD-bb5f15c1.svs
6937,SLD-2f16fb50.svs SLD-50de4292.svs SLD-4a82e06a.svs SLD-82221345.svs SLD-390a9016.svs SLD-c13e66af.svs
6938,SLD-0dcf035b.svs SLD-a604e5af.svs SLD-aa66b464.svs SLD-f4db1c1e.svs SLD-f46860a2.svs SLD-a1c2d9bf.svs SLD-8420b8d9.svs
6939,SLD-566ff3ec.svs SLD-6480fdc0.svs SLD-03c8e104.svs
6940,SLD-5c949381.svs SLD-25777cf0.svs SLD-d3b564b0.svs SLD-60c6b3ed.svs SLD-32ae2a20.svs
6941,SLD-4b7350d1.svs SLD-a32652e8.svs SLD-3421beaf.svs SLD-1624d318.svs SLD-0078cb12.svs SLD-7bb8c2f1.svs
6942,SLD-614f1ddc.svs SLD-0a9d499c.svs SLD-a2698c2d.svs SLD-531da6ac.svs
6943,SLD-f4dd05d5.svs SLD-a1cba182.svs SLD-ca20854d.svs
6944,SLD-6a594b07.svs
6945,SLD-9d263e76.svs SLD-cef980ce.svs SLD-dd9539fc.svs SLD-f7cd0b75.svs SLD-c471e21a.svs
6946,SLD-76a933cf.svs SLD-2a6f1e47.svs SLD-5b61f92b.svs SLD-65fd5f69.svs
6947,SLD-da54f267.svs
6948,SLD-399f8a8f.svs SLD-843b2a7d.svs SLD-ea5f24b6.svs
6949,SLD-8d3ac4b9.svs SLD-2fb01074.svs SLD-25323fd3.svs SLD-26b1caba.svs SLD-38a7ac54.svs SLD-4d03cbdd.svs SLD-cc869dea.svs
6950,SLD-e4bacd78.svs SLD-8930d179.svs SLD-cb775e24.svs SLD-52ab793f.svs SLD-4168705a.svs SLD-533c9a31.svs
6951,SLD-6d7fe9b2.svs SLD-739ac9e2.svs SLD-d560e64c.svs SLD-5a31a6a6.svs SLD-9b87cc5e.svs
6952,SLD-f5652d00.svs SLD-40d2d16f.svs SLD-c67781b2.svs SLD-72323dc9.svs SLD-c3a31607.svs SLD-6df2fc82.svs
6953,SLD-2cb38568.svs
6954,SLD-61067a8c.svs SLD-4b5ca436.svs SLD-b7d779cc.svs
6955,SLD-abf0f4bd.svs
6956,SLD-b287c440.svs SLD-daa6b26a.svs
6957,SLD-b5e2834d.svs SLD-53ff6644.svs SLD-4741ee56.svs SLD-5ac5f4f0.svs SLD-d47133e7.svs SLD-919c21ed.svs SLD-907d8532.svs
6958,SLD-353e0c86.svs
6959,SLD-f164f9d8.svs SLD-7e56ac3d.svs
6960,SLD-571c9d78.svs SLD-fa7bff5f.svs SLD-f8cc3f3b.svs SLD-62d59938.svs
6961,SLD-4d03cbdd.svs
6962,SLD-f3ca5f64.svs SLD-5cfa38b1.svs
6963,SLD-18f7e499.svs SLD-8f3e64f4.svs SLD-dfecb2ae.svs SLD-c7afae8f.svs SLD-57d1d37c.svs SLD-af8c96a9.svs SLD-58e760bf.svs
6964,SLD-c2953f51.svs
6965,SLD-4b7350d1.svs
6966,SLD-33b5b3ce.svs SLD-7fa74d8a.svs SLD-8af58903.svs SLD-a2939b3b.svs
6967,SLD-53ff6644.svs
6968,SLD-da98da57.svs SLD-6951743e.svs SLD-698eecba.svs
6969,SLD-35c3de95.svs SLD-b44788bd.svs SLD-5e2d2454.svs SLD-0bee2ebd.svs SLD-05727bb5.svs
6970,SLD-05f2b928.svs SLD-cef980ce.svs SLD-beb9c9e2.svs SLD-9d263e76.svs SLD-dd9539fc.svs SLD-f7cd0b75.svs SLD-c471e21a.svs
6971,SLD-25d203e3.svs SLD-5df5672b.svs SLD-aab6941b.svs SLD-d466c772.svs SLD-59e8484c.svs
6972,SLD-6e648043.svs
6973,SLD-5bbdd1f4.svs SLD-3c740119.svs
6974,SLD-e47638ec.svs SLD-22c71d04.svs SLD-a9fa4ea6.svs SLD-584d3c02.svs
6975,SLD-64d02759.svs SLD-13f2a37c.svs
6976,SLD-92a651d7.svs SLD-1aff71ae.svs SLD-c069c542.svs SLD-24039721.svs SLD-6f1bdd07.svs
6977,SLD-6c749cf4.svs SLD-854df9b6.svs SLD-2b66b1c0.svs
6978,SLD-a92d6b05.svs SLD-e10b4aad.svs SLD-7ea496f5.svs SLD-8e36b82f.svs SLD-cf2a2198.svs
6979,SLD-b7a02afd.svs SLD-789a2829.svs SLD-30d6863f.svs SLD-8a663359.svs SLD-1c5e1698.svs SLD-0b09ec41.svs SLD-abe0a177.svs
6980,SLD-88a0edce.svs SLD-e413961f.svs SLD-fb0a6a90.svs
6981,SLD-0ef05b6f.svs SLD-ed4879e7.svs SLD-2a0b2040.svs SLD-e30d04fd.svs SLD-efd164ee.svs
6982,SLD-f5a3e893.svs SLD-2cbb93c2.svs
6983,SLD-6c749cf4.svs
6984,SLD-e46232e7.svs SLD-05727bb5.svs SLD-5e2d2454.svs SLD-35c3de95.svs
6985,SLD-ae2562ca.svs SLD-fb46ed39.svs SLD-28948b4c.svs SLD-f0fcccc6.svs
6986,SLD-03ea038f.svs SLD-c095e099.svs SLD-f8542953.svs SLD-bb00d206.svs
6987,SLD-bda31488.svs
6988,SLD-f489362c.svs SLD-10345193.svs
6989,SLD-95e19cb6.svs SLD-698eecba.svs SLD-dfb87708.svs SLD-ca6cb87c.svs SLD-6951743e.svs
6990,SLD-ef208346.svs SLD-88239867.svs
6991,SLD-32ae2a20.svs SLD-755a3ac1.svs SLD-60c6b3ed.svs SLD-5c949381.svs
6992,SLD-b49b93d5.svs SLD-45a16970.svs SLD-43a061c4.svs SLD-1e709e19.svs SLD-6e05724d.svs
6993,SLD-38a7ac54.svs SLD-c9f35bf8.svs SLD-8d3ac4b9.svs SLD-2fb01074.svs
6994,SLD-ed469bf4.svs SLD-688181a8.svs SLD-5b9e42d0.svs SLD-d5cf2dc4.svs SLD-0dd35d11.svs
6995,SLD-68f49b51.svs
6996,SLD-ba626aee.svs SLD-a629d332.svs
6997,SLD-e38690e7.svs
6998,SLD-3956fba9.svs SLD-c3a31607.svs SLD-72323dc9.svs SLD-f5652d00.svs SLD-c67781b2.svs SLD-6df2fc82.svs
6999,SLD-55e9718e.svs
7000,SLD-8d5f52c0.svs SLD-03927935.svs SLD-059ebb2e.svs
7001,SLD-beb9c9e2.svs SLD-c471e21a.svs SLD-9d263e76.svs SLD-cef980ce.svs
7002,SLD-0a8bc856.svs SLD-074f3be0.svs
7003,SLD-7984f33f.svs
7004,SLD-6c148fc6.svs SLD-246cb09c.svs SLD-8cffbbb1.svs SLD-ed28508d.svs SLD-9750ca7e.svs
7005,SLD-01424249.svs SLD-e1a9344e.svs
7006,SLD-1349747a.svs
7007,SLD-a94501d7.svs SLD-5028361f.svs SLD-5121f31f.svs
7008,SLD-00f520f4.svs
7009,SLD-402988fd.svs SLD-f8cc3f3b.svs SLD-d59b148f.svs
7010,SLD-1ee1723b.svs SLD-722c353d.svs
7011,SLD-8b1f1137.svs SLD-848610cf.svs SLD-c5826444.svs SLD-d21276c2.svs
7012,SLD-6c0be55c.svs SLD-ec41e6f6.svs SLD-e44fc3a9.svs SLD-6d0c62c3.svs SLD-f20b575d.svs
7013,SLD-2d492ca2.svs SLD-4bc972ce.svs SLD-956c2129.svs SLD-614f1ddc.svs SLD-b934718f.svs
7014,SLD-1519401c.svs SLD-d21276c2.svs SLD-79faf501.svs
7015,SLD-34367eaa.svs SLD-bb00d206.svs
7016,SLD-52177eb7.svs SLD-e6b920da.svs SLD-3438b4e4.svs
7017,SLD-409b3c5b.svs SLD-11ab249d.svs SLD-469fc269.svs
7018,SLD-531da6ac.svs SLD-2d492ca2.svs SLD-a2698c2d.svs SLD-b934718f.svs SLD-956c2129.svs SLD-4bc972ce.svs SLD-0a9d499c.svs
7019,SLD-6a480542.svs SLD-07dc02b1.svs SLD-f45da406.svs SLD-c618fc1e.svs SLD-1965e435.svs
7020,SLD-4332559d.svs SLD-120961ea.svs
7021,SLD-01424249.svs SLD-b4577bf7.svs SLD-e1a9344e.svs
7022,SLD-1a9e8547.svs SLD-9b87cc5e.svs SLD-5a31a6a6.svs
7023,SLD-755a3ac1.svs
7024,SLD-00cbd313.svs
7025,SLD-ca3c4050.svs SLD-697b8538.svs SLD-75fc1b10.svs SLD-0ff73f25.svs SLD-33251c76.svs SLD-b8d13539.svs
7026,SLD-c846bf90.svs SLD-8476af98.svs
7027,SLD-755a3ac1.svs SLD-32ae2a20.svs SLD-1ac902ee.svs SLD-d3b564b0.svs
7028,SLD-650dd400.svs SLD-f0bd7405.svs
7029,SLD-272eaa36.svs
7030,SLD-fd768f63.svs SLD-c857d8c3.svs SLD-5163de1d.svs SLD-b4a06976.svs SLD-86fadb0e.svs SLD-579e9a46.svs
7031,SLD-fec24805.svs SLD-196d362d.svs SLD-9d0b6f5e.svs SLD-f48ef9a8.svs
7032,SLD-4124405b.svs SLD-dc2151e1.svs SLD-91fcfe88.svs SLD-7e56ac3d.svs
7033,SLD-a1ab17c0.svs
7034,SLD-e6e4b8df.svs SLD-0b6d9611.svs SLD-f4dd05d5.svs SLD-7499b28c.svs SLD-1349747a.svs SLD-a1cba182.svs
7035,SLD-7f6bf51b.svs SLD-4fbe2aae.svs
7036,SLD-e8751766.svs SLD-29530a13.svs SLD-d1cae193.svs SLD-a31ca36b.svs SLD-7ed61f4e.svs SLD-03927935.svs
7037,SLD-583678ee.svs SLD-5cfa38b1.svs
7038,SLD-990e8f01.svs SLD-6d5b7d50.svs SLD-1417d4f9.svs SLD-9ed9c124.svs
7039,SLD-62276cbc.svs SLD-a6245b59.svs SLD-8c94af98.svs SLD-58bf3b9e.svs SLD-c707aef9.svs SLD-c6c3744c.svs SLD-c88e03b6.svs
7040,SLD-3fbdaeed.svs SLD-723dc8f5.svs SLD-e5a15243.svs SLD-c7281f15.svs SLD-c2eaf172.svs SLD-735b3a80.svs SLD-b5cbb690.svs
7041,SLD-a2834536.svs SLD-95decd6e.svs SLD-5df2e073.svs SLD-8d99743c.svs
7042,SLD-a1fdcdf1.svs
7043,SLD-f3254f2d.svs
7044,SLD-92a651d7.svs
7045,SLD-cfe4fb66.svs SLD-7c8d5368.svs SLD-aaa28439.svs
7046,SLD-2fb01074.svs SLD-cc869dea.svs SLD-38a7ac54.svs SLD-4d03cbdd.svs SLD-8d3ac4b9.svs
7047,SLD-a8b56f85.svs SLD-98ba0f0e.svs
7048,SLD-4fbe2aae.svs SLD-7ee1a2a3.svs SLD-398071b1.svs SLD-4642cddb.svs SLD-d6ada066.svs
7049,
7050,SLD-bdaa3bfa.svs SLD-9750ca7e.svs SLD-246cb09c.svs
7051,SLD-1c2c7a34.svs SLD-94665d45.svs SLD-81011c5b.svs SLD-f110397a.svs
7052,SLD-e65d1c73.svs SLD-9f93e802.svs SLD-e1c25cd1.svs
7053,SLD-54a1d505.svs SLD-de62d43f.svs
7054,SLD-4168705a.svs SLD-cb775e24.svs SLD-74aba9fc.svs SLD-52ab793f.svs SLD-8930d179.svs
7055,SLD-94d7f681.svs
7056,SLD-afdb4e0b.svs SLD-b7ed75b4.svs
7057,SLD-a32652e8.svs SLD-3421beaf.svs SLD-0078cb12.svs SLD-7bb8c2f1.svs SLD-4b7350d1.svs SLD-a1ab17c0.svs SLD-1624d318.svs
7058,SLD-5df2e073.svs SLD-95decd6e.svs SLD-a2834536.svs SLD-813dd49a.svs
7059,SLD-cdfa4cc8.svs
7060,SLD-4643d705.svs SLD-ed2ee36f.svs
7061,SLD-35bbcdb0.svs SLD-dba620f1.svs SLD-c315d334.svs SLD-bda31488.svs SLD-3e1fa8ac.svs
7062,SLD-5bbdd1f4.svs SLD-269b6c3b.svs SLD-4af0a6fe.svs SLD-754724dd.svs SLD-3c740119.svs SLD-7f107645.svs
7063,SLD-2a0b2040.svs SLD-b287c440.svs SLD-daa6b26a.svs
7064,SLD-35bbcdb0.svs SLD-3e1fa8ac.svs SLD-dba620f1.svs
7065,SLD-cbe88a3f.svs SLD-1bce35d8.svs SLD-b02de52c.svs
7066,SLD-277dfc7b.svs SLD-4a9686a4.svs
7067,SLD-d89331ac.svs SLD-fde9d47d.svs SLD-77f4531b.svs SLD-258694b6.svs SLD-c110412c.svs SLD-38431ed6.svs SLD-113c1836.svs
7068,SLD-8fad725d.svs SLD-581332c2.svs SLD-fec24805.svs SLD-f48ef9a8.svs
7069,SLD-6d0c62c3.svs SLD-e44fc3a9.svs SLD-90e639e1.svs SLD-ec41e6f6.svs SLD-f20b575d.svs SLD-254bf7ae.svs SLD-1d0ab994.svs
7070,SLD-e4bacd78.svs
7071,SLD-3fafa217.svs SLD-37d316a4.svs
7072,SLD-e355c369.svs SLD-b931a26d.svs SLD-69083bd6.svs
7073,SLD-9c19ed34.svs SLD-a2939b3b.svs SLD-33b5b3ce.svs SLD-ab899605.svs SLD-8af58903.svs
7074,SLD-9e0df45b.svs SLD-084fa819.svs
7075,SLD-28600311.svs SLD-3e1fa8ac.svs
7076,SLD-2d20481a.svs SLD-547e3918.svs SLD-3f2de8a8.svs SLD-d4088ff7.svs SLD-3cc4f772.svs
7077,SLD-7f6b8793.svs SLD-55c7ed9d.svs SLD-1db2b452.svs SLD-09aedbd0.svs SLD-6d316b4a.svs SLD-b318ad4c.svs
7078,SLD-a31ca36b.svs
7079,SLD-d216ad53.svs
7080,SLD-0ecfb95b.svs SLD-a3155940.svs SLD-605dd4d6.svs SLD-a1fdcdf1.svs SLD-877a2133.svs SLD-5e87905a.svs
7081,SLD-4f8e3e01.svs SLD-cda6a326.svs SLD-f1c58f44.svs SLD-6480fdc0.svs
7082,SLD-b2e02961.svs SLD-6fdc5e00.svs
7083,SLD-01ce5fc6.svs SLD-8f08963c.svs SLD-dcae667e.svs SLD-96248805.svs
7084,SLD-7b0f78c1.svs
7085,SLD-4d29d77a.svs SLD-d197b561.svs
7086,SLD-00d3d1af.svs SLD-346d2b7e.svs
7087,SLD-c15648ff.svs SLD-df0d6301.svs SLD-488cac4e.svs
7088,SLD-e30d04fd.svs
7089,SLD-b6e355f6.svs SLD-fd0ba70e.svs SLD-5e4af862.svs SLD-ade6c5e9.svs SLD-385af463.svs
7090,SLD-c6be6432.svs SLD-a09f1aed.svs SLD-809e2109.svs SLD-c7867a38.svs
7091,SLD-2b2bcfda.svs SLD-b0445ebb.svs
7092,SLD-28600311.svs SLD-c315d334.svs SLD-96062930.svs
7093,SLD-ed0d0418.svs SLD-61c61ae4.svs SLD-2d58bce9.svs
7094,SLD-ff88ec82.svs SLD-9c19ed34.svs SLD-a2939b3b.svs
7095,SLD-e4b82987.svs SLD-a8b56f85.svs
7096,SLD-8420b8d9.svs SLD-a1c2d9bf.svs SLD-0dcf035b.svs SLD-b261d0d2.svs SLD-f46860a2.svs SLD-a604e5af.svs SLD-aa66b464.svs
7097,SLD-8b32992a.svs SLD-3b7c1f9a.svs SLD-ad9d1f42.svs SLD-c3121af6.svs SLD-17b18e6e.svs SLD-7f67ee1a.svs
7098,SLD-82f4b48a.svs
7099,SLD-b080e003.svs SLD-9ad7558f.svs
7100,SLD-a02ebb76.svs SLD-5cfa38b1.svs
7101,SLD-14d4dad6.svs
7102,SLD-ef7dee1a.svs SLD-c846bf90.svs
7103,SLD-becba4c8.svs SLD-338f4acf.svs
7104,SLD-9c272c51.svs SLD-3e2b6653.svs
7105,SLD-6e927501.svs SLD-5bd71dc6.svs
7106,SLD-64d02759.svs SLD-12bdf75f.svs
7107,SLD-284b7bcd.svs
7108,SLD-357f0a64.svs
7109,SLD-437249fd.svs SLD-2db6de21.svs
7110,SLD-142a6c95.svs
7111,SLD-14e16706.svs SLD-329cd43a.svs SLD-bdb62ff3.svs SLD-d9073286.svs SLD-7751b3fa.svs SLD-852d2ee5.svs
7112,SLD-9c2e5562.svs
7113,SLD-919c21ed.svs SLD-53ff6644.svs SLD-4741ee56.svs SLD-b5e2834d.svs SLD-907d8532.svs SLD-d47133e7.svs SLD-2076d932.svs
7114,SLD-ac7b7ab2.svs SLD-a8b56f85.svs
7115,SLD-f8db1a4d.svs SLD-a9fa4ea6.svs SLD-376e22a6.svs SLD-584d3c02.svs SLD-22c71d04.svs SLD-e47638ec.svs
7116,SLD-ad0cabfc.svs SLD-b8f35c26.svs
7117,SLD-af3cb9d0.svs SLD-ac98a368.svs
7118,SLD-e4751694.svs SLD-d13ec39c.svs SLD-517fa07e.svs
7119,SLD-79b68b95.svs SLD-4d29d77a.svs SLD-d197b561.svs
7120,SLD-2ab465e9.svs SLD-fe656bef.svs SLD-a4a98266.svs SLD-d97d2b38.svs SLD-d3d6362b.svs SLD-e0efc989.svs
7121,SLD-6279d944.svs SLD-4fee7144.svs
7122,SLD-ccd66756.svs
7123,SLD-96248805.svs SLD-8f08963c.svs
7124,SLD-0e96ed9b.svs
7125,SLD-24aeba79.svs SLD-a8b56f85.svs SLD-98ba0f0e.svs SLD-346d2b7e.svs SLD-353e0c86.svs SLD-ac7b7ab2.svs
7126,SLD-a27ee80d.svs SLD-70c455a9.svs SLD-6d3f4b37.svs SLD-650dd400.svs SLD-10b2e6e5.svs
7127,SLD-c095e099.svs
7128,SLD-4312ece2.svs
7129,SLD-bc18a40b.svs
7130,SLD-f489362c.svs SLD-7c2b940d.svs
7131,SLD-028d042b.svs SLD-078548d7.svs SLD-1f12a0e9.svs SLD-586f1721.svs
7132,SLD-0262a5aa.svs SLD-f2d7fe55.svs SLD-edec31ef.svs SLD-e8ef99e9.svs SLD-7afc50cd.svs
7133,SLD-5121f31f.svs SLD-def1274a.svs SLD-fa4b0bc6.svs SLD-13801f25.svs SLD-a94501d7.svs
7134,SLD-32ae2a20.svs SLD-60c6b3ed.svs SLD-755a3ac1.svs SLD-8be04c3e.svs SLD-d3b564b0.svs SLD-5c949381.svs
7135,SLD-e1bccfb2.svs SLD-c1fa924e.svs SLD-9c14940d.svs
7136,SLD-d560e64c.svs SLD-55f7792a.svs
7137,SLD-5a220eb2.svs
7138,SLD-848610cf.svs SLD-1519401c.svs SLD-c5826444.svs SLD-0ea255e0.svs
7139,SLD-3df8eeef.svs SLD-4643d705.svs
7140,SLD-afb120f4.svs SLD-14d4dad6.svs
7141,SLD-1db2b452.svs SLD-4d4985dc.svs
7142,SLD-4b5ca436.svs
7143,SLD-e9e7e1ba.svs SLD-06c4e109.svs SLD-6b325d48.svs SLD-c9a6e611.svs SLD-afb9f3a8.svs SLD-916b51ee.svs
7144,SLD-9ed9c124.svs SLD-990e8f01.svs
7145,SLD-723dc8f5.svs SLD-b5cbb690.svs SLD-b17078ee.svs SLD-3fbdaeed.svs SLD-c7281f15.svs SLD-e5a15243.svs SLD-735b3a80.svs
7146,SLD-b3c161c3.svs SLD-0542bd75.svs SLD-64d02759.svs
7147,SLD-735b3a80.svs SLD-e5a15243.svs SLD-b5cbb690.svs SLD-b17078ee.svs SLD-c7281f15.svs SLD-c2eaf172.svs SLD-723dc8f5.svs
7148,SLD-dcff697d.svs SLD-d26d028d.svs
7149,SLD-23b870f3.svs SLD-79009c61.svs
7150,SLD-3438b4e4.svs SLD-4b1678e4.svs SLD-f642c8f3.svs SLD-70f8dd99.svs SLD-ba6a098f.svs SLD-52177eb7.svs SLD-e6b920da.svs
7151,SLD-ca20854d.svs SLD-a1cba182.svs SLD-e6e4b8df.svs SLD-0b6d9611.svs SLD-5b471c43.svs
7152,SLD-3cc4f772.svs SLD-d4088ff7.svs SLD-f22a4fc6.svs SLD-3f2de8a8.svs SLD-d216ad53.svs SLD-d7133061.svs
7153,SLD-992a34a1.svs SLD-26c00984.svs
7154,SLD-93a25c9b.svs
7155,SLD-0a1727f7.svs
7156,SLD-614f1ddc.svs SLD-531da6ac.svs SLD-a2698c2d.svs SLD-2d492ca2.svs SLD-4bc972ce.svs SLD-956c2129.svs SLD-0a9d499c.svs
7157,SLD-dfec4623.svs SLD-7fa74d8a.svs SLD-a2939b3b.svs
7158,SLD-b13bad4e.svs SLD-42734d1c.svs SLD-23d83f22.svs
7159,SLD-4741ee56.svs SLD-53ff6644.svs
7160,SLD-01ce5fc6.svs SLD-8f08963c.svs SLD-32d116fe.svs
7161,SLD-03ea038f.svs SLD-bb00d206.svs
7162,SLD-0078cb12.svs SLD-3421beaf.svs SLD-7bb8c2f1.svs
7163,SLD-a25130a8.svs
7164,SLD-7a658abe.svs
7165,SLD-5bf57279.svs SLD-a1d53402.svs
7166,SLD-5bf57279.svs SLD-a1d53402.svs SLD-5bd71dc6.svs SLD-669ff1b9.svs
7167,SLD-fc9ea692.svs
7168,SLD-b270af55.svs SLD-1eda4209.svs SLD-5f2e9167.svs SLD-1f9078d5.svs SLD-a0f9c074.svs
7169,SLD-6af944e0.svs SLD-e3d48408.svs SLD-7b38785b.svs SLD-f11ddff7.svs SLD-7de8a234.svs
7170,SLD-c3a31607.svs SLD-f5652d00.svs SLD-3956fba9.svs
7171,SLD-53ff6644.svs
7172,SLD-f22a4fc6.svs SLD-d4088ff7.svs SLD-3f2de8a8.svs
7173,SLD-c602bd20.svs SLD-53e83663.svs SLD-9c14940d.svs
7174,SLD-b9cde60c.svs SLD-581ba307.svs
7175,SLD-17b18e6e.svs
7176,SLD-6951743e.svs
7177,SLD-e44fc3a9.svs
7178,SLD-f5feba5e.svs SLD-ad9d1f42.svs SLD-c3121af6.svs SLD-c2953f51.svs SLD-8b32992a.svs
7179,SLD-be3feafd.svs SLD-a217cf25.svs SLD-0e96ed9b.svs
7180,SLD-58bf3b9e.svs SLD-c6c3744c.svs SLD-31e9ca80.svs
7181,SLD-01424249.svs SLD-b4577bf7.svs SLD-fb24cba4.svs SLD-955fbc33.svs
7182,SLD-47595b01.svs SLD-f3254f2d.svs SLD-2c805ac7.svs
7183,SLD-5e7f503c.svs SLD-2452bc39.svs SLD-3b9cea95.svs
7184,SLD-8805ae31.svs SLD-68c6dd5e.svs SLD-4384860c.svs SLD-bc52b34e.svs
7185,SLD-2d4ba5a4.svs
7186,SLD-1965e435.svs SLD-f45da406.svs
7187,SLD-ebe7ef91.svs SLD-00cbd313.svs
7188,SLD-81011c5b.svs SLD-1c2c7a34.svs SLD-284b7bcd.svs SLD-cbf1f93c.svs SLD-a3af11d0.svs
7189,SLD-9ef1c846.svs SLD-df8693ce.svs
7190,SLD-7499b28c.svs
7191,SLD-379deda1.svs SLD-fd0ba70e.svs SLD-6c4c3935.svs SLD-b6e355f6.svs SLD-ade6c5e9.svs SLD-385af463.svs
7192,SLD-62d59938.svs SLD-357f0a64.svs SLD-1db1dfdc.svs SLD-f8cc3f3b.svs SLD-fa7bff5f.svs SLD-402988fd.svs
7193,SLD-2b2bcfda.svs SLD-cb18d6a4.svs SLD-444517ef.svs SLD-b0445ebb.svs
7194,SLD-6c32faff.svs
7195,SLD-e9e7e1ba.svs
7196,SLD-e1c25cd1.svs SLD-49bcf4a8.svs
7197,SLD-70d22718.svs SLD-688181a8.svs
7198,SLD-809e2109.svs
7199,SLD-0932f5b6.svs SLD-7b38785b.svs
7200,SLD-d21276c2.svs SLD-0ea255e0.svs SLD-8e50c79a.svs SLD-1519401c.svs
7201,SLD-5a220eb2.svs SLD-3d83ad7c.svs SLD-4815642c.svs SLD-3cf9d1fe.svs SLD-541d1a81.svs SLD-a2bb6283.svs SLD-f75a7e6f.svs
7202,SLD-77f4531b.svs SLD-258694b6.svs
7203,SLD-38431ed6.svs
7204,SLD-3b8f5fc7.svs SLD-acf606fc.svs SLD-8091a21d.svs
7205,SLD-2452bc39.svs SLD-5e7f503c.svs SLD-9ad7558f.svs
7206,SLD-0ecfb95b.svs SLD-f2ed33e1.svs
7207,SLD-d4088ff7.svs SLD-d7133061.svs SLD-2d20481a.svs SLD-d216ad53.svs
7208,SLD-1b770deb.svs SLD-8e9b185e.svs SLD-c9fe6036.svs SLD-e64ddd91.svs
7209,SLD-8c3fa29f.svs SLD-13801f25.svs SLD-5028361f.svs
7210,SLD-9df497f1.svs SLD-bb00d206.svs
7211,SLD-259a2b28.svs SLD-28280370.svs SLD-f1c51dda.svs
7212,SLD-7c8d5368.svs SLD-3a8d1c00.svs
7213,SLD-a92c3c3e.svs SLD-3e2b6653.svs SLD-af3cb9d0.svs SLD-3957f082.svs SLD-9c272c51.svs
7214,SLD-75fd3537.svs SLD-24039721.svs
7215,SLD-ac73189c.svs SLD-4bebcf4f.svs SLD-b2e02961.svs SLD-6fdc5e00.svs
7216,SLD-852d2ee5.svs SLD-e583847f.svs SLD-0061fd30.svs SLD-329cd43a.svs
7217,SLD-14d4dad6.svs SLD-11035083.svs SLD-d8a230de.svs SLD-86de3365.svs SLD-fa999f9b.svs SLD-ddfae808.svs
7218,SLD-f7cd0b75.svs SLD-05f2b928.svs SLD-cef980ce.svs SLD-c471e21a.svs SLD-dd9539fc.svs
7219,SLD-fa3222c4.svs SLD-8d56206d.svs SLD-432fb308.svs SLD-ef208346.svs SLD-920c3de9.svs
7220,SLD-40d2d16f.svs SLD-6df2fc82.svs SLD-c3a31607.svs SLD-3db612f4.svs SLD-3956fba9.svs SLD-c67781b2.svs SLD-72323dc9.svs
7221,SLD-277dfc7b.svs SLD-4a9686a4.svs
7222,SLD-cf085288.svs
7223,SLD-e1a9344e.svs SLD-fb24cba4.svs SLD-9870c707.svs SLD-01424249.svs SLD-955fbc33.svs
7224,SLD-f3f05323.svs SLD-3bd5f8a2.svs SLD-0212585b.svs SLD-61f6c877.svs
7225,SLD-261cec19.svs SLD-2c05b870.svs SLD-cd34bcd7.svs SLD-b7ed75b4.svs
7226,SLD-9da28338.svs SLD-44f20133.svs SLD-c3edd9b7.svs SLD-f45c8840.svs SLD-0a8bc856.svs SLD-f9df7275.svs
7227,SLD-5bbdd1f4.svs SLD-3c740119.svs SLD-abf0f4bd.svs SLD-269b6c3b.svs SLD-4af0a6fe.svs
7228,SLD-e65d1c73.svs
7229,SLD-476c4878.svs
7230,SLD-2d20481a.svs SLD-d7133061.svs SLD-547e3918.svs SLD-d4088ff7.svs
7231,SLD-7e56ac3d.svs SLD-4124405b.svs SLD-f164f9d8.svs SLD-dc2151e1.svs
7232,SLD-a217cf25.svs SLD-15ac15c3.svs
7233,SLD-8e4a295d.svs SLD-5153f737.svs
7234,SLD-b9534807.svs SLD-ec4f4490.svs SLD-8af37d72.svs SLD-84eaf943.svs
7235,SLD-fa92cd28.svs SLD-4c6e6fbb.svs
7236,SLD-6c32faff.svs SLD-e47638ec.svs SLD-f8db1a4d.svs SLD-376e22a6.svs
7237,SLD-a2698c2d.svs SLD-614f1ddc.svs SLD-531da6ac.svs SLD-956c2129.svs SLD-b934718f.svs SLD-4bc972ce.svs
7238,SLD-916b51ee.svs SLD-06c4e109.svs SLD-6b325d48.svs SLD-afb9f3a8.svs SLD-e9e7e1ba.svs
7239,SLD-7ee1a2a3.svs SLD-398071b1.svs
7240,SLD-d3d6362b.svs SLD-2ab465e9.svs SLD-06999e1e.svs SLD-a4a98266.svs SLD-fe656bef.svs
7241,SLD-79b68b95.svs SLD-70bc3ec1.svs SLD-f0041e32.svs SLD-4d29d77a.svs
7242,SLD-a02ebb76.svs
7243,SLD-3f2de8a8.svs
7244,SLD-00fdec23.svs SLD-23f1b67e.svs SLD-4a30f7cd.svs
7245,SLD-c30759a4.svs SLD-48a133ab.svs SLD-fefc5b4a.svs SLD-28b4d5b9.svs SLD-693d993c.svs
7246,SLD-22c71d04.svs SLD-f8db1a4d.svs SLD-584d3c02.svs SLD-e47638ec.svs SLD-376e22a6.svs SLD-ec071cf1.svs
7247,SLD-e291f5e1.svs SLD-eba08424.svs SLD-94d50a99.svs
7248,SLD-b4a06976.svs SLD-fd768f63.svs SLD-86fadb0e.svs SLD-8df7a267.svs
7249,SLD-fba52e59.svs
7250,SLD-24039721.svs SLD-c069c542.svs SLD-30f2c485.svs SLD-92a651d7.svs
7251,SLD-bd2cdb8d.svs
7252,SLD-547e3918.svs SLD-f22a4fc6.svs SLD-3cc4f772.svs SLD-d4088ff7.svs SLD-2d20481a.svs
7253,SLD-ab1e6794.svs SLD-abecfc0b.svs SLD-b9cde60c.svs SLD-a867a0f0.svs
7254,SLD-8d99743c.svs SLD-95decd6e.svs
7255,SLD-080638c9.svs SLD-4bebcf4f.svs SLD-496749fb.svs
7256,SLD-f3254f2d.svs SLD-2c805ac7.svs SLD-efa2ce12.svs SLD-47595b01.svs
7257,SLD-3421beaf.svs SLD-0078cb12.svs SLD-7bb8c2f1.svs
7258,SLD-7b056d02.svs SLD-c674d244.svs SLD-061f5679.svs SLD-726e8017.svs SLD-ef617cac.svs
7259,SLD-59e8484c.svs SLD-992e7dea.svs SLD-d466c772.svs SLD-5df5672b.svs SLD-aab6941b.svs
7260,SLD-c7867a38.svs SLD-a09f1aed.svs SLD-809e2109.svs
7261,SLD-13801f25.svs
7262,SLD-60257199.svs SLD-10da8a95.svs SLD-a38d8afc.svs SLD-ce5dc807.svs
7263,SLD-ea5f24b6.svs SLD-10fc9eee.svs
7264,SLD-4a9686a4.svs SLD-e7524102.svs SLD-58116722.svs SLD-722c353d.svs SLD-3e581dd5.svs SLD-eed15368.svs SLD-277dfc7b.svs
7265,SLD-232f8c5b.svs SLD-b4134208.svs SLD-142a6c95.svs SLD-66dfeb1e.svs SLD-425832c0.svs SLD-9ab3cc27.svs SLD-b4480761.svs
7266,SLD-becba4c8.svs SLD-b2c92c12.svs
7267,SLD-fc9ea692.svs SLD-2d4ba5a4.svs
7268,SLD-dc68d4fd.svs SLD-12bdf75f.svs SLD-21da132c.svs SLD-b3c161c3.svs SLD-13f2a37c.svs
7269,SLD-b261d0d2.svs SLD-f46860a2.svs SLD-a604e5af.svs
7270,SLD-a2939b3b.svs SLD-9c19ed34.svs SLD-8af58903.svs
7271,SLD-7ea496f5.svs
7272,SLD-dd138266.svs SLD-d26d5396.svs SLD-1058fe8c.svs SLD-da54f267.svs SLD-31234efe.svs
7273,SLD-2db6de21.svs
7274,SLD-b9f94ec6.svs
7275,SLD-dcff697d.svs SLD-816480fa.svs SLD-141bd896.svs SLD-d1f15ee7.svs
7276,SLD-1db1dfdc.svs SLD-d59b148f.svs SLD-357f0a64.svs SLD-571c9d78.svs
7277,SLD-0e96ed9b.svs SLD-defa7864.svs
7278,SLD-2c2df3c2.svs SLD-e139d15d.svs SLD-3fafa217.svs SLD-37d316a4.svs SLD-6a27241f.svs
7279,SLD-dba620f1.svs SLD-35bbcdb0.svs SLD-e47c98ea.svs SLD-28600311.svs SLD-96062930.svs SLD-3e1fa8ac.svs
7280,SLD-59e8484c.svs
7281,SLD-f8cc3f3b.svs SLD-d59b148f.svs SLD-402988fd.svs SLD-fa7bff5f.svs SLD-1db1dfdc.svs
7282,SLD-0021b632.svs SLD-5153f737.svs SLD-8e4a295d.svs SLD-3246b7d9.svs SLD-e7aad070.svs
7283,SLD-e7aad070.svs SLD-5153f737.svs SLD-0021b632.svs
7284,SLD-5bf57279.svs
7285,SLD-1c2c7a34.svs SLD-284b7bcd.svs SLD-a1d33772.svs SLD-a3af11d0.svs
7286,SLD-1f12a0e9.svs SLD-028d042b.svs SLD-5bf80676.svs SLD-078548d7.svs SLD-590e83da.svs SLD-b1182d23.svs
7287,SLD-10345193.svs SLD-fe38784b.svs SLD-7c2b940d.svs SLD-9045a445.svs SLD-50c6fa8c.svs
7288,SLD-6c749cf4.svs
7289,SLD-64e322cf.svs SLD-3ad23fbf.svs SLD-2e573864.svs SLD-28d798b4.svs SLD-43eb280e.svs SLD-8a7f03ae.svs SLD-79017990.svs
7290,SLD-fc9ea692.svs
7291,SLD-350d278d.svs SLD-c09fcd8f.svs SLD-ad4ab155.svs SLD-65e04993.svs
7292,SLD-cb775e24.svs SLD-52ab793f.svs SLD-8930d179.svs SLD-74aba9fc.svs SLD-e4bacd78.svs SLD-533c9a31.svs SLD-51abf5e5.svs
7293,SLD-20ca35ab.svs SLD-476c4878.svs SLD-d7285256.svs SLD-deffed7a.svs SLD-3fee2fc7.svs SLD-7d718591.svs SLD-ef38d426.svs
7294,SLD-f1c58f44.svs SLD-451437d6.svs SLD-566ff3ec.svs SLD-cda6a326.svs SLD-4f8e3e01.svs SLD-7e083c1b.svs
7295,SLD-0dcf035b.svs
7296,SLD-d1f15ee7.svs SLD-d26d028d.svs SLD-90a2b8e1.svs SLD-141bd896.svs SLD-55e9718e.svs
7297,SLD-9b050db2.svs SLD-1bce35d8.svs SLD-b02de52c.svs SLD-cbe88a3f.svs
7298,SLD-27649a62.svs
7299,SLD-6d3f4b37.svs
7300,SLD-542d19c0.svs SLD-ba626aee.svs SLD-a629d332.svs SLD-4fdc1351.svs SLD-fc9ea692.svs
7301,SLD-e413961f.svs SLD-68c6dd5e.svs SLD-88a0edce.svs SLD-fb0a6a90.svs SLD-bc52b34e.svs SLD-4384860c.svs SLD-8805ae31.svs
7302,SLD-c202387b.svs SLD-99a2ecb1.svs SLD-92e94e89.svs SLD-1734a26c.svs SLD-cb4d18d6.svs SLD-adb6da35.svs SLD-849b8a44.svs
7303,SLD-4c6e6fbb.svs SLD-c4c536fb.svs SLD-4d18c103.svs
7304,SLD-5b45cf5a.svs
7305,SLD-8af37d72.svs
7306,SLD-f3254f2d.svs
7307,SLD-8f3e64f4.svs
7308,SLD-f489362c.svs SLD-a07f7f47.svs SLD-9045a445.svs
7309,SLD-f46860a2.svs SLD-8420b8d9.svs
7310,SLD-9045a445.svs SLD-fe38784b.svs SLD-f489362c.svs SLD-a07f7f47.svs
7311,SLD-9c899296.svs SLD-c6f149c7.svs SLD-92b035e0.svs
7312,SLD-5a9414b8.svs SLD-40aaec7a.svs SLD-488cac4e.svs SLD-c15648ff.svs
7313,SLD-be792965.svs SLD-dd1f8e30.svs SLD-ce8c037e.svs SLD-b6bca2a2.svs SLD-e51c0cdb.svs
7314,SLD-dc66a27b.svs SLD-6a325333.svs SLD-85e74250.svs SLD-48622a67.svs SLD-22696227.svs SLD-92f078b8.svs SLD-4a294067.svs
7315,SLD-c3a31607.svs SLD-3956fba9.svs SLD-f5652d00.svs SLD-72323dc9.svs
7316,SLD-e0efc989.svs
7317,SLD-ed9081c1.svs SLD-70c455a9.svs
7318,SLD-c707aef9.svs SLD-58bf3b9e.svs SLD-c6c3744c.svs SLD-31e9ca80.svs
7319,SLD-b6bca2a2.svs SLD-ce8c037e.svs
7320,SLD-633d9c54.svs
7321,SLD-6e84f8ea.svs SLD-6bf4d047.svs SLD-3f7a2748.svs SLD-5723a959.svs SLD-2cbb93c2.svs
7322,SLD-58116722.svs SLD-1ee1723b.svs SLD-3e581dd5.svs
7323,SLD-517fa07e.svs SLD-ad0cabfc.svs SLD-b8f35c26.svs
7324,SLD-e1a9344e.svs
7325,SLD-a0f9c074.svs SLD-1f9078d5.svs SLD-9177b6d4.svs
7326,SLD-da54f267.svs
7327,SLD-b7c144fb.svs SLD-9ed9c124.svs SLD-990e8f01.svs
7328,SLD-2ab465e9.svs SLD-d97d2b38.svs SLD-e0efc989.svs
7329,SLD-af3cb9d0.svs
7330,SLD-baa172ac.svs SLD-4d236555.svs
7331,SLD-3012ae1c.svs SLD-14827a89.svs
7332,SLD-9c272c51.svs SLD-af3cb9d0.svs SLD-3957f082.svs SLD-3e2b6653.svs SLD-dfc8b87a.svs
7333,SLD-f7cd0b75.svs SLD-dd9539fc.svs
7334,SLD-813dd49a.svs SLD-53f04099.svs
7335,SLD-4bc972ce.svs SLD-614f1ddc.svs SLD-b934718f.svs SLD-956c2129.svs
7336,SLD-8805ae31.svs SLD-68c6dd5e.svs
7337,SLD-379deda1.svs SLD-fd0ba70e.svs SLD-156af458.svs SLD-6c4c3935.svs
7338,SLD-f1c58f44.svs
7339,SLD-e27ac8e9.svs SLD-a09f1aed.svs SLD-c7867a38.svs SLD-e38690e7.svs
7340,SLD-53e83663.svs
7341,SLD-9045a445.svs SLD-7c2b940d.svs SLD-958cd60e.svs
7342,SLD-f97ccc57.svs SLD-90823eda.svs SLD-16408169.svs SLD-ce5dc807.svs
7343,SLD-fff83cec.svs
7344,SLD-a1cba182.svs SLD-ca20854d.svs SLD-0b6d9611.svs
7345,SLD-1f94e3c8.svs SLD-633d9c54.svs SLD-106861d3.svs SLD-5b8c4949.svs SLD-06b42b6f.svs SLD-18a77594.svs SLD-f30459cc.svs
7346,SLD-88da091b.svs
7347,SLD-fc9ea692.svs SLD-ba626aee.svs SLD-4fdc1351.svs SLD-542d19c0.svs
7348,SLD-e6e4b8df.svs SLD-f4dd05d5.svs SLD-7499b28c.svs
7349,SLD-52177eb7.svs
7350,SLD-10da8a95.svs SLD-a38d8afc.svs SLD-f97ccc57.svs SLD-90823eda.svs
7351,SLD-b17078ee.svs SLD-3fbdaeed.svs SLD-735b3a80.svs
7352,SLD-723dc8f5.svs SLD-e5a15243.svs SLD-c7281f15.svs SLD-c2eaf172.svs SLD-735b3a80.svs
7353,SLD-9750ca7e.svs SLD-ed28508d.svs SLD-bdaa3bfa.svs SLD-6ab01563.svs SLD-6c148fc6.svs SLD-8cffbbb1.svs
7354,SLD-a1fdcdf1.svs
7355,SLD-feeac13d.svs SLD-6aeb5a32.svs
7356,SLD-ccd66756.svs SLD-d03459a4.svs
7357,SLD-5b2d81cc.svs
7358,SLD-8930d179.svs SLD-52ab793f.svs SLD-533c9a31.svs SLD-4168705a.svs SLD-51abf5e5.svs
7359,SLD-14827a89.svs
7360,SLD-dd9539fc.svs SLD-c471e21a.svs SLD-cef980ce.svs SLD-9d263e76.svs SLD-f7cd0b75.svs
7361,SLD-40e3469f.svs
7362,SLD-d3b564b0.svs SLD-32ae2a20.svs SLD-1ac902ee.svs
7363,SLD-a92c3c3e.svs
7364,SLD-2d20481a.svs SLD-d4088ff7.svs
7365,SLD-62276cbc.svs SLD-c6c3744c.svs
7366,SLD-e18d99ce.svs
7367,SLD-f8db1a4d.svs SLD-ec071cf1.svs
7368,SLD-8805ae31.svs SLD-88a0edce.svs SLD-bc52b34e.svs SLD-fb0a6a90.svs
7369,SLD-a3ef802e.svs SLD-df8693ce.svs SLD-ffeb5d5f.svs SLD-00f520f4.svs
7370,SLD-3f2de8a8.svs
7371,SLD-4d29d77a.svs SLD-23aa9e67.svs SLD-f0041e32.svs SLD-79b68b95.svs SLD-4bc01de3.svs SLD-d197b561.svs SLD-70bc3ec1.svs
7372,SLD-b261d0d2.svs SLD-a604e5af.svs SLD-a1c2d9bf.svs SLD-8420b8d9.svs
7373,SLD-0f2670d2.svs SLD-09cd3bdf.svs SLD-b9f94ec6.svs SLD-50ae2652.svs
7374,SLD-a9fa4ea6.svs
7375,SLD-d1a8d7b0.svs SLD-bc6284a8.svs SLD-e1c25cd1.svs
7376,SLD-2e573864.svs SLD-3ad23fbf.svs SLD-64e322cf.svs SLD-28d798b4.svs
7377,SLD-4c4b91fe.svs
7378,SLD-4c4b91fe.svs SLD-6ab01563.svs SLD-246cb09c.svs
7379,SLD-f30459cc.svs SLD-106861d3.svs
7380,SLD-25777cf0.svs SLD-60c6b3ed.svs SLD-755a3ac1.svs SLD-5c949381.svs
7381,SLD-8eafb323.svs SLD-d7de701d.svs SLD-5b45cf5a.svs
7382,SLD-ed9081c1.svs SLD-6d3f4b37.svs SLD-650dd400.svs
7383,SLD-6bf52dfd.svs SLD-6f6ddf79.svs SLD-e5aef699.svs SLD-54a8762b.svs
7384,SLD-fe656bef.svs SLD-e0efc989.svs
7385,SLD-c8bf23fb.svs
7386,SLD-1e709e19.svs SLD-43a061c4.svs SLD-a11b26b0.svs
7387,SLD-702a5b67.svs SLD-5f653800.svs
7388,SLD-abf0f4bd.svs SLD-3c740119.svs SLD-16f14aad.svs SLD-5bbdd1f4.svs SLD-754724dd.svs SLD-4af0a6fe.svs SLD-269b6c3b.svs
7389,SLD-261cec19.svs SLD-fff83cec.svs SLD-cd34bcd7.svs SLD-04fe973d.svs SLD-2c05b870.svs
7390,SLD-4fee7144.svs SLD-dc2897c6.svs
7391,SLD-3bd5f8a2.svs SLD-0212585b.svs SLD-0b2f8580.svs SLD-f3f05323.svs SLD-213124bd.svs SLD-01275a63.svs SLD-61f6c877.svs
7392,SLD-94665d45.svs
7393,SLD-3c740119.svs SLD-5bbdd1f4.svs SLD-16f14aad.svs
7394,SLD-efa2ce12.svs
7395,SLD-75f2bc20.svs SLD-ccf719ab.svs
7396,SLD-b6e355f6.svs
7397,SLD-c9fe6036.svs SLD-4916e844.svs SLD-9c2e5562.svs SLD-8a83efc8.svs SLD-e64ddd91.svs
7398,SLD-58ea0417.svs SLD-d61a43f2.svs
7399,SLD-f75a7e6f.svs SLD-4815642c.svs SLD-3d83ad7c.svs SLD-a2bb6283.svs
7400,SLD-f40d2a37.svs SLD-29bccee9.svs SLD-a92d6b05.svs SLD-7ea496f5.svs
7401,SLD-ea5f24b6.svs SLD-0a66dc4e.svs
7402,SLD-d1a8d7b0.svs SLD-49bcf4a8.svs
7403,SLD-579e9a46.svs SLD-86fadb0e.svs
7404,SLD-7499b28c.svs SLD-a1cba182.svs
7405,SLD-261cec19.svs
7406,SLD-a1d20ebc.svs SLD-4c88b9d8.svs
7407,SLD-90a2b8e1.svs SLD-d1f15ee7.svs SLD-dcff697d.svs SLD-141bd896.svs SLD-d26d028d.svs SLD-816480fa.svs
7408,SLD-e6e4b8df.svs
7409,SLD-c5dd967b.svs SLD-432fb308.svs
7410,SLD-c315d334.svs SLD-35bbcdb0.svs SLD-e47c98ea.svs SLD-bda31488.svs SLD-dba620f1.svs SLD-3e1fa8ac.svs
7411,SLD-4e98ce25.svs SLD-5b2d81cc.svs SLD-17337a7c.svs SLD-e1bccfb2.svs
7412,SLD-5153f737.svs SLD-8e4a295d.svs SLD-e7aad070.svs SLD-3246b7d9.svs SLD-9a9dadd2.svs
7413,SLD-14d4dad6.svs SLD-ddfae808.svs SLD-afd86432.svs SLD-d8a230de.svs SLD-afb120f4.svs SLD-11035083.svs SLD-86de3365.svs
7414,SLD-cc869dea.svs
7415,SLD-1ac902ee.svs SLD-5c949381.svs SLD-32ae2a20.svs SLD-d3b564b0.svs SLD-60c6b3ed.svs
7416,SLD-37fef6b5.svs SLD-1d4d1180.svs SLD-4c6e6fbb.svs SLD-4d18c103.svs SLD-01fda698.svs SLD-a100ed14.svs
7417,SLD-6d7fe9b2.svs SLD-55f7792a.svs SLD-d560e64c.svs SLD-91fd7d4a.svs SLD-5a31a6a6.svs
7418,SLD-c13e66af.svs SLD-3e2aad3e.svs SLD-3c9590d3.svs SLD-390a9016.svs SLD-82221345.svs
7419,SLD-d61a43f2.svs SLD-c82a6c15.svs
7420,SLD-c5dd967b.svs SLD-8d56206d.svs SLD-920c3de9.svs SLD-08f1100b.svs
7421,SLD-fbf70946.svs SLD-4642cddb.svs SLD-7ee1a2a3.svs SLD-024bfe48.svs SLD-398071b1.svs
7422,SLD-bbf9bb01.svs SLD-6a480542.svs
7423,SLD-2a6f1e47.svs SLD-9cf600ec.svs
7424,SLD-4a30f7cd.svs SLD-a795ac54.svs SLD-104dff66.svs SLD-598ca3b4.svs SLD-00fdec23.svs
7425,SLD-ab899605.svs
7426,SLD-2835bcdb.svs SLD-b270af55.svs SLD-1eda4209.svs SLD-2347b24f.svs SLD-9177b6d4.svs SLD-1f9078d5.svs SLD-a0f9c074.svs
7427,SLD-11fba56e.svs
7428,SLD-393031a6.svs
7429,SLD-590e83da.svs SLD-028d042b.svs
7430,SLD-9ad7558f.svs
7431,SLD-992a34a1.svs SLD-788c31f6.svs SLD-c734bb05.svs
7432,SLD-d1c3d1bc.svs
7433,SLD-b318ad4c.svs SLD-09aedbd0.svs
7434,SLD-54a1d505.svs SLD-dca5b353.svs
7435,SLD-46e785ad.svs SLD-8ee4fd02.svs
7436,SLD-90823eda.svs SLD-10da8a95.svs SLD-16408169.svs SLD-fdd2ed7a.svs SLD-60257199.svs SLD-ce5dc807.svs SLD-f97ccc57.svs
7437,SLD-96062930.svs SLD-3e1fa8ac.svs SLD-e47c98ea.svs SLD-bda31488.svs
7438,SLD-acf606fc.svs
7439,SLD-8513d91e.svs
7440,SLD-951a0518.svs SLD-88653e42.svs
7441,SLD-10da8a95.svs SLD-60257199.svs SLD-a38d8afc.svs SLD-16408169.svs
7442,SLD-bd2cdb8d.svs SLD-13d72846.svs
7443,SLD-4384860c.svs SLD-cdfa4cc8.svs SLD-68c6dd5e.svs
7444,SLD-4af0a6fe.svs
7445,SLD-53e83663.svs SLD-5b2d81cc.svs SLD-e1bccfb2.svs SLD-c602bd20.svs SLD-9c14940d.svs
7446,SLD-6637c09f.svs SLD-4fab2ad8.svs SLD-acf606fc.svs SLD-3b8f5fc7.svs SLD-5084a40f.svs
7447,SLD-e27ac8e9.svs SLD-809e2109.svs
7448,SLD-29530a13.svs SLD-a31ca36b.svs SLD-03927935.svs SLD-e8751766.svs SLD-8d5f52c0.svs
7449,SLD-254bf7ae.svs SLD-6d0c62c3.svs
7450,SLD-3346f7c6.svs SLD-681091fe.svs SLD-53a9ec5d.svs
7451,SLD-f3254f2d.svs SLD-2c805ac7.svs SLD-d48457df.svs
7452,SLD-da418b24.svs SLD-647640a1.svs SLD-88d3281a.svs SLD-1b4e1428.svs SLD-b6a659ef.svs SLD-0c78c2f9.svs SLD-24eac3f4.svs
7453,SLD-beb9c9e2.svs SLD-dd9539fc.svs SLD-c471e21a.svs SLD-f7cd0b75.svs
7454,SLD-9ed9c124.svs SLD-1a895c62.svs SLD-990e8f01.svs
7455,SLD-be3feafd.svs SLD-0e96ed9b.svs
7456,SLD-c6c3744c.svs SLD-31e9ca80.svs
7457,SLD-4642cddb.svs SLD-024bfe48.svs SLD-7ee1a2a3.svs
7458,SLD-b5e2834d.svs SLD-4741ee56.svs SLD-53ff6644.svs SLD-919c21ed.svs SLD-d47133e7.svs
7459,SLD-58ea0417.svs SLD-8ecb4971.svs SLD-c82a6c15.svs SLD-b5178761.svs
7460,SLD-4b5ca436.svs SLD-c8bf23fb.svs SLD-27e969e2.svs
7461,SLD-5a9414b8.svs SLD-40aaec7a.svs
7462,SLD-ad9d1f42.svs SLD-17b18e6e.svs
7463,SLD-6d316b4a.svs SLD-b318ad4c.svs
7464,SLD-0ecfb95b.svs SLD-a1fdcdf1.svs SLD-5e87905a.svs SLD-a3155940.svs SLD-877a2133.svs
7465,SLD-754724dd.svs SLD-3c740119.svs SLD-5bbdd1f4.svs SLD-269b6c3b.svs SLD-4af0a6fe.svs
7466,SLD-32d116fe.svs
7467,SLD-88653e42.svs SLD-501049e2.svs SLD-40e3469f.svs
7468,SLD-8cffbbb1.svs SLD-ed28508d.svs SLD-bdaa3bfa.svs SLD-6ab01563.svs
7469,SLD-788c31f6.svs SLD-992a34a1.svs SLD-26c00984.svs SLD-084fa819.svs
7470,SLD-cbf8e26a.svs SLD-a5387901.svs SLD-b2e74e77.svs
7471,SLD-722c353d.svs SLD-3e581dd5.svs SLD-58116722.svs SLD-eed15368.svs SLD-1ee1723b.svs SLD-4a9686a4.svs SLD-277dfc7b.svs
7472,SLD-3a8d1c00.svs SLD-cfe4fb66.svs
7473,SLD-1ac902ee.svs SLD-32ae2a20.svs
7474,SLD-ff88ec82.svs SLD-8af58903.svs SLD-7fa74d8a.svs SLD-a2939b3b.svs
7475,SLD-6637c09f.svs SLD-849648e8.svs SLD-4fab2ad8.svs SLD-8091a21d.svs SLD-5084a40f.svs
7476,SLD-b931a26d.svs SLD-69083bd6.svs
7477,SLD-3e2b6653.svs SLD-9c272c51.svs SLD-af3cb9d0.svs SLD-3957f082.svs
7478,SLD-824734df.svs SLD-3c9a9236.svs SLD-e51c0cdb.svs SLD-be792965.svs SLD-731c877a.svs
7479,SLD-e413961f.svs
7480,SLD-ec071cf1.svs SLD-e47638ec.svs SLD-f8db1a4d.svs SLD-6c32faff.svs
7481,SLD-63eaa07f.svs SLD-1f626a97.svs
7482,SLD-88653e42.svs SLD-f367dbe2.svs SLD-40e3469f.svs SLD-951a0518.svs SLD-cefe73ec.svs
7483,SLD-15ac15c3.svs SLD-be3feafd.svs SLD-0e96ed9b.svs SLD-2fcf3b87.svs SLD-3be95767.svs SLD-defa7864.svs
7484,SLD-590e83da.svs
7485,SLD-3421beaf.svs SLD-c149fa8e.svs SLD-a1ab17c0.svs SLD-7bb8c2f1.svs SLD-4b7350d1.svs
7486,SLD-a1d20ebc.svs SLD-79009c61.svs SLD-4c88b9d8.svs
7487,SLD-a2bb6283.svs SLD-f75a7e6f.svs SLD-541d1a81.svs SLD-3cf9d1fe.svs
7488,SLD-a8e6a772.svs SLD-42965873.svs SLD-ab1e6794.svs
7489,SLD-059ebb2e.svs
7490,SLD-8625dcb0.svs SLD-2b021118.svs SLD-94d7f681.svs SLD-e18d99ce.svs
7491,
7492,SLD-a07f7f47.svs SLD-50c6fa8c.svs SLD-f489362c.svs
7493,SLD-e9184b9f.svs SLD-88653e42.svs SLD-f367dbe2.svs
7494,SLD-c67781b2.svs SLD-3db612f4.svs SLD-40d2d16f.svs SLD-f5652d00.svs SLD-72323dc9.svs
7495,SLD-7984f33f.svs
7496,SLD-9d4319b5.svs SLD-bb5f15c1.svs SLD-15db4487.svs
7497,SLD-28280370.svs SLD-f1c51dda.svs SLD-291a58af.svs
7498,SLD-2ab465e9.svs SLD-e0efc989.svs SLD-fe656bef.svs
7499,SLD-41300879.svs SLD-4d236555.svs SLD-6279d944.svs
7500,SLD-3bd5f8a2.svs SLD-61f6c877.svs SLD-0212585b.svs SLD-01275a63.svs
7501,SLD-58e760bf.svs SLD-af8c96a9.svs SLD-c7afae8f.svs
7502,SLD-fd768f63.svs SLD-30a31251.svs SLD-5163de1d.svs
7503,SLD-702a5b67.svs
7504,SLD-605dd4d6.svs SLD-877a2133.svs
7505,SLD-3e2aad3e.svs SLD-50de4292.svs SLD-390a9016.svs SLD-3c9590d3.svs SLD-4a82e06a.svs
7506,SLD-b2d10e3d.svs SLD-d1c3d1bc.svs SLD-e27ac8e9.svs SLD-a09f1aed.svs SLD-c7867a38.svs
7507,SLD-a2939b3b.svs SLD-9c19ed34.svs SLD-ab899605.svs
7508,SLD-c8bf23fb.svs
7509,SLD-cbe88a3f.svs SLD-8ee4fd02.svs
7510,SLD-2d492ca2.svs SLD-4bc972ce.svs
7511,SLD-feeac13d.svs SLD-9d0b6f5e.svs SLD-196d362d.svs
7512,SLD-a0f9c074.svs SLD-2347b24f.svs
7513,SLD-01fda698.svs SLD-4d18c103.svs SLD-1d4d1180.svs SLD-fa92cd28.svs
7514,SLD-15db4487.svs SLD-2b2bcfda.svs SLD-cb18d6a4.svs
7515,SLD-0a66dc4e.svs SLD-10fc9eee.svs SLD-de6fec4b.svs SLD-843b2a7d.svs SLD-21681081.svs
7516,SLD-6e84f8ea.svs SLD-f5a3e893.svs
7517,SLD-357f0a64.svs SLD-d59b148f.svs SLD-571c9d78.svs SLD-402988fd.svs SLD-f8cc3f3b.svs SLD-1db1dfdc.svs SLD-fa7bff5f.svs
7518,SLD-4e3c0f2d.svs SLD-4332559d.svs SLD-120961ea.svs
7519,SLD-70bc3ec1.svs SLD-4bc01de3.svs SLD-f0041e32.svs SLD-4d29d77a.svs SLD-cf085288.svs
7520,SLD-141bd896.svs SLD-90a2b8e1.svs SLD-d26d028d.svs
7521,SLD-79b68b95.svs SLD-d197b561.svs
7522,SLD-4b5ca436.svs SLD-c8bf23fb.svs SLD-d7a3283c.svs SLD-61067a8c.svs SLD-b7d779cc.svs
7523,SLD-43a061c4.svs SLD-08236adf.svs
7524,SLD-df8693ce.svs SLD-00f520f4.svs
7525,SLD-c6be6432.svs SLD-a09f1aed.svs SLD-b2d10e3d.svs
7526,SLD-8d56206d.svs
7527,SLD-75fc1b10.svs SLD-d8efb5c9.svs
7528,SLD-5a31a6a6.svs SLD-91fd7d4a.svs
7529,SLD-f642c8f3.svs SLD-5f20f406.svs SLD-52177eb7.svs
7530,SLD-06c4e109.svs SLD-c9a6e611.svs SLD-916b51ee.svs
7531,SLD-e7aad070.svs SLD-0021b632.svs SLD-d7f14ec2.svs
7532,SLD-0ef05b6f.svs
7533,SLD-35a7c6ed.svs SLD-5e6364c6.svs SLD-deb4e6c4.svs SLD-864696c1.svs
7534,SLD-329cd43a.svs SLD-14e16706.svs SLD-bdb62ff3.svs SLD-d9073286.svs
7535,SLD-affe2554.svs
7536,SLD-4fdc1351.svs
7537,SLD-b318ad4c.svs SLD-55c7ed9d.svs SLD-bc18a40b.svs SLD-7f6b8793.svs SLD-09aedbd0.svs SLD-4d4985dc.svs SLD-1db2b452.svs
7538,SLD-ccf719ab.svs SLD-2922fbd8.svs
7539,SLD-37d316a4.svs SLD-48d8b9ef.svs SLD-3fafa217.svs SLD-e139d15d.svs SLD-bb9e5a02.svs SLD-bc6ff6ac.svs
7540,SLD-ae2562ca.svs SLD-8772c347.svs
7541,SLD-bc52b34e.svs SLD-fb0a6a90.svs
7542,SLD-bb5f15c1.svs SLD-9d4319b5.svs SLD-444517ef.svs SLD-2b2bcfda.svs SLD-cb18d6a4.svs SLD-603803f3.svs SLD-b0445ebb.svs
7543,SLD-58e760bf.svs
7544,SLD-6aeb5a32.svs SLD-8fad725d.svs SLD-feeac13d.svs SLD-fec24805.svs SLD-581332c2.svs SLD-196d362d.svs SLD-9d0b6f5e.svs
7545,SLD-ddfae808.svs SLD-d8a230de.svs
7546,SLD-08236adf.svs SLD-6e05724d.svs
7547,SLD-7e56ac3d.svs SLD-91fcfe88.svs SLD-10cc8711.svs SLD-f164f9d8.svs SLD-dc2151e1.svs
7548,SLD-9c14940d.svs
7549,SLD-104dff66.svs SLD-01d34690.svs
7550,SLD-d1f15ee7.svs
7551,SLD-e44a01f6.svs SLD-c2112eda.svs
7552,SLD-75fc1b10.svs SLD-697b8538.svs SLD-e7a2d2d0.svs
7553,SLD-fa3222c4.svs
7554,SLD-4fbe2aae.svs
7555,SLD-3f7a2748.svs SLD-6e84f8ea.svs SLD-2cbb93c2.svs SLD-5723a959.svs SLD-c4841a8d.svs
7556,SLD-4c88b9d8.svs
7557,SLD-c069c542.svs
7558,SLD-6bf4d047.svs SLD-2cbb93c2.svs SLD-f5a3e893.svs SLD-5723a959.svs
7559,SLD-e3d48408.svs SLD-7b38785b.svs SLD-2412579d.svs SLD-f11ddff7.svs
7560,SLD-54a1d505.svs SLD-261908b9.svs
7561,SLD-d560e64c.svs
7562,SLD-fe656bef.svs SLD-2ab465e9.svs SLD-06999e1e.svs SLD-8463416a.svs
7563,SLD-4704768e.svs
7564,SLD-813dd49a.svs SLD-a2834536.svs SLD-06792b47.svs SLD-cfdef303.svs SLD-53f04099.svs SLD-95decd6e.svs SLD-8d99743c.svs
7565,SLD-6c148fc6.svs
7566,SLD-4a82e06a.svs SLD-3c9590d3.svs SLD-50de4292.svs SLD-3e2aad3e.svs
7567,SLD-69083bd6.svs SLD-c674d244.svs SLD-7b056d02.svs
7568,SLD-cb775e24.svs SLD-51abf5e5.svs SLD-4168705a.svs
7569,SLD-40fe6898.svs SLD-c846bf90.svs SLD-b34dc8b0.svs
7570,SLD-70c455a9.svs SLD-6d3f4b37.svs
7571,SLD-3cf9d1fe.svs SLD-a2bb6283.svs SLD-541d1a81.svs
7572,SLD-0e5bc44c.svs SLD-23d83f22.svs SLD-b13bad4e.svs SLD-e368f7d2.svs
7573,SLD-17337a7c.svs
7574,SLD-6a594b07.svs SLD-7984f33f.svs SLD-2d58bce9.svs SLD-eda67806.svs SLD-3a19607d.svs
7575,SLD-edec31ef.svs SLD-f25a3c68.svs SLD-0262a5aa.svs SLD-e8ef99e9.svs SLD-b8bc6621.svs
7576,SLD-48622a67.svs SLD-8513d91e.svs SLD-85e74250.svs SLD-22696227.svs
7577,SLD-cfdef303.svs SLD-95decd6e.svs SLD-5df2e073.svs
7578,SLD-c67781b2.svs SLD-72323dc9.svs SLD-3db612f4.svs SLD-6df2fc82.svs
7579,SLD-58116722.svs SLD-1ee1723b.svs SLD-eed15368.svs SLD-722c353d.svs
7580,SLD-8e4a295d.svs
7581,SLD-425832c0.svs
7582,SLD-f1c58f44.svs
7583,SLD-584d3c02.svs SLD-a9fa4ea6.svs SLD-ec071cf1.svs SLD-376e22a6.svs
7584,SLD-f660ffd5.svs SLD-7a658abe.svs SLD-64aba3f6.svs SLD-68f49b51.svs SLD-f3fa8613.svs
7585,SLD-ca6cb87c.svs SLD-91d2125a.svs SLD-da98da57.svs SLD-95e19cb6.svs SLD-698eecba.svs SLD-dfb87708.svs
7586,SLD-7a658abe.svs SLD-64aba3f6.svs SLD-68f49b51.svs
7587,SLD-03c8e104.svs SLD-cda6a326.svs SLD-7e083c1b.svs SLD-f1c58f44.svs SLD-451437d6.svs SLD-6480fdc0.svs SLD-4f8e3e01.svs
7588,SLD-53ff6644.svs SLD-919c21ed.svs SLD-d47133e7.svs SLD-2076d932.svs SLD-907d8532.svs SLD-b5e2834d.svs
7589,SLD-cf2a2198.svs SLD-8e36b82f.svs SLD-7ea496f5.svs
7590,SLD-b4a06976.svs
7591,SLD-080638c9.svs SLD-6fdc5e00.svs
7592,SLD-e27ac8e9.svs SLD-c7867a38.svs SLD-a09f1aed.svs SLD-809e2109.svs SLD-c6be6432.svs SLD-e38690e7.svs
7593,SLD-04fe973d.svs SLD-63d0fccd.svs
7594,
7595,SLD-2ab465e9.svs SLD-d3d6362b.svs
7596,SLD-432fb308.svs SLD-920c3de9.svs
7597,SLD-c069c542.svs SLD-49b564fb.svs SLD-1aff71ae.svs
7598,SLD-08f1100b.svs SLD-920c3de9.svs SLD-fa3222c4.svs SLD-c5dd967b.svs
7599,SLD-3b8f5fc7.svs SLD-5084a40f.svs SLD-849648e8.svs
7600,SLD-e5aef699.svs SLD-54a8762b.svs SLD-7281b8a9.svs SLD-a5e3a719.svs
7601,SLD-3fbdaeed.svs SLD-723dc8f5.svs SLD-b17078ee.svs SLD-b5cbb690.svs
7602,SLD-141bd896.svs SLD-90a2b8e1.svs SLD-d1f15ee7.svs
7603,SLD-61f6c877.svs SLD-213124bd.svs SLD-3bd5f8a2.svs SLD-0b2f8580.svs SLD-01275a63.svs
7604,SLD-a27ee80d.svs SLD-ec6e61bd.svs SLD-70c455a9.svs
7605,SLD-33b5b3ce.svs SLD-ff88ec82.svs
7606,SLD-18a77594.svs
7607,SLD-059ebb2e.svs SLD-29530a13.svs SLD-a31ca36b.svs SLD-e8751766.svs SLD-d1cae193.svs
7608,SLD-566ff3ec.svs
7609,SLD-32d116fe.svs SLD-8f08963c.svs
7610,SLD-ccd66756.svs
7611,SLD-39d5b552.svs
7612,SLD-7b0f78c1.svs
7613,SLD-2d58bce9.svs
7614,SLD-c674d244.svs SLD-e355c369.svs SLD-69083bd6.svs SLD-061f5679.svs SLD-726e8017.svs SLD-7b056d02.svs
7615,SLD-fc145cfe.svs SLD-a96e2bf4.svs SLD-ac91c01e.svs SLD-f9154865.svs SLD-469a1289.svs SLD-586523b8.svs
7616,SLD-385af463.svs SLD-156af458.svs SLD-5e4af862.svs SLD-379deda1.svs
7617,SLD-4b1678e4.svs SLD-3438b4e4.svs
7618,SLD-889c8ae2.svs SLD-4e3c0f2d.svs SLD-57030ede.svs SLD-cad00273.svs
7619,SLD-ddfae808.svs
7620,SLD-07fe6a4e.svs
7621,SLD-30c42d61.svs SLD-5b8c4949.svs SLD-f30459cc.svs SLD-633d9c54.svs
7622,SLD-01424249.svs SLD-ef7f6bc8.svs SLD-9870c707.svs
7623,SLD-9045a445.svs SLD-fe38784b.svs SLD-f489362c.svs SLD-7c2b940d.svs SLD-a07f7f47.svs SLD-50c6fa8c.svs SLD-958cd60e.svs
7624,SLD-f2ded00f.svs SLD-68032f7e.svs SLD-fef06b04.svs SLD-82f4b48a.svs SLD-f6f25926.svs SLD-68fc642a.svs
7625,SLD-4a82e06a.svs SLD-50de4292.svs SLD-3e2aad3e.svs SLD-82221345.svs
7626,SLD-ec41e6f6.svs SLD-254bf7ae.svs
7627,SLD-c67781b2.svs SLD-3db612f4.svs SLD-40d2d16f.svs
7628,SLD-70f8dd99.svs SLD-5f20f406.svs SLD-3438b4e4.svs SLD-ba6a098f.svs SLD-4b1678e4.svs SLD-52177eb7.svs
7629,SLD-cbe88a3f.svs SLD-1bce35d8.svs SLD-b02de52c.svs
7630,SLD-b8d13539.svs SLD-d8efb5c9.svs SLD-0ff73f25.svs SLD-697b8538.svs SLD-ca3c4050.svs SLD-33251c76.svs
7631,SLD-35bbcdb0.svs
7632,SLD-68c6dd5e.svs
7633,SLD-1349747a.svs SLD-a1cba182.svs SLD-0b6d9611.svs SLD-e6e4b8df.svs SLD-7499b28c.svs
7634,SLD-992e7dea.svs SLD-d466c772.svs SLD-aab6941b.svs SLD-f6b4160b.svs SLD-5ba48aa0.svs
7635,SLD-581332c2.svs SLD-feeac13d.svs SLD-f48ef9a8.svs SLD-9d0b6f5e.svs SLD-6aeb5a32.svs SLD-8fad725d.svs
7636,SLD-992a34a1.svs SLD-084fa819.svs SLD-21f8c156.svs SLD-c734bb05.svs
7637,SLD-8af58903.svs SLD-ab899605.svs SLD-a2939b3b.svs SLD-dfec4623.svs
7638,SLD-693d993c.svs SLD-9717aa6e.svs
7639,SLD-28280370.svs SLD-291a58af.svs SLD-259a2b28.svs SLD-8c5c192f.svs SLD-2cb38568.svs SLD-b22b8974.svs
7640,SLD-45a16970.svs
7641,SLD-ab899605.svs
7642,SLD-df0d6301.svs SLD-ac2c10d0.svs SLD-e8a56f31.svs SLD-488cac4e.svs SLD-c15648ff.svs SLD-40aaec7a.svs
7643,SLD-2b2bcfda.svs SLD-bb5f15c1.svs SLD-9d4319b5.svs SLD-b0445ebb.svs SLD-603803f3.svs
7644,SLD-47595b01.svs
7645,SLD-3380dcfc.svs
7646,SLD-d59b148f.svs SLD-402988fd.svs SLD-f8cc3f3b.svs SLD-571c9d78.svs
7647,SLD-064f768d.svs SLD-dbf2eed1.svs SLD-b080e003.svs SLD-3b9cea95.svs
7648,SLD-d560e64c.svs SLD-9b87cc5e.svs SLD-91fd7d4a.svs SLD-1a9e8547.svs SLD-55f7792a.svs
7649,SLD-79faf501.svs SLD-8e50c79a.svs SLD-8b1f1137.svs
7650,SLD-4af0a6fe.svs SLD-3c740119.svs
7651,SLD-24aeba79.svs SLD-ac7b7ab2.svs SLD-a8b56f85.svs SLD-98ba0f0e.svs SLD-346d2b7e.svs SLD-353e0c86.svs
7652,SLD-33a1d1c2.svs SLD-ad4ab155.svs
7653,SLD-735b3a80.svs SLD-e5a15243.svs SLD-3fbdaeed.svs
7654,SLD-213124bd.svs SLD-3bd5f8a2.svs
7655,SLD-425de95f.svs SLD-53f3c158.svs SLD-c846bf90.svs SLD-8476af98.svs
7656,SLD-a1c2d9bf.svs
7657,SLD-ab12fb53.svs SLD-79009c61.svs SLD-4c88b9d8.svs SLD-8f42cebe.svs SLD-23b870f3.svs
7658,SLD-ec6e61bd.svs SLD-6d3f4b37.svs SLD-70c455a9.svs
7659,SLD-91d2125a.svs SLD-698eecba.svs SLD-8a74bec5.svs SLD-da98da57.svs
7660,SLD-13f2a37c.svs SLD-b3c161c3.svs
7661,SLD-a629d332.svs SLD-2d4ba5a4.svs SLD-c90853fd.svs SLD-ba626aee.svs
7662,SLD-5931c9b4.svs SLD-28702bb1.svs SLD-706146ff.svs SLD-9bd91220.svs SLD-338f4acf.svs
7663,SLD-6e927501.svs SLD-5bd71dc6.svs SLD-669ff1b9.svs
7664,SLD-8930d179.svs SLD-e4bacd78.svs SLD-74aba9fc.svs
7665,SLD-9c14940d.svs SLD-4e98ce25.svs
7666,SLD-f367dbe2.svs SLD-39b66d71.svs SLD-40e3469f.svs SLD-951a0518.svs
7667,SLD-d8a230de.svs SLD-11035083.svs
7668,SLD-ad0cabfc.svs
7669,SLD-84eaf943.svs SLD-2ee66e21.svs SLD-b9534807.svs SLD-8af37d72.svs
7670,SLD-a2834536.svs SLD-8d99743c.svs SLD-813dd49a.svs
7671,SLD-9c272c51.svs SLD-a92c3c3e.svs SLD-ac98a368.svs SLD-7176d181.svs
7672,SLD-a4a98266.svs SLD-e0efc989.svs SLD-fe656bef.svs SLD-8463416a.svs
7673,SLD-c3121af6.svs SLD-17b18e6e.svs
7674,SLD-b259a6a0.svs SLD-7c8d5368.svs SLD-40fe81ec.svs SLD-cfe4fb66.svs SLD-c6962905.svs
7675,SLD-5fdd5329.svs SLD-ced4dd7c.svs
7676,SLD-c7281f15.svs SLD-e5a15243.svs SLD-3fbdaeed.svs SLD-723dc8f5.svs SLD-b5cbb690.svs SLD-735b3a80.svs
7677,SLD-94d7f681.svs SLD-2b021118.svs
7678,SLD-754724dd.svs
7679,SLD-b318ad4c.svs SLD-bc18a40b.svs
7680,SLD-14aaaefe.svs SLD-8f4ed442.svs SLD-ccd66756.svs SLD-d03459a4.svs
7681,SLD-d9732b86.svs SLD-98decbf6.svs SLD-42734d1c.svs SLD-b13bad4e.svs
7682,SLD-fefc5b4a.svs SLD-dd55daaf.svs
7683,SLD-8be04c3e.svs SLD-32ae2a20.svs SLD-60c6b3ed.svs SLD-755a3ac1.svs SLD-d3b564b0.svs
7684,SLD-bc6ff6ac.svs SLD-3fafa217.svs SLD-6a27241f.svs SLD-bb9e5a02.svs SLD-48d8b9ef.svs
7685,SLD-df0d6301.svs SLD-bf1df687.svs SLD-e8a56f31.svs
7686,SLD-028d042b.svs SLD-590e83da.svs SLD-078548d7.svs SLD-2d8b5b41.svs SLD-1f12a0e9.svs SLD-5bf80676.svs SLD-b1182d23.svs
7687,SLD-246cb09c.svs SLD-6ab01563.svs SLD-4c4b91fe.svs SLD-ed28508d.svs
7688,SLD-e1a9344e.svs
7689,SLD-a217cf25.svs SLD-0e96ed9b.svs
7690,SLD-28702bb1.svs SLD-9bd91220.svs SLD-becba4c8.svs SLD-44e8a604.svs SLD-5931c9b4.svs SLD-338f4acf.svs SLD-b2c92c12.svs
7691,SLD-f2ed33e1.svs SLD-605dd4d6.svs SLD-a1fdcdf1.svs SLD-0ecfb95b.svs SLD-a3155940.svs SLD-5e87905a.svs
7692,SLD-58e760bf.svs SLD-dfecb2ae.svs SLD-18f7e499.svs SLD-8f3e64f4.svs
7693,SLD-4a294067.svs SLD-92f078b8.svs
7694,SLD-a96e2bf4.svs SLD-469a1289.svs
7695,SLD-4642cddb.svs SLD-7f6bf51b.svs SLD-4fbe2aae.svs SLD-398071b1.svs
7696,SLD-101bb5fa.svs
7697,SLD-a09f1aed.svs SLD-b2d10e3d.svs SLD-c7867a38.svs
7698,SLD-d61a43f2.svs SLD-8ecb4971.svs
7699,SLD-8e4a295d.svs SLD-bb296639.svs SLD-9a9dadd2.svs SLD-0021b632.svs SLD-d7f14ec2.svs
7700,SLD-acf606fc.svs
7701,SLD-ba626aee.svs SLD-c90853fd.svs SLD-fc9ea692.svs SLD-a629d332.svs
7702,SLD-7b056d02.svs
7703,SLD-8eeb3fd8.svs SLD-32d116fe.svs SLD-6783b0c3.svs
7704,SLD-67e98363.svs
7705,SLD-ed2ee36f.svs SLD-9251ad08.svs SLD-2f6570d7.svs SLD-c2112eda.svs SLD-e44a01f6.svs SLD-4643d705.svs
7706,SLD-0b4cba0a.svs SLD-b2e74e77.svs SLD-69f12ccd.svs SLD-4fae667b.svs
7707,SLD-2f16fb50.svs SLD-c13e66af.svs SLD-390a9016.svs SLD-82221345.svs SLD-4a82e06a.svs
7708,SLD-2c2df3c2.svs SLD-bc6ff6ac.svs
7709,SLD-581332c2.svs SLD-196d362d.svs SLD-feeac13d.svs
7710,SLD-cda6a326.svs SLD-566ff3ec.svs SLD-03c8e104.svs
7711,SLD-ef7dee1a.svs SLD-53f3c158.svs SLD-40fe6898.svs SLD-c846bf90.svs
7712,SLD-30c42d61.svs
7713,SLD-469fc269.svs SLD-94d50a99.svs SLD-d5e8b89c.svs SLD-ff7acd86.svs SLD-e291f5e1.svs SLD-11ab249d.svs
7714,SLD-a5e3a719.svs SLD-e5aef699.svs
7715,SLD-abe0a177.svs
7716,SLD-33a1d1c2.svs
7717,SLD-2d58bce9.svs SLD-7984f33f.svs SLD-3a19607d.svs SLD-6a594b07.svs
7718,SLD-e642965c.svs
7719,SLD-6e3a52d7.svs SLD-5b61f92b.svs
7720,SLD-29c836e0.svs
7721,SLD-c90853fd.svs SLD-4fdc1351.svs SLD-ba626aee.svs SLD-542d19c0.svs SLD-fc9ea692.svs
7722,SLD-7751b3fa.svs SLD-0061fd30.svs
7723,SLD-dd9539fc.svs SLD-9d263e76.svs
7724,SLD-b52f6009.svs SLD-e46232e7.svs
7725,SLD-38553ac8.svs SLD-deffed7a.svs SLD-476c4878.svs SLD-d7285256.svs
7726,SLD-17337a7c.svs SLD-9c14940d.svs
7727,SLD-0f2670d2.svs SLD-50ae2652.svs SLD-f19b43da.svs SLD-4aaeb212.svs SLD-09cd3bdf.svs SLD-b9f94ec6.svs SLD-356af737.svs
7728,SLD-fd0ba70e.svs SLD-5e4af862.svs SLD-156af458.svs SLD-385af463.svs SLD-6c4c3935.svs SLD-ade6c5e9.svs SLD-379deda1.svs
7729,SLD-3b9cea95.svs SLD-2452bc39.svs SLD-064f768d.svs SLD-9ad7558f.svs SLD-5e7f503c.svs SLD-b080e003.svs
7730,SLD-31cb5e8e.svs SLD-ae2562ca.svs SLD-28948b4c.svs SLD-a1832fdb.svs SLD-8772c347.svs SLD-5abec113.svs SLD-fb46ed39.svs
7731,SLD-d26d028d.svs SLD-dcff697d.svs SLD-90a2b8e1.svs SLD-55e9718e.svs SLD-d1f15ee7.svs SLD-141bd896.svs SLD-3bcab3ea.svs
7732,SLD-87ba3b90.svs
7733,SLD-e47c98ea.svs SLD-28600311.svs SLD-c315d334.svs
7734,SLD-affe2554.svs SLD-6bf52dfd.svs SLD-a5e3a719.svs SLD-7281b8a9.svs SLD-54a8762b.svs SLD-e5aef699.svs SLD-6f6ddf79.svs
7735,SLD-fd0ba70e.svs SLD-b6e355f6.svs SLD-6c4c3935.svs
7736,SLD-01424249.svs SLD-a25130a8.svs SLD-955fbc33.svs
7737,SLD-c90853fd.svs SLD-fc9ea692.svs SLD-5ba830dc.svs SLD-a629d332.svs
7738,SLD-8d99743c.svs SLD-53f04099.svs SLD-813dd49a.svs SLD-06792b47.svs
7739,SLD-b5e2834d.svs SLD-53ff6644.svs
7740,SLD-9870c707.svs SLD-ef7f6bc8.svs SLD-b4577bf7.svs SLD-a25130a8.svs SLD-01424249.svs
7741,SLD-3be95767.svs SLD-5d158e44.svs
7742,SLD-ef7f6bc8.svs SLD-a25130a8.svs SLD-955fbc33.svs SLD-9870c707.svs
7743,SLD-7984f33f.svs SLD-6a594b07.svs SLD-ed0d0418.svs SLD-2d58bce9.svs
7744,SLD-a5e3a719.svs SLD-e5aef699.svs SLD-6bf52dfd.svs SLD-6f6ddf79.svs
7745,SLD-b6e355f6.svs
7746,SLD-de62d43f.svs SLD-dca5b353.svs
7747,SLD-dd138266.svs SLD-6e648043.svs
7748,SLD-f9154865.svs SLD-469a1289.svs SLD-69967b5c.svs SLD-734c5192.svs
7749,SLD-ec6e61bd.svs SLD-10b2e6e5.svs SLD-f0bd7405.svs SLD-650dd400.svs SLD-ed9081c1.svs SLD-a27ee80d.svs
7750,SLD-aa099a46.svs SLD-0262a5aa.svs
7751,SLD-4a8b77da.svs SLD-4b1dd9fd.svs SLD-27fa8b8a.svs
7752,SLD-8e4a295d.svs
7753,SLD-0e96ed9b.svs SLD-a217cf25.svs SLD-2fcf3b87.svs SLD-3be95767.svs SLD-be3feafd.svs
7754,SLD-444517ef.svs SLD-9d4319b5.svs
7755,SLD-e139d15d.svs SLD-6a27241f.svs SLD-2c2df3c2.svs SLD-bb9e5a02.svs SLD-3fafa217.svs SLD-37d316a4.svs
7756,SLD-94d7f681.svs SLD-d5511e14.svs
7757,SLD-31e9ca80.svs SLD-c6c3744c.svs SLD-58bf3b9e.svs SLD-c88e03b6.svs SLD-62276cbc.svs
7758,SLD-5fdd5329.svs SLD-854df9b6.svs
7759,SLD-de62d43f.svs
7760,SLD-da418b24.svs SLD-0c78c2f9.svs SLD-647640a1.svs SLD-e0acf9ff.svs SLD-1b4e1428.svs SLD-88d3281a.svs SLD-24eac3f4.svs
7761,SLD-ad0cabfc.svs SLD-1baf01f1.svs
7762,SLD-b6e355f6.svs SLD-5e4af862.svs
7763,SLD-ea5f24b6.svs SLD-843b2a7d.svs SLD-0a66dc4e.svs SLD-0a1727f7.svs SLD-399f8a8f.svs
7764,SLD-399f8a8f.svs SLD-0a1727f7.svs SLD-de6fec4b.svs SLD-10fc9eee.svs SLD-0a66dc4e.svs SLD-ea5f24b6.svs SLD-843b2a7d.svs
7765,SLD-8625dcb0.svs SLD-d5511e14.svs
7766,SLD-6ab01563.svs SLD-6c148fc6.svs SLD-ed28508d.svs
7767,SLD-080638c9.svs SLD-a0d9da58.svs SLD-496749fb.svs SLD-3db4cb81.svs
7768,
7769,SLD-d5511e14.svs SLD-3f79dd31.svs SLD-2b021118.svs SLD-beb778d6.svs SLD-e18d99ce.svs SLD-8625dcb0.svs SLD-ae63ad3a.svs
7770,SLD-488cac4e.svs SLD-bf1df687.svs SLD-40aaec7a.svs SLD-ac2c10d0.svs SLD-df0d6301.svs SLD-5a9414b8.svs SLD-e8a56f31.svs
7771,SLD-54a8762b.svs SLD-6bf52dfd.svs
7772,SLD-3fee2fc7.svs SLD-20ca35ab.svs
7773,SLD-a604e5af.svs
7774,SLD-3bcab3ea.svs
7775,SLD-8d56206d.svs
7776,SLD-5b9e42d0.svs
7777,SLD-67e98363.svs SLD-ae0fdbc8.svs SLD-7ce71b48.svs
7778,SLD-0061fd30.svs SLD-e583847f.svs SLD-14e16706.svs SLD-852d2ee5.svs
7779,SLD-3f79dd31.svs SLD-e18d99ce.svs
7780,SLD-6e648043.svs SLD-31234efe.svs SLD-1d7173e5.svs SLD-da54f267.svs
7781,SLD-ddfae808.svs SLD-86de3365.svs SLD-afd86432.svs SLD-11035083.svs SLD-14d4dad6.svs SLD-d8a230de.svs
7782,SLD-ab899605.svs SLD-9c19ed34.svs SLD-7fa74d8a.svs SLD-dfec4623.svs
7783,SLD-edec31ef.svs
7784,SLD-a1fdcdf1.svs
7785,SLD-2b2bcfda.svs SLD-b0445ebb.svs SLD-9d4319b5.svs SLD-15db4487.svs SLD-603803f3.svs
7786,SLD-6e648043.svs SLD-31234efe.svs SLD-d26d5396.svs SLD-1d7173e5.svs SLD-dd138266.svs SLD-da54f267.svs SLD-5bc7fdeb.svs
7787,SLD-b44788bd.svs
7788,SLD-53ff6644.svs SLD-2076d932.svs SLD-5ac5f4f0.svs SLD-919c21ed.svs SLD-d47133e7.svs
7789,SLD-3b9cea95.svs SLD-9ad7558f.svs SLD-b080e003.svs
7790,SLD-6c0be55c.svs SLD-e44fc3a9.svs
7791,SLD-4f8e3e01.svs
7792,SLD-88da091b.svs
7793,SLD-bd2cdb8d.svs SLD-13d72846.svs
7794,SLD-451437d6.svs SLD-f1c58f44.svs SLD-cda6a326.svs SLD-6480fdc0.svs SLD-4f8e3e01.svs
7795,
7796,SLD-23b870f3.svs SLD-4c88b9d8.svs SLD-5aa3892a.svs SLD-8f42cebe.svs
7797,SLD-6951743e.svs SLD-8a74bec5.svs SLD-698eecba.svs SLD-dfb87708.svs
7798,SLD-21681081.svs SLD-10fc9eee.svs SLD-de6fec4b.svs
7799,SLD-1417d4f9.svs SLD-9ed9c124.svs SLD-990e8f01.svs
7800,SLD-f4db1c1e.svs
7801,SLD-c095e099.svs SLD-f8542953.svs SLD-34367eaa.svs SLD-bb00d206.svs SLD-9df497f1.svs
7802,SLD-12bdf75f.svs SLD-64d02759.svs
7803,SLD-f30459cc.svs SLD-5b8c4949.svs SLD-06b42b6f.svs SLD-1f94e3c8.svs SLD-633d9c54.svs SLD-18a77594.svs
7804,SLD-956c2129.svs SLD-b934718f.svs SLD-614f1ddc.svs SLD-531da6ac.svs SLD-a2698c2d.svs SLD-2d492ca2.svs SLD-4bc972ce.svs
7805,SLD-920c3de9.svs SLD-08f1100b.svs SLD-432fb308.svs SLD-88239867.svs
7806,SLD-49b564fb.svs SLD-1aff71ae.svs
7807,SLD-706146ff.svs
7808,SLD-38a7ac54.svs SLD-8d3ac4b9.svs SLD-4d03cbdd.svs SLD-2fb01074.svs SLD-26b1caba.svs
7809,SLD-44f20133.svs SLD-f9df7275.svs
7810,SLD-566ff3ec.svs SLD-451437d6.svs SLD-f1c58f44.svs
7811,SLD-abe0a177.svs
7812,SLD-8f4ed442.svs SLD-2ca723c4.svs SLD-ccd66756.svs
7813,SLD-76a933cf.svs
7814,SLD-f3fa8613.svs SLD-7a658abe.svs SLD-68f49b51.svs SLD-64aba3f6.svs
7815,SLD-90e639e1.svs SLD-f20b575d.svs SLD-e44fc3a9.svs SLD-254bf7ae.svs
7816,SLD-7f107645.svs SLD-abf0f4bd.svs
7817,SLD-7e3801af.svs SLD-5b62a7c9.svs SLD-bc6284a8.svs SLD-e65d1c73.svs SLD-49bcf4a8.svs SLD-e1c25cd1.svs
7818,SLD-1417d4f9.svs SLD-1a895c62.svs
7819,SLD-f11ddff7.svs SLD-dd02e100.svs SLD-e3d48408.svs
7820,SLD-e7aad070.svs SLD-9a9dadd2.svs
7821,SLD-06b42b6f.svs SLD-30c42d61.svs SLD-106861d3.svs
7822,SLD-7f6b8793.svs SLD-b318ad4c.svs SLD-bc18a40b.svs SLD-4d4985dc.svs SLD-6d316b4a.svs SLD-55c7ed9d.svs SLD-1db2b452.svs
7823,SLD-ed469bf4.svs SLD-d5cf2dc4.svs
7824,SLD-d26d028d.svs SLD-dcff697d.svs
7825,SLD-6c596216.svs SLD-ae0fdbc8.svs SLD-905c053b.svs SLD-a36bcb01.svs SLD-25fdacbe.svs
7826,SLD-469a1289.svs SLD-69967b5c.svs SLD-734c5192.svs
7827,SLD-b5e2834d.svs
7828,SLD-852d2ee5.svs SLD-0061fd30.svs SLD-bdb62ff3.svs SLD-d9073286.svs SLD-7751b3fa.svs
7829,SLD-849b8a44.svs SLD-92e94e89.svs
7830,SLD-7c96eefa.svs SLD-5084a40f.svs
7831,SLD-dfec4623.svs SLD-ab899605.svs
7832,SLD-daa6b26a.svs
7833,SLD-b8d13539.svs SLD-0ff73f25.svs SLD-d8efb5c9.svs SLD-33251c76.svs SLD-75fc1b10.svs SLD-e7a2d2d0.svs
7834,SLD-4b7350d1.svs SLD-a32652e8.svs SLD-3421beaf.svs SLD-c149fa8e.svs
7835,SLD-5b61f92b.svs SLD-65fd5f69.svs SLD-76a933cf.svs
7836,SLD-4fdc1351.svs
7837,SLD-3f7a2748.svs SLD-2cbb93c2.svs SLD-6e84f8ea.svs SLD-6bf4d047.svs SLD-f5a3e893.svs SLD-c4841a8d.svs
7838,SLD-ea75e34d.svs SLD-669ff1b9.svs SLD-f902d6c0.svs
7839,SLD-788c31f6.svs SLD-c734bb05.svs
7840,SLD-ed28508d.svs SLD-9750ca7e.svs SLD-4c4b91fe.svs SLD-8cffbbb1.svs SLD-6ab01563.svs
7841,SLD-9cf600ec.svs SLD-93a25c9b.svs SLD-6e3a52d7.svs SLD-5b61f92b.svs
7842,SLD-7fa74d8a.svs SLD-ff88ec82.svs SLD-9c19ed34.svs SLD-33b5b3ce.svs SLD-ab899605.svs SLD-8af58903.svs
7843,SLD-3db612f4.svs SLD-6df2fc82.svs
7844,SLD-5d443821.svs SLD-79017990.svs SLD-2e573864.svs
7845,SLD-6b325d48.svs SLD-6faefeda.svs SLD-916b51ee.svs SLD-553a773a.svs SLD-c9a6e611.svs SLD-afb9f3a8.svs
7846,SLD-b8f35c26.svs SLD-e4751694.svs SLD-5cb6f1f0.svs SLD-ad0cabfc.svs
7847,SLD-531da6ac.svs
7848,SLD-6637c09f.svs SLD-4fab2ad8.svs SLD-acf606fc.svs SLD-5084a40f.svs SLD-7c96eefa.svs SLD-849648e8.svs
7849,SLD-ea5f24b6.svs SLD-21681081.svs
7850,SLD-fb0a6a90.svs SLD-e413961f.svs SLD-8805ae31.svs SLD-4384860c.svs SLD-cdfa4cc8.svs SLD-bc52b34e.svs
7851,SLD-8b1f1137.svs SLD-79faf501.svs SLD-848610cf.svs
7852,SLD-c7281f15.svs SLD-723dc8f5.svs SLD-735b3a80.svs SLD-b17078ee.svs SLD-b5cbb690.svs
7853,SLD-75fd3537.svs SLD-1aff71ae.svs
7854,SLD-e47638ec.svs SLD-f8db1a4d.svs SLD-a9fa4ea6.svs SLD-ec071cf1.svs
7855,SLD-5d158e44.svs
7856,SLD-734c5192.svs SLD-f9154865.svs
7857,SLD-ed7a6edf.svs SLD-dd5aacc7.svs SLD-1a895c62.svs SLD-9ed9c124.svs SLD-1417d4f9.svs SLD-b7c144fb.svs
7858,SLD-dba620f1.svs SLD-c315d334.svs SLD-e47c98ea.svs
7859,SLD-07fe6a4e.svs SLD-2a6f1e47.svs SLD-76a933cf.svs SLD-9cf600ec.svs
7860,SLD-0b4cba0a.svs SLD-0fe1cedf.svs SLD-a5387901.svs SLD-63b74101.svs SLD-69f12ccd.svs SLD-b2e74e77.svs SLD-cbf8e26a.svs
7861,SLD-a795ac54.svs SLD-104dff66.svs SLD-00fdec23.svs SLD-23f1b67e.svs SLD-598ca3b4.svs SLD-4a30f7cd.svs
7862,SLD-0061fd30.svs SLD-329cd43a.svs
7863,SLD-2fb01074.svs
7864,SLD-dcae667e.svs SLD-8eeb3fd8.svs SLD-96248805.svs SLD-0876daaa.svs SLD-6783b0c3.svs SLD-01ce5fc6.svs
7865,SLD-ef7f6bc8.svs
7866,SLD-d97d2b38.svs SLD-06999e1e.svs
7867,SLD-23b870f3.svs SLD-a1d20ebc.svs
7868,SLD-0b4cba0a.svs SLD-63b74101.svs
7869,SLD-3e1fa8ac.svs
7870,SLD-dc2897c6.svs SLD-4d236555.svs SLD-bc5074ac.svs SLD-84539813.svs
7871,SLD-9e0df45b.svs SLD-992a34a1.svs SLD-084fa819.svs
7872,SLD-848610cf.svs SLD-d21276c2.svs SLD-c5826444.svs
7873,SLD-79009c61.svs SLD-77cb1a27.svs
7874,SLD-87ba3b90.svs
7875,SLD-28948b4c.svs
7876,SLD-4d236555.svs
7877,SLD-fa4b0bc6.svs SLD-8c3fa29f.svs
7878,SLD-fba52e59.svs SLD-7ce71b48.svs SLD-a36bcb01.svs
7879,SLD-af8c96a9.svs SLD-58e760bf.svs
7880,SLD-84539813.svs SLD-baa172ac.svs
7881,SLD-e0acf9ff.svs SLD-1b4e1428.svs SLD-647640a1.svs SLD-88d3281a.svs SLD-b6a659ef.svs SLD-24eac3f4.svs SLD-0c78c2f9.svs
7882,SLD-5bf80676.svs SLD-2d8b5b41.svs SLD-1f12a0e9.svs SLD-078548d7.svs
7883,SLD-b7a02afd.svs SLD-0b09ec41.svs SLD-8a663359.svs SLD-789a2829.svs
7884,SLD-e0acf9ff.svs
7885,SLD-8f4ed442.svs SLD-ccd66756.svs SLD-14aaaefe.svs
7886,SLD-a32652e8.svs
7887,SLD-5f20f406.svs SLD-ba6a098f.svs SLD-f642c8f3.svs SLD-52177eb7.svs SLD-4b1678e4.svs
7888,SLD-1bce35d8.svs SLD-46e785ad.svs SLD-cbe88a3f.svs
7889,SLD-8463416a.svs SLD-e0efc989.svs SLD-d3d6362b.svs SLD-a4a98266.svs
7890,SLD-63d0fccd.svs SLD-261cec19.svs SLD-b7ed75b4.svs SLD-afdb4e0b.svs
7891,SLD-b080e003.svs SLD-2452bc39.svs SLD-3b9cea95.svs SLD-5e7f503c.svs SLD-dbf2eed1.svs SLD-064f768d.svs
7892,SLD-702a5b67.svs SLD-d7de701d.svs
7893,SLD-ec6e61bd.svs
7894,SLD-fbf70946.svs SLD-d6ada066.svs SLD-024bfe48.svs SLD-398071b1.svs
7895,SLD-a96e2bf4.svs SLD-734c5192.svs SLD-ac91c01e.svs SLD-f9154865.svs
7896,SLD-daa6b26a.svs SLD-b287c440.svs
7897,SLD-f25a3c68.svs SLD-7afc50cd.svs SLD-e8ef99e9.svs SLD-0262a5aa.svs SLD-edec31ef.svs
7898,SLD-5b8c4949.svs SLD-106861d3.svs SLD-1f94e3c8.svs SLD-f30459cc.svs
7899,SLD-75fd3537.svs
7900,SLD-76a933cf.svs
7901,SLD-1a895c62.svs SLD-9ed9c124.svs SLD-1417d4f9.svs SLD-dd5aacc7.svs SLD-b7c144fb.svs SLD-ed7a6edf.svs
7902,SLD-b261d0d2.svs SLD-f4db1c1e.svs SLD-8420b8d9.svs SLD-a604e5af.svs SLD-f46860a2.svs
7903,SLD-fd768f63.svs SLD-30a31251.svs SLD-86fadb0e.svs SLD-b4a06976.svs
7904,SLD-14827a89.svs
7905,SLD-91fd7d4a.svs
7906,SLD-7f6b8793.svs SLD-6d316b4a.svs SLD-55c7ed9d.svs
7907,SLD-5d158e44.svs SLD-a217cf25.svs SLD-be3feafd.svs SLD-defa7864.svs SLD-2fcf3b87.svs
7908,SLD-e10b4aad.svs
7909,SLD-feeac13d.svs SLD-6aeb5a32.svs
7910,SLD-8d5f52c0.svs SLD-29530a13.svs
7911,SLD-a3155940.svs SLD-0ecfb95b.svs
7912,SLD-06b42b6f.svs SLD-1f94e3c8.svs SLD-5b8c4949.svs SLD-18a77594.svs SLD-30c42d61.svs
7913,SLD-67e98363.svs SLD-ae0fdbc8.svs SLD-6c596216.svs SLD-25fdacbe.svs
7914,SLD-64aba3f6.svs
7915,SLD-3c740119.svs SLD-754724dd.svs SLD-7f107645.svs
7916,SLD-213124bd.svs SLD-88da091b.svs SLD-f3f05323.svs SLD-3bd5f8a2.svs
7917,SLD-469fc269.svs SLD-11ab249d.svs SLD-e291f5e1.svs SLD-94d50a99.svs
7918,SLD-e9e7e1ba.svs SLD-6b325d48.svs SLD-afb9f3a8.svs SLD-553a773a.svs SLD-6faefeda.svs
7919,SLD-bc5074ac.svs SLD-6279d944.svs SLD-4d236555.svs
7920,SLD-8c5c192f.svs
7921,SLD-2ee66e21.svs SLD-ec4f4490.svs SLD-d9efbb41.svs
7922,SLD-254bf7ae.svs SLD-f20b575d.svs SLD-1d0ab994.svs SLD-6d0c62c3.svs SLD-e44fc3a9.svs SLD-ec41e6f6.svs
7923,SLD-a2939b3b.svs SLD-8af58903.svs SLD-33b5b3ce.svs SLD-7fa74d8a.svs
7924,SLD-0262a5aa.svs SLD-e8ef99e9.svs SLD-f25a3c68.svs
7925,SLD-852d2ee5.svs SLD-14e16706.svs
7926,SLD-b66b6b0b.svs SLD-ec4f4490.svs SLD-b9534807.svs SLD-2ee66e21.svs SLD-53fb2ed1.svs
7927,SLD-a604e5af.svs SLD-a1c2d9bf.svs
7928,SLD-3c9a9236.svs SLD-ce8c037e.svs
7929,SLD-affe2554.svs SLD-a5e3a719.svs SLD-54a8762b.svs SLD-6bf52dfd.svs
7930,SLD-a1d53402.svs SLD-669ff1b9.svs
7931,SLD-d216ad53.svs SLD-f22a4fc6.svs SLD-d7133061.svs SLD-3cc4f772.svs
7932,SLD-ed469bf4.svs SLD-70d22718.svs SLD-eb1c3ba4.svs
7933,SLD-a92c3c3e.svs SLD-9c272c51.svs SLD-7176d181.svs SLD-3957f082.svs SLD-ac98a368.svs SLD-af3cb9d0.svs SLD-dfc8b87a.svs
7934,SLD-c674d244.svs
7935,SLD-96062930.svs
7936,SLD-53f3c158.svs SLD-40fe6898.svs
7937,SLD-91fd7d4a.svs SLD-739ac9e2.svs SLD-1a9e8547.svs
7938,SLD-3012ae1c.svs SLD-864696c1.svs SLD-5e6364c6.svs SLD-5882e3bb.svs
7939,SLD-ce5dc807.svs SLD-90823eda.svs
7940,SLD-4642cddb.svs SLD-7ee1a2a3.svs SLD-fbf70946.svs
7941,SLD-6df2fc82.svs SLD-c3a31607.svs
7942,SLD-4a82e06a.svs
7943,SLD-4e3c0f2d.svs
7944,SLD-21681081.svs SLD-399f8a8f.svs
7945,SLD-c674d244.svs SLD-69083bd6.svs SLD-b931a26d.svs
7946,SLD-f19b43da.svs SLD-356af737.svs SLD-09cd3bdf.svs
7947,SLD-080638c9.svs
7948,SLD-bbf9bb01.svs
7949,SLD-64e322cf.svs SLD-2e573864.svs
7950,SLD-c6be6432.svs SLD-a09f1aed.svs SLD-e38690e7.svs SLD-c7867a38.svs SLD-b2d10e3d.svs
7951,SLD-25d203e3.svs
7952,SLD-723dc8f5.svs SLD-3fbdaeed.svs
7953,SLD-64e322cf.svs SLD-28d798b4.svs SLD-5d443821.svs SLD-43eb280e.svs
7954,SLD-18a77594.svs SLD-30c42d61.svs SLD-106861d3.svs SLD-1f94e3c8.svs SLD-5b8c4949.svs
7955,SLD-cfe4fb66.svs SLD-3a8d1c00.svs SLD-c6962905.svs SLD-7c8d5368.svs SLD-ec3826bc.svs SLD-aaa28439.svs SLD-b259a6a0.svs
7956,SLD-907d8532.svs SLD-d47133e7.svs SLD-53ff6644.svs
7957,SLD-6fdc5e00.svs SLD-080638c9.svs
7958,SLD-706146ff.svs SLD-becba4c8.svs SLD-5931c9b4.svs SLD-338f4acf.svs SLD-28702bb1.svs SLD-9bd91220.svs
7959,SLD-5bd71dc6.svs SLD-4704768e.svs SLD-ea75e34d.svs SLD-a1d53402.svs
7960,SLD-b7a02afd.svs SLD-8a663359.svs SLD-1c5e1698.svs SLD-50852f4f.svs SLD-789a2829.svs SLD-abe0a177.svs SLD-30d6863f.svs
7961,SLD-f46860a2.svs
7962,SLD-698eecba.svs SLD-ca6cb87c.svs SLD-95e19cb6.svs
7963,SLD-849648e8.svs SLD-7c96eefa.svs SLD-4fab2ad8.svs
7964,SLD-b4480761.svs SLD-d9082a42.svs SLD-142a6c95.svs
7965,SLD-b8d13539.svs
7966,SLD-a1832fdb.svs SLD-5abec113.svs
7967,SLD-b8f35c26.svs SLD-1baf01f1.svs SLD-d13ec39c.svs SLD-5cb6f1f0.svs SLD-e4751694.svs SLD-7b0f78c1.svs
7968,SLD-79b68b95.svs SLD-cf085288.svs SLD-4bc01de3.svs SLD-23aa9e67.svs
7969,SLD-2b2bcfda.svs SLD-15db4487.svs SLD-444517ef.svs SLD-bb5f15c1.svs
7970,SLD-bc18a40b.svs SLD-7f6b8793.svs SLD-1db2b452.svs SLD-6d316b4a.svs SLD-4d4985dc.svs SLD-55c7ed9d.svs
7971,SLD-8e9b185e.svs
7972,SLD-722c353d.svs SLD-4a9686a4.svs SLD-58116722.svs SLD-3e581dd5.svs SLD-e7524102.svs SLD-eed15368.svs
7973,SLD-e1a9344e.svs SLD-955fbc33.svs SLD-b4577bf7.svs SLD-9870c707.svs SLD-fb24cba4.svs SLD-ef7f6bc8.svs SLD-a25130a8.svs
7974,
7975,SLD-82221345.svs
7976,SLD-dca5b353.svs
7977,SLD-eda67806.svs SLD-3bfb255e.svs SLD-61c61ae4.svs SLD-2d58bce9.svs SLD-6a594b07.svs SLD-3a19607d.svs SLD-ed0d0418.svs
7978,SLD-990e8f01.svs SLD-9ed9c124.svs SLD-6d5b7d50.svs SLD-b7c144fb.svs
7979,SLD-5abec113.svs
7980,SLD-c30759a4.svs SLD-dd55daaf.svs SLD-48a133ab.svs SLD-eb1d1061.svs
7981,SLD-dc2897c6.svs SLD-4fee7144.svs SLD-84539813.svs SLD-bc5074ac.svs SLD-baa172ac.svs SLD-41300879.svs
7982,SLD-53e83663.svs SLD-17337a7c.svs SLD-c1fa924e.svs SLD-9c14940d.svs
7983,SLD-beb778d6.svs SLD-2b021118.svs SLD-e18d99ce.svs SLD-3f79dd31.svs SLD-d5511e14.svs SLD-94d7f681.svs
7984,SLD-142a6c95.svs SLD-9ab3cc27.svs SLD-b4134208.svs SLD-d9082a42.svs SLD-232f8c5b.svs SLD-66dfeb1e.svs
7985,SLD-f75a7e6f.svs SLD-5a220eb2.svs SLD-3cf9d1fe.svs SLD-2b863694.svs SLD-4815642c.svs SLD-3d83ad7c.svs
7986,SLD-d1c3d1bc.svs SLD-c7867a38.svs SLD-c6be6432.svs SLD-e38690e7.svs SLD-a09f1aed.svs SLD-e27ac8e9.svs
7987,SLD-c67781b2.svs SLD-40d2d16f.svs
7988,SLD-c7281f15.svs
7989,SLD-2b66b1c0.svs
7990,SLD-0a8bc856.svs SLD-f9df7275.svs SLD-9da28338.svs SLD-074f3be0.svs SLD-61994015.svs SLD-f45c8840.svs
7991,SLD-9c899296.svs
7992,SLD-2ab465e9.svs SLD-d3d6362b.svs SLD-d97d2b38.svs SLD-e0efc989.svs SLD-fe656bef.svs SLD-06999e1e.svs SLD-a4a98266.svs
7993,SLD-92e94e89.svs SLD-849b8a44.svs
7994,SLD-e65d1c73.svs SLD-9f93e802.svs SLD-49bcf4a8.svs SLD-e1c25cd1.svs SLD-7e3801af.svs SLD-bc6284a8.svs SLD-5b62a7c9.svs
7995,SLD-85e74250.svs SLD-8513d91e.svs SLD-6a325333.svs SLD-22696227.svs
7996,SLD-059ebb2e.svs SLD-7ed61f4e.svs SLD-8d5f52c0.svs SLD-a31ca36b.svs SLD-03927935.svs
7997,SLD-b9f94ec6.svs SLD-09cd3bdf.svs SLD-4aaeb212.svs SLD-50ae2652.svs SLD-356af737.svs SLD-f19b43da.svs SLD-6253dfe3.svs
7998,SLD-113c1836.svs SLD-fde9d47d.svs
7999,SLD-16408169.svs SLD-f97ccc57.svs SLD-ce5dc807.svs SLD-fdd2ed7a.svs
8000,SLD-d560e64c.svs SLD-739ac9e2.svs SLD-55f7792a.svs
8001,SLD-9870c707.svs SLD-01424249.svs SLD-fb24cba4.svs SLD-b4577bf7.svs SLD-ef7f6bc8.svs SLD-e1a9344e.svs SLD-955fbc33.svs
8002,SLD-75f2bc20.svs SLD-54a1d505.svs SLD-a7f5195c.svs SLD-2922fbd8.svs SLD-261908b9.svs
8003,SLD-62276cbc.svs SLD-c6c3744c.svs SLD-a6245b59.svs SLD-c88e03b6.svs SLD-58bf3b9e.svs SLD-c707aef9.svs
8004,
8005,SLD-94d7f681.svs
8006,
8007,SLD-4b1dd9fd.svs SLD-52b04994.svs
8008,SLD-cbf1f93c.svs SLD-1c2c7a34.svs SLD-94665d45.svs
8009,SLD-877a2133.svs SLD-0ecfb95b.svs
8010,SLD-2d4ba5a4.svs SLD-a629d332.svs SLD-542d19c0.svs SLD-c90853fd.svs
8011,SLD-64e322cf.svs SLD-28d798b4.svs SLD-43eb280e.svs SLD-5d443821.svs
8012,SLD-2d58bce9.svs SLD-ed0d0418.svs SLD-6a594b07.svs SLD-7984f33f.svs
8013,SLD-5163de1d.svs SLD-8df7a267.svs SLD-b4a06976.svs SLD-86fadb0e.svs SLD-fd768f63.svs
8014,SLD-ba6a098f.svs
8015,SLD-7f6bf51b.svs SLD-fbf70946.svs
8016,SLD-1b4e1428.svs SLD-b6a659ef.svs SLD-0c78c2f9.svs SLD-647640a1.svs SLD-24eac3f4.svs SLD-e0acf9ff.svs SLD-88d3281a.svs
8017,SLD-4916e844.svs SLD-3380dcfc.svs SLD-8e9b185e.svs SLD-c9fe6036.svs
8018,SLD-ae63ad3a.svs SLD-3f79dd31.svs SLD-e18d99ce.svs SLD-94d7f681.svs SLD-d5511e14.svs
8019,SLD-517fa07e.svs SLD-e4751694.svs
8020,SLD-07fe6a4e.svs
8021,SLD-9ef1c846.svs SLD-ffeb5d5f.svs SLD-00f520f4.svs SLD-df8693ce.svs SLD-0a8aa1e4.svs SLD-1dbc24fd.svs
8022,SLD-d9efbb41.svs SLD-b66b6b0b.svs SLD-2ee66e21.svs SLD-ec4f4490.svs
8023,SLD-b931a26d.svs SLD-7b056d02.svs
8024,SLD-739ac9e2.svs SLD-91fd7d4a.svs SLD-1a9e8547.svs SLD-6d7fe9b2.svs SLD-d560e64c.svs SLD-5a31a6a6.svs
8025,SLD-9ad7558f.svs SLD-064f768d.svs SLD-2452bc39.svs SLD-3b9cea95.svs SLD-b080e003.svs SLD-eecb325b.svs SLD-dbf2eed1.svs
8026,SLD-e7a2d2d0.svs
8027,SLD-affe2554.svs SLD-6f6ddf79.svs SLD-6bf52dfd.svs
8028,SLD-a1ab17c0.svs SLD-3421beaf.svs SLD-4b7350d1.svs SLD-a32652e8.svs SLD-0078cb12.svs SLD-c149fa8e.svs
8029,SLD-48622a67.svs SLD-6a325333.svs SLD-22696227.svs SLD-85e74250.svs SLD-dc66a27b.svs SLD-4a294067.svs
8030,SLD-731c877a.svs SLD-ce8c037e.svs SLD-dd1f8e30.svs SLD-b6bca2a2.svs SLD-e51c0cdb.svs SLD-824734df.svs SLD-3c9a9236.svs
8031,SLD-7ee1a2a3.svs SLD-024bfe48.svs
8032,SLD-f902d6c0.svs
8033,SLD-9d0b6f5e.svs SLD-196d362d.svs SLD-f48ef9a8.svs SLD-fec24805.svs
8034,SLD-531da6ac.svs SLD-2d492ca2.svs
8035,SLD-30f2c485.svs SLD-6f1bdd07.svs SLD-49b564fb.svs SLD-24039721.svs SLD-75fd3537.svs SLD-92a651d7.svs
8036,SLD-65e04993.svs SLD-33a1d1c2.svs SLD-7f411fed.svs
8037,SLD-c734bb05.svs SLD-052daad3.svs
8038,SLD-94d7f681.svs SLD-ae63ad3a.svs SLD-d5511e14.svs SLD-e18d99ce.svs
8039,SLD-58116722.svs SLD-722c353d.svs SLD-4a9686a4.svs SLD-eed15368.svs SLD-1ee1723b.svs SLD-277dfc7b.svs
8040,SLD-078548d7.svs SLD-b1182d23.svs SLD-586f1721.svs SLD-028d042b.svs SLD-5bf80676.svs SLD-1f12a0e9.svs
8041,SLD-2076d932.svs
8042,SLD-88da091b.svs SLD-213124bd.svs SLD-0b2f8580.svs
8043,SLD-7ce71b48.svs
8044,SLD-0b6d9611.svs
8045,SLD-7e083c1b.svs SLD-03c8e104.svs
8046,SLD-09c64c1d.svs
8047,SLD-7f6bf51b.svs SLD-024bfe48.svs
8048,SLD-c707aef9.svs
8049,SLD-907d8532.svs SLD-919c21ed.svs
8050,SLD-bb5f15c1.svs SLD-cb18d6a4.svs SLD-444517ef.svs SLD-2b2bcfda.svs SLD-603803f3.svs SLD-15db4487.svs
8051,SLD-4643d705.svs SLD-ed2ee36f.svs SLD-9251ad08.svs SLD-3df8eeef.svs
8052,SLD-ed9081c1.svs
8053,SLD-59e8484c.svs SLD-f6b4160b.svs SLD-aab6941b.svs
8054,SLD-ec3826bc.svs SLD-cfe4fb66.svs SLD-40fe81ec.svs SLD-aaa28439.svs SLD-c6962905.svs
8055,SLD-b7a02afd.svs
8056,SLD-30d6863f.svs SLD-b7a02afd.svs
8057,SLD-ebe0572c.svs SLD-56e9b78d.svs SLD-315e8080.svs SLD-3891aef5.svs
8058,SLD-3db612f4.svs SLD-6df2fc82.svs SLD-72323dc9.svs
8059,SLD-e5aef699.svs SLD-6f6ddf79.svs SLD-6bf52dfd.svs SLD-54a8762b.svs
8060,SLD-3e581dd5.svs SLD-e7524102.svs SLD-722c353d.svs SLD-eed15368.svs SLD-4a9686a4.svs
8061,SLD-c9f35bf8.svs SLD-38a7ac54.svs SLD-cc869dea.svs SLD-4d03cbdd.svs SLD-8d3ac4b9.svs SLD-26b1caba.svs
8062,SLD-fef06b04.svs SLD-68032f7e.svs
8063,SLD-0f2670d2.svs SLD-f19b43da.svs SLD-50ae2652.svs
8064,SLD-e44a01f6.svs SLD-c2112eda.svs SLD-f1e7ea9b.svs SLD-2f6570d7.svs SLD-9251ad08.svs
8065,SLD-fb24cba4.svs SLD-e1a9344e.svs
8066,SLD-53f3c158.svs
8067,SLD-bc52b34e.svs SLD-8805ae31.svs SLD-e413961f.svs SLD-fb0a6a90.svs SLD-68c6dd5e.svs
8068,SLD-5cfa38b1.svs SLD-a02ebb76.svs SLD-4a8b77da.svs SLD-f3ca5f64.svs
8069,SLD-9870c707.svs SLD-ef7f6bc8.svs SLD-01424249.svs SLD-a25130a8.svs
8070,SLD-028d042b.svs SLD-586f1721.svs SLD-078548d7.svs
8071,SLD-23b870f3.svs
8072,SLD-2db6de21.svs
8073,SLD-f25a3c68.svs SLD-e8ef99e9.svs SLD-aa099a46.svs SLD-7afc50cd.svs SLD-b8bc6621.svs SLD-edec31ef.svs SLD-f2d7fe55.svs
8074,SLD-3fee2fc7.svs SLD-d7285256.svs
8075,SLD-91fd7d4a.svs
8076,SLD-f5feba5e.svs SLD-c2953f51.svs
8077,SLD-4af0a6fe.svs SLD-abf0f4bd.svs SLD-16f14aad.svs
8078,SLD-c4841a8d.svs SLD-3f7a2748.svs SLD-2cbb93c2.svs SLD-74151acc.svs
8079,SLD-b56b9357.svs SLD-53f3c158.svs SLD-b34dc8b0.svs
8080,SLD-ecf150e6.svs SLD-9c899296.svs SLD-0c15a575.svs
8081,SLD-e8a56f31.svs SLD-40aaec7a.svs SLD-c15648ff.svs
8082,SLD-9b87cc5e.svs SLD-5a31a6a6.svs
8083,SLD-d6ada066.svs
8084,SLD-90e639e1.svs SLD-ec41e6f6.svs SLD-254bf7ae.svs
8085,SLD-b52f6009.svs SLD-8a647b9f.svs
8086,SLD-5121f31f.svs SLD-13801f25.svs SLD-8c3fa29f.svs SLD-a94501d7.svs SLD-def1274a.svs
8087,SLD-3346f7c6.svs SLD-b9b5c70e.svs
8088,SLD-f97ccc57.svs SLD-90823eda.svs SLD-a38d8afc.svs
8089,SLD-e0acf9ff.svs SLD-24eac3f4.svs
8090,SLD-584d3c02.svs
8091,SLD-f436498e.svs SLD-1f626a97.svs
8092,SLD-39d5b552.svs SLD-ab1e6794.svs SLD-42965873.svs SLD-abecfc0b.svs SLD-b9cde60c.svs
8093,SLD-38553ac8.svs SLD-d7285256.svs
8094,SLD-5bbdd1f4.svs
8095,SLD-eecb325b.svs SLD-3b9cea95.svs SLD-5e7f503c.svs
8096,SLD-9bbac838.svs SLD-315e8080.svs SLD-7425f4e9.svs SLD-56e9b78d.svs SLD-ebe0572c.svs
8097,SLD-c9a6e611.svs SLD-916b51ee.svs SLD-553a773a.svs SLD-06c4e109.svs SLD-6b325d48.svs
8098,SLD-f5feba5e.svs SLD-17b18e6e.svs SLD-c3121af6.svs
8099,SLD-a11b26b0.svs SLD-1e709e19.svs
8100,SLD-16408169.svs SLD-60257199.svs
8101,SLD-dd02e100.svs
8102,SLD-5d443821.svs SLD-3ad23fbf.svs SLD-28d798b4.svs
8103,SLD-b4577bf7.svs SLD-01424249.svs SLD-a25130a8.svs
8104,SLD-2922fbd8.svs SLD-a7f5195c.svs
8105,SLD-0212585b.svs SLD-61f6c877.svs
8106,SLD-734c5192.svs SLD-69967b5c.svs SLD-469a1289.svs
8107,SLD-6bf4d047.svs SLD-5723a959.svs SLD-2cbb93c2.svs SLD-f5a3e893.svs SLD-3f7a2748.svs SLD-74151acc.svs
8108,SLD-21681081.svs
8109,SLD-c602bd20.svs
8110,SLD-ba626aee.svs
8111,SLD-26b1caba.svs SLD-2fb01074.svs SLD-4d03cbdd.svs SLD-c9f35bf8.svs SLD-8d3ac4b9.svs
8112,SLD-e44a01f6.svs SLD-c2112eda.svs
8113,SLD-6d3f4b37.svs SLD-650dd400.svs SLD-a27ee80d.svs SLD-ec6e61bd.svs SLD-70c455a9.svs SLD-10b2e6e5.svs
8114,SLD-17ee2fe6.svs
8115,SLD-55c7ed9d.svs SLD-1db2b452.svs
8116,SLD-7e3801af.svs SLD-5b62a7c9.svs SLD-9f93e802.svs SLD-d1a8d7b0.svs SLD-e65d1c73.svs SLD-bc6284a8.svs SLD-49bcf4a8.svs
8117,SLD-6279d944.svs SLD-bc5074ac.svs SLD-baa172ac.svs SLD-41300879.svs
8118,SLD-bb5f15c1.svs SLD-cb18d6a4.svs SLD-b0445ebb.svs SLD-444517ef.svs SLD-9d4319b5.svs
8119,SLD-990e8f01.svs SLD-9ed9c124.svs SLD-b7c144fb.svs
8120,SLD-a07f7f47.svs SLD-9045a445.svs SLD-958cd60e.svs SLD-50c6fa8c.svs SLD-7c2b940d.svs SLD-fe38784b.svs SLD-f489362c.svs
8121,SLD-e47c98ea.svs SLD-35bbcdb0.svs SLD-bda31488.svs
8122,SLD-2d492ca2.svs SLD-614f1ddc.svs SLD-b934718f.svs
8123,
8124,SLD-c963d148.svs SLD-598ca3b4.svs SLD-104dff66.svs SLD-23f1b67e.svs
8125,SLD-5d443821.svs SLD-43eb280e.svs SLD-2e573864.svs SLD-28d798b4.svs
8126,SLD-72323dc9.svs SLD-c3a31607.svs SLD-40d2d16f.svs SLD-3db612f4.svs SLD-6df2fc82.svs
8127,SLD-376e22a6.svs
8128,SLD-5e4af862.svs
8129,SLD-eb1d1061.svs SLD-28b4d5b9.svs SLD-9717aa6e.svs
8130,SLD-d1c3d1bc.svs
8131,SLD-52ab793f.svs SLD-8930d179.svs SLD-533c9a31.svs
8132,SLD-c4841a8d.svs SLD-6e84f8ea.svs SLD-5723a959.svs SLD-3f7a2748.svs SLD-74151acc.svs
8133,
8134,SLD-88a0edce.svs SLD-4384860c.svs SLD-e413961f.svs SLD-8805ae31.svs SLD-68c6dd5e.svs SLD-cdfa4cc8.svs SLD-bc52b34e.svs
8135,SLD-9045a445.svs
8136,SLD-09aedbd0.svs SLD-bc18a40b.svs
8137,SLD-23b870f3.svs SLD-4c88b9d8.svs SLD-ab12fb53.svs
8138,SLD-df8693ce.svs SLD-00f520f4.svs SLD-9ef1c846.svs SLD-0a8aa1e4.svs
8139,SLD-3db4cb81.svs SLD-4bebcf4f.svs SLD-b2e02961.svs
8140,SLD-3b8f5fc7.svs SLD-7c96eefa.svs SLD-8091a21d.svs SLD-6637c09f.svs
8141,SLD-0fe1cedf.svs
8142,SLD-27fa8b8a.svs SLD-a02ebb76.svs SLD-52b04994.svs
8143,SLD-469a1289.svs
8144,SLD-f164f9d8.svs SLD-91fcfe88.svs
8145,SLD-86fadb0e.svs SLD-5163de1d.svs SLD-c857d8c3.svs
8146,SLD-1349747a.svs SLD-ca20854d.svs
8147,
8148,SLD-4643d705.svs
8149,SLD-3df8eeef.svs SLD-4643d705.svs SLD-9251ad08.svs SLD-e44a01f6.svs SLD-ed2ee36f.svs SLD-c2112eda.svs
8150,SLD-3b8f5fc7.svs
8151,SLD-432fb308.svs
8152,SLD-8a83efc8.svs
8153,SLD-9b050db2.svs SLD-46e785ad.svs SLD-b02de52c.svs
8154,SLD-ac91c01e.svs SLD-586523b8.svs SLD-734c5192.svs SLD-469a1289.svs SLD-a96e2bf4.svs SLD-69967b5c.svs SLD-fc145cfe.svs
8155,SLD-a2834536.svs
8156,SLD-ef38d426.svs
8157,SLD-6c835975.svs
8158,SLD-94d50a99.svs SLD-409b3c5b.svs SLD-e291f5e1.svs SLD-d5e8b89c.svs SLD-eba08424.svs
8159,SLD-dcff697d.svs
8160,SLD-8a647b9f.svs SLD-e46232e7.svs SLD-0bee2ebd.svs SLD-b44788bd.svs
8161,SLD-38a7ac54.svs SLD-8d3ac4b9.svs SLD-4d03cbdd.svs SLD-25323fd3.svs SLD-26b1caba.svs
8162,SLD-e8a56f31.svs SLD-5a9414b8.svs
8163,SLD-2fb01074.svs SLD-8d3ac4b9.svs SLD-c9f35bf8.svs SLD-26b1caba.svs
8164,SLD-17337a7c.svs SLD-4e98ce25.svs
8165,SLD-fb46ed39.svs SLD-f0fcccc6.svs SLD-28948b4c.svs
8166,SLD-9c14940d.svs
8167,SLD-398071b1.svs SLD-4fbe2aae.svs SLD-4642cddb.svs
8168,SLD-4e98ce25.svs
8169,SLD-4332559d.svs SLD-87ba3b90.svs SLD-1e415c4e.svs SLD-cad00273.svs
8170,SLD-98ba0f0e.svs SLD-353e0c86.svs SLD-a8b56f85.svs SLD-24aeba79.svs
8171,SLD-afb9f3a8.svs SLD-e9e7e1ba.svs SLD-06c4e109.svs SLD-6b325d48.svs SLD-553a773a.svs SLD-c9a6e611.svs
8172,SLD-669ff1b9.svs SLD-ea75e34d.svs SLD-5bd71dc6.svs
8173,SLD-5b45cf5a.svs SLD-d7de701d.svs
8174,SLD-0b6d9611.svs SLD-7499b28c.svs SLD-f4dd05d5.svs SLD-ca20854d.svs
8175,SLD-c90853fd.svs SLD-2d4ba5a4.svs SLD-4fdc1351.svs SLD-542d19c0.svs
8176,SLD-ccd66756.svs SLD-8f4ed442.svs SLD-d03459a4.svs SLD-14aaaefe.svs
8177,SLD-254bf7ae.svs SLD-ec41e6f6.svs
8178,SLD-0a9d499c.svs SLD-b934718f.svs
8179,SLD-992a34a1.svs SLD-c734bb05.svs SLD-084fa819.svs
8180,SLD-1349747a.svs SLD-a1cba182.svs SLD-f4dd05d5.svs SLD-0b6d9611.svs SLD-e6e4b8df.svs
8181,SLD-29bccee9.svs SLD-a92d6b05.svs SLD-a71b80ef.svs
8182,SLD-4815642c.svs SLD-3d83ad7c.svs
8183,SLD-95fc7389.svs SLD-14aaaefe.svs SLD-ccd66756.svs SLD-d03459a4.svs SLD-8f4ed442.svs SLD-153251c9.svs
8184,SLD-14aaaefe.svs SLD-153251c9.svs SLD-95fc7389.svs SLD-d03459a4.svs
8185,SLD-b4480761.svs SLD-9ab3cc27.svs
8186,SLD-dcff697d.svs
8187,SLD-8f3e64f4.svs SLD-dfecb2ae.svs SLD-c7afae8f.svs SLD-af8c96a9.svs
8188,SLD-e4b82987.svs SLD-24aeba79.svs SLD-ac7b7ab2.svs SLD-a8b56f85.svs SLD-346d2b7e.svs
8189,SLD-ff88ec82.svs SLD-9c19ed34.svs
8190,SLD-58ea0417.svs SLD-393031a6.svs SLD-b5178761.svs SLD-378b094c.svs
8191,SLD-f45da406.svs SLD-6a480542.svs SLD-101bb5fa.svs SLD-07dc02b1.svs
8192,SLD-a8e6a772.svs SLD-abecfc0b.svs SLD-a867a0f0.svs SLD-39d5b552.svs SLD-b9cde60c.svs SLD-42965873.svs
8193,SLD-4d236555.svs SLD-dc2897c6.svs SLD-bc5074ac.svs SLD-4fee7144.svs
8194,SLD-d7a3283c.svs SLD-27e969e2.svs
8195,SLD-be3feafd.svs SLD-0e96ed9b.svs SLD-a217cf25.svs
8196,SLD-fec24805.svs SLD-581332c2.svs SLD-9d0b6f5e.svs SLD-f48ef9a8.svs SLD-8fad725d.svs SLD-feeac13d.svs
8197,SLD-3e2aad3e.svs
8198,SLD-b22b8974.svs
8199,SLD-c1fa924e.svs
8200,SLD-8091a21d.svs
8201,SLD-c13e66af.svs
8202,SLD-4384860c.svs SLD-fb0a6a90.svs SLD-bc52b34e.svs SLD-e413961f.svs
8203,SLD-e30d04fd.svs
8204,SLD-8476af98.svs SLD-425de95f.svs SLD-b56b9357.svs SLD-40fe6898.svs SLD-b34dc8b0.svs SLD-c846bf90.svs SLD-ef7dee1a.svs
8205,SLD-6d0c62c3.svs SLD-1d0ab994.svs SLD-f20b575d.svs SLD-90e639e1.svs SLD-6c0be55c.svs SLD-e44fc3a9.svs
8206,SLD-44e8a604.svs SLD-28702bb1.svs SLD-706146ff.svs SLD-becba4c8.svs SLD-9bd91220.svs SLD-338f4acf.svs SLD-5931c9b4.svs
8207,SLD-63d0fccd.svs SLD-b7ed75b4.svs SLD-cd34bcd7.svs
8208,SLD-ad9d1f42.svs SLD-8b32992a.svs SLD-3b7c1f9a.svs SLD-c2953f51.svs SLD-c3121af6.svs
8209,SLD-deffed7a.svs
8210,SLD-ae0fdbc8.svs
8211,SLD-156af458.svs SLD-379deda1.svs SLD-b6e355f6.svs SLD-fd0ba70e.svs SLD-385af463.svs
8212,SLD-425de95f.svs SLD-b56b9357.svs SLD-c846bf90.svs SLD-ef7dee1a.svs SLD-40fe6898.svs SLD-53f3c158.svs SLD-b34dc8b0.svs
8213,SLD-a9fa4ea6.svs SLD-22c71d04.svs
8214,SLD-5b8c4949.svs SLD-06b42b6f.svs SLD-f30459cc.svs SLD-1f94e3c8.svs
8215,SLD-350d278d.svs
8216,SLD-90823eda.svs SLD-16408169.svs SLD-ce5dc807.svs SLD-f97ccc57.svs SLD-fdd2ed7a.svs
8217,SLD-94d7f681.svs SLD-3f79dd31.svs
8218,SLD-5bf57279.svs SLD-6e927501.svs SLD-f902d6c0.svs SLD-a1d53402.svs SLD-4704768e.svs SLD-5bd71dc6.svs SLD-ea75e34d.svs
8219,SLD-d3d6362b.svs
8220,SLD-b58c1e9f.svs SLD-ed4879e7.svs
8221,SLD-b287c440.svs SLD-efd164ee.svs SLD-2a0b2040.svs SLD-ed4879e7.svs SLD-e30d04fd.svs SLD-0ef05b6f.svs
8222,SLD-3a8d1c00.svs SLD-c6962905.svs SLD-b259a6a0.svs SLD-40fe81ec.svs SLD-cfe4fb66.svs
8223,SLD-cef980ce.svs
8224,SLD-6480fdc0.svs SLD-451437d6.svs
8225,SLD-88da091b.svs
8226,SLD-bd2cdb8d.svs
8227,SLD-7f107645.svs SLD-5bbdd1f4.svs SLD-4af0a6fe.svs SLD-abf0f4bd.svs SLD-3c740119.svs SLD-16f14aad.svs
8228,SLD-8b32992a.svs SLD-7f67ee1a.svs SLD-f5feba5e.svs
8229,SLD-c09fcd8f.svs
8230,SLD-b22b8974.svs SLD-28280370.svs SLD-8c5c192f.svs
8231,SLD-6aeb5a32.svs SLD-196d362d.svs SLD-feeac13d.svs
8232,SLD-14aaaefe.svs SLD-153251c9.svs SLD-95fc7389.svs SLD-d020baee.svs SLD-ccd66756.svs SLD-d03459a4.svs SLD-8f4ed442.svs
8233,SLD-79009c61.svs SLD-8f42cebe.svs SLD-5aa3892a.svs SLD-23b870f3.svs
8234,SLD-53e83663.svs SLD-9c14940d.svs SLD-c602bd20.svs
8235,SLD-96062930.svs SLD-c315d334.svs SLD-e47c98ea.svs
8236,SLD-6df2fc82.svs
8237,SLD-50c6fa8c.svs SLD-10345193.svs SLD-958cd60e.svs
8238,SLD-0542bd75.svs SLD-99e8c828.svs SLD-b3c161c3.svs
8239,SLD-2c805ac7.svs SLD-8c833848.svs SLD-6c835975.svs SLD-d48457df.svs
8240,SLD-b080e003.svs SLD-eecb325b.svs SLD-064f768d.svs SLD-9ad7558f.svs SLD-2452bc39.svs
8241,SLD-7f107645.svs SLD-754724dd.svs SLD-269b6c3b.svs SLD-abf0f4bd.svs
8242,
8243,SLD-c202387b.svs SLD-849b8a44.svs SLD-cb4d18d6.svs SLD-1734a26c.svs
8244,SLD-c963d148.svs SLD-104dff66.svs SLD-00fdec23.svs SLD-598ca3b4.svs SLD-23f1b67e.svs SLD-01d34690.svs
8245,SLD-7176d181.svs SLD-dfc8b87a.svs SLD-af3cb9d0.svs SLD-ac98a368.svs SLD-a92c3c3e.svs SLD-3957f082.svs SLD-3e2b6653.svs
8246,SLD-ad4ab155.svs SLD-350d278d.svs SLD-33a1d1c2.svs SLD-65e04993.svs SLD-7f411fed.svs
8247,SLD-af3cb9d0.svs SLD-3957f082.svs SLD-3e2b6653.svs SLD-ac98a368.svs SLD-9c272c51.svs SLD-7176d181.svs SLD-dfc8b87a.svs
8248,SLD-5bf57279.svs SLD-a1d53402.svs SLD-4704768e.svs SLD-5bd71dc6.svs
8249,SLD-af8c96a9.svs SLD-58e760bf.svs SLD-57d1d37c.svs SLD-18f7e499.svs SLD-dfecb2ae.svs SLD-8f3e64f4.svs
8250,SLD-586523b8.svs SLD-ac91c01e.svs
8251,SLD-5b61f92b.svs SLD-07fe6a4e.svs SLD-93a25c9b.svs
8252,SLD-efa2ce12.svs SLD-6c835975.svs SLD-2c805ac7.svs
8253,SLD-6e05724d.svs SLD-1e709e19.svs SLD-43a061c4.svs SLD-a11b26b0.svs
8254,SLD-7c8d5368.svs
8255,SLD-2fcf3b87.svs SLD-3be95767.svs SLD-0e96ed9b.svs SLD-defa7864.svs
8256,SLD-b4a06976.svs SLD-579e9a46.svs SLD-c857d8c3.svs
8257,SLD-4fab2ad8.svs SLD-8091a21d.svs SLD-acf606fc.svs SLD-6637c09f.svs SLD-7c96eefa.svs
8258,SLD-f436498e.svs
8259,SLD-b56b9357.svs SLD-53f3c158.svs SLD-ef7dee1a.svs SLD-8476af98.svs
8260,SLD-444517ef.svs SLD-2b2bcfda.svs SLD-b0445ebb.svs SLD-603803f3.svs
8261,SLD-eda67806.svs SLD-2d58bce9.svs
8262,SLD-9d263e76.svs SLD-3d3703f8.svs SLD-05f2b928.svs SLD-cef980ce.svs SLD-beb9c9e2.svs
8263,SLD-2b2bcfda.svs SLD-15db4487.svs SLD-b0445ebb.svs SLD-cb18d6a4.svs SLD-9d4319b5.svs SLD-444517ef.svs
8264,SLD-3c9590d3.svs SLD-3e2aad3e.svs SLD-4a82e06a.svs SLD-50de4292.svs
8265,SLD-0a9d499c.svs SLD-b934718f.svs SLD-2d492ca2.svs SLD-4bc972ce.svs SLD-956c2129.svs SLD-531da6ac.svs
8266,SLD-15ac15c3.svs SLD-0e96ed9b.svs SLD-2fcf3b87.svs SLD-be3feafd.svs SLD-a217cf25.svs
8267,SLD-59e8484c.svs
8268,SLD-1c2c7a34.svs SLD-284b7bcd.svs
8269,SLD-96248805.svs SLD-8f08963c.svs SLD-0876daaa.svs SLD-8eeb3fd8.svs
8270,SLD-a38d8afc.svs SLD-90823eda.svs SLD-f97ccc57.svs SLD-10da8a95.svs
8271,SLD-e51c0cdb.svs SLD-be792965.svs SLD-b6bca2a2.svs SLD-dd1f8e30.svs SLD-3c9a9236.svs SLD-ce8c037e.svs SLD-731c877a.svs
8272,SLD-91fcfe88.svs SLD-7e56ac3d.svs SLD-dc2151e1.svs
8273,SLD-7176d181.svs SLD-3e2b6653.svs SLD-9c272c51.svs SLD-af3cb9d0.svs SLD-a92c3c3e.svs SLD-dfc8b87a.svs SLD-ac98a368.svs
8274,SLD-84403b37.svs SLD-0e5bc44c.svs SLD-98decbf6.svs SLD-42734d1c.svs
8275,SLD-5a220eb2.svs SLD-a2bb6283.svs SLD-2b863694.svs SLD-4815642c.svs SLD-3cf9d1fe.svs
8276,SLD-2cbb93c2.svs SLD-6e84f8ea.svs SLD-f5a3e893.svs SLD-6bf4d047.svs SLD-74151acc.svs SLD-5723a959.svs SLD-3f7a2748.svs
8277,SLD-953c178e.svs
8278,SLD-1519401c.svs SLD-c5826444.svs SLD-d21276c2.svs SLD-8e50c79a.svs SLD-8b1f1137.svs SLD-848610cf.svs
8279,SLD-ce1bb02a.svs SLD-cb4d18d6.svs SLD-c202387b.svs SLD-849b8a44.svs
8280,SLD-6af944e0.svs SLD-0932f5b6.svs SLD-f11ddff7.svs SLD-7b38785b.svs SLD-2412579d.svs SLD-e3d48408.svs
8281,SLD-ab12fb53.svs SLD-a1d20ebc.svs SLD-77cb1a27.svs SLD-23b870f3.svs SLD-79009c61.svs SLD-4c88b9d8.svs SLD-8f42cebe.svs
8282,SLD-3ad23fbf.svs SLD-2e573864.svs SLD-64e322cf.svs SLD-5d443821.svs SLD-8a7f03ae.svs SLD-28d798b4.svs SLD-79017990.svs
8283,SLD-eda67806.svs SLD-2d58bce9.svs SLD-3bfb255e.svs
8284,SLD-dfec4623.svs SLD-a2939b3b.svs SLD-33b5b3ce.svs SLD-7fa74d8a.svs
8285,SLD-adb6da35.svs SLD-99a2ecb1.svs SLD-ce1bb02a.svs SLD-1734a26c.svs SLD-c202387b.svs
8286,SLD-fba52e59.svs SLD-905c053b.svs
8287,SLD-ef7f6bc8.svs
8288,SLD-b8f35c26.svs SLD-5cb6f1f0.svs SLD-517fa07e.svs SLD-7b0f78c1.svs
8289,
8290,SLD-cf2a2198.svs SLD-a92d6b05.svs
8291,SLD-cc869dea.svs SLD-c9f35bf8.svs SLD-26b1caba.svs SLD-2fb01074.svs
8292,SLD-92a651d7.svs SLD-75fd3537.svs SLD-24039721.svs SLD-6f1bdd07.svs
8293,SLD-4bebcf4f.svs SLD-b2e02961.svs SLD-6fdc5e00.svs SLD-080638c9.svs SLD-3db4cb81.svs SLD-496749fb.svs
8294,SLD-992a34a1.svs SLD-9e0df45b.svs SLD-788c31f6.svs SLD-052daad3.svs
8295,SLD-c734bb05.svs SLD-788c31f6.svs SLD-26c00984.svs SLD-21f8c156.svs
8296,SLD-693d993c.svs SLD-48a133ab.svs SLD-28b4d5b9.svs SLD-eb1d1061.svs
8297,
8298,SLD-edec31ef.svs SLD-b8bc6621.svs SLD-0262a5aa.svs SLD-f25a3c68.svs SLD-7afc50cd.svs SLD-e8ef99e9.svs SLD-aa099a46.svs
8299,SLD-b9f94ec6.svs SLD-0f2670d2.svs SLD-6253dfe3.svs SLD-f19b43da.svs SLD-356af737.svs SLD-4aaeb212.svs SLD-50ae2652.svs
8300,SLD-6d3f4b37.svs SLD-ed9081c1.svs SLD-10b2e6e5.svs SLD-f0bd7405.svs SLD-70c455a9.svs
8301,SLD-77cb1a27.svs
8302,SLD-77cb1a27.svs
8303,SLD-14aaaefe.svs SLD-ccd66756.svs
8304,SLD-38553ac8.svs SLD-20ca35ab.svs SLD-7d718591.svs
8305,SLD-7e56ac3d.svs SLD-552ae5ca.svs
8306,SLD-94d50a99.svs SLD-11ab249d.svs SLD-d5e8b89c.svs SLD-409b3c5b.svs SLD-ff7acd86.svs SLD-eba08424.svs
8307,SLD-258694b6.svs SLD-c110412c.svs SLD-77f4531b.svs SLD-113c1836.svs SLD-fde9d47d.svs
8308,SLD-daa6b26a.svs SLD-b287c440.svs
8309,SLD-40d2d16f.svs SLD-72323dc9.svs SLD-f5652d00.svs SLD-3956fba9.svs SLD-3db612f4.svs SLD-6df2fc82.svs
8310,SLD-3956fba9.svs SLD-40d2d16f.svs SLD-c67781b2.svs
8311,SLD-409b3c5b.svs
8312,SLD-8091a21d.svs SLD-5084a40f.svs SLD-849648e8.svs
8313,SLD-e44fc3a9.svs
8314,SLD-bdaa3bfa.svs SLD-4c4b91fe.svs
8315,SLD-8513d91e.svs SLD-92f078b8.svs SLD-6a325333.svs SLD-dc66a27b.svs SLD-85e74250.svs
8316,SLD-8eeb3fd8.svs SLD-01ce5fc6.svs
8317,SLD-7ee1a2a3.svs SLD-398071b1.svs
8318,SLD-e5aef699.svs SLD-a5e3a719.svs SLD-6bf52dfd.svs
8319,SLD-a0d9da58.svs
8320,SLD-789a2829.svs SLD-8a663359.svs
8321,SLD-69083bd6.svs SLD-c674d244.svs
8322,SLD-542d19c0.svs SLD-4fdc1351.svs SLD-c90853fd.svs SLD-ba626aee.svs SLD-5ba830dc.svs
8323,SLD-9177b6d4.svs SLD-2347b24f.svs SLD-1eda4209.svs
8324,SLD-01275a63.svs SLD-213124bd.svs
8325,SLD-51abf5e5.svs SLD-4168705a.svs SLD-cb775e24.svs
8326,SLD-c2112eda.svs SLD-9251ad08.svs SLD-3df8eeef.svs SLD-e44a01f6.svs SLD-f1e7ea9b.svs SLD-2f6570d7.svs
8327,SLD-99e8c828.svs SLD-21da132c.svs
8328,SLD-402988fd.svs SLD-357f0a64.svs SLD-1db1dfdc.svs SLD-fa7bff5f.svs
8329,SLD-356af737.svs SLD-f19b43da.svs SLD-50ae2652.svs
8330,SLD-a1d33772.svs SLD-81011c5b.svs SLD-a3af11d0.svs SLD-f110397a.svs SLD-1c2c7a34.svs
8331,SLD-2fcf3b87.svs SLD-15ac15c3.svs
8332,SLD-dc66a27b.svs
8333,SLD-96062930.svs SLD-35bbcdb0.svs SLD-28600311.svs
8334,SLD-dba620f1.svs
8335,SLD-60c6b3ed.svs SLD-25777cf0.svs SLD-8be04c3e.svs
8336,SLD-7176d181.svs SLD-dfc8b87a.svs SLD-ac98a368.svs SLD-a92c3c3e.svs SLD-af3cb9d0.svs
8337,SLD-fbf70946.svs SLD-7f6bf51b.svs SLD-398071b1.svs SLD-4642cddb.svs SLD-7ee1a2a3.svs
8338,SLD-de386aeb.svs SLD-ea96abe6.svs SLD-272eaa36.svs
8339,SLD-4af0a6fe.svs SLD-16f14aad.svs SLD-5bbdd1f4.svs
8340,SLD-dc68d4fd.svs SLD-99e8c828.svs SLD-64d02759.svs SLD-21da132c.svs SLD-13f2a37c.svs SLD-0542bd75.svs
8341,SLD-213124bd.svs SLD-f3f05323.svs
8342,SLD-d26d028d.svs SLD-90a2b8e1.svs SLD-3bcab3ea.svs SLD-d1f15ee7.svs SLD-816480fa.svs SLD-141bd896.svs
8343,SLD-08236adf.svs
8344,SLD-4e051eea.svs SLD-13d72846.svs
8345,SLD-c90853fd.svs SLD-a629d332.svs
8346,SLD-c2eaf172.svs SLD-b5cbb690.svs SLD-b17078ee.svs SLD-c7281f15.svs SLD-3fbdaeed.svs SLD-e5a15243.svs SLD-723dc8f5.svs
8347,SLD-b1182d23.svs
8348,SLD-fba52e59.svs SLD-7ce71b48.svs SLD-905c053b.svs
8349,SLD-14aaaefe.svs SLD-d020baee.svs
8350,SLD-4d4985dc.svs
8351,SLD-ed469bf4.svs SLD-5b9e42d0.svs SLD-eb1c3ba4.svs
8352,SLD-c3a31607.svs
8353,SLD-15db4487.svs SLD-603803f3.svs SLD-cb18d6a4.svs
8354,SLD-2d58bce9.svs SLD-eda67806.svs SLD-3bfb255e.svs SLD-61c61ae4.svs SLD-6a594b07.svs
8355,SLD-dfecb2ae.svs SLD-18f7e499.svs SLD-df61c534.svs
8356,SLD-106861d3.svs SLD-30c42d61.svs SLD-06b42b6f.svs
8357,SLD-8463416a.svs SLD-2ab465e9.svs
8358,SLD-916b51ee.svs SLD-c9a6e611.svs SLD-e9e7e1ba.svs SLD-553a773a.svs
8359,SLD-4d18c103.svs SLD-fa92cd28.svs SLD-01fda698.svs SLD-c4c536fb.svs SLD-a100ed14.svs SLD-1d4d1180.svs
8360,SLD-259a2b28.svs
8361,SLD-8805ae31.svs
8362,SLD-3d3703f8.svs SLD-cef980ce.svs SLD-dd9539fc.svs
8363,SLD-ef208346.svs
8364,SLD-7b38785b.svs SLD-0932f5b6.svs SLD-e3d48408.svs SLD-7de8a234.svs SLD-f11ddff7.svs SLD-6af944e0.svs SLD-2412579d.svs
8365,SLD-061f5679.svs SLD-ef617cac.svs SLD-e355c369.svs
8366,SLD-a217cf25.svs SLD-5d158e44.svs SLD-2fcf3b87.svs SLD-15ac15c3.svs SLD-0e96ed9b.svs
8367,SLD-425de95f.svs SLD-ef7dee1a.svs SLD-53f3c158.svs SLD-b34dc8b0.svs
8368,SLD-bb296639.svs SLD-d7f14ec2.svs
8369,SLD-357f0a64.svs SLD-402988fd.svs SLD-f8cc3f3b.svs
8370,SLD-c202387b.svs SLD-92e94e89.svs
8371,SLD-2d58bce9.svs SLD-61c61ae4.svs SLD-ed0d0418.svs SLD-3a19607d.svs SLD-eda67806.svs
8372,SLD-4741ee56.svs SLD-d47133e7.svs SLD-53ff6644.svs
8373,SLD-958cd60e.svs SLD-50c6fa8c.svs SLD-7c2b940d.svs SLD-fe38784b.svs SLD-10345193.svs
8374,SLD-3421beaf.svs SLD-c149fa8e.svs
8375,SLD-94d50a99.svs SLD-11ab249d.svs
8376,SLD-b8f35c26.svs SLD-d13ec39c.svs SLD-ad0cabfc.svs
8377,SLD-eb1c3ba4.svs SLD-13d1ea49.svs
8378,SLD-f3ca5f64.svs SLD-4a8b77da.svs SLD-4b1dd9fd.svs SLD-52b04994.svs
8379,SLD-14aaaefe.svs SLD-153251c9.svs
8380,SLD-2ee66e21.svs SLD-ec4f4490.svs SLD-53fb2ed1.svs SLD-8af37d72.svs SLD-84eaf943.svs SLD-b66b6b0b.svs
8381,SLD-18f7e499.svs SLD-c7afae8f.svs SLD-df61c534.svs
8382,SLD-ef7dee1a.svs SLD-c846bf90.svs SLD-b34dc8b0.svs SLD-53f3c158.svs SLD-425de95f.svs SLD-b56b9357.svs
8383,SLD-4d4985dc.svs SLD-55c7ed9d.svs
8384,SLD-6f1bdd07.svs
8385,SLD-1cb66f67.svs SLD-27649a62.svs SLD-8ee4fd02.svs SLD-b02de52c.svs SLD-cbe88a3f.svs
8386,SLD-e5a15243.svs SLD-735b3a80.svs
8387,SLD-4332559d.svs
8388,SLD-d3b564b0.svs SLD-60c6b3ed.svs SLD-8be04c3e.svs
8389,SLD-d560e64c.svs SLD-91fd7d4a.svs SLD-55f7792a.svs SLD-9b87cc5e.svs SLD-5a31a6a6.svs SLD-6d7fe9b2.svs
8390,SLD-cda6a326.svs SLD-03c8e104.svs
8391,SLD-2e573864.svs SLD-43eb280e.svs
8392,SLD-889c8ae2.svs SLD-4e3c0f2d.svs SLD-cad00273.svs SLD-1e415c4e.svs SLD-57030ede.svs SLD-87ba3b90.svs
8393,SLD-af8c96a9.svs SLD-58e760bf.svs SLD-df61c534.svs
8394,SLD-9df497f1.svs
8395,SLD-d26d028d.svs SLD-d1f15ee7.svs SLD-816480fa.svs
8396,SLD-4d18c103.svs
8397,SLD-7b38785b.svs SLD-f11ddff7.svs SLD-7de8a234.svs SLD-2412579d.svs
8398,SLD-9bd91220.svs SLD-5931c9b4.svs SLD-28702bb1.svs SLD-becba4c8.svs SLD-338f4acf.svs
8399,SLD-ef7f6bc8.svs SLD-fb24cba4.svs SLD-9870c707.svs SLD-01424249.svs SLD-b4577bf7.svs SLD-955fbc33.svs SLD-e1a9344e.svs
8400,SLD-69967b5c.svs SLD-a96e2bf4.svs SLD-586523b8.svs SLD-ac91c01e.svs
8401,SLD-dcff697d.svs SLD-141bd896.svs SLD-55e9718e.svs SLD-90a2b8e1.svs SLD-d26d028d.svs SLD-3bcab3ea.svs SLD-816480fa.svs
8402,SLD-06b42b6f.svs SLD-30c42d61.svs
8403,SLD-7e3801af.svs SLD-d1a8d7b0.svs SLD-5b62a7c9.svs
8404,SLD-4d18c103.svs SLD-37fef6b5.svs SLD-1d4d1180.svs
8405,SLD-c857d8c3.svs SLD-fd768f63.svs SLD-b4a06976.svs
8406,SLD-22c71d04.svs SLD-f8db1a4d.svs SLD-a9fa4ea6.svs
8407,SLD-9c899296.svs SLD-1ca5a2f5.svs SLD-ecf150e6.svs SLD-00f24603.svs SLD-09c64c1d.svs SLD-92b035e0.svs
8408,SLD-a100ed14.svs
8409,SLD-09cd3bdf.svs SLD-50ae2652.svs SLD-f19b43da.svs SLD-356af737.svs SLD-4aaeb212.svs
8410,SLD-03927935.svs SLD-a31ca36b.svs
8411,SLD-669ff1b9.svs SLD-5bf57279.svs SLD-f902d6c0.svs
8412,SLD-b080e003.svs SLD-3b9cea95.svs SLD-064f768d.svs
8413,SLD-ced4dd7c.svs SLD-b4ca0142.svs
8414,SLD-1f94e3c8.svs SLD-06b42b6f.svs SLD-106861d3.svs SLD-f30459cc.svs
8415,SLD-88653e42.svs
8416,SLD-0b09ec41.svs SLD-1c5e1698.svs
8417,SLD-eecb325b.svs SLD-3b9cea95.svs SLD-dbf2eed1.svs SLD-2452bc39.svs SLD-9ad7558f.svs
8418,SLD-5028361f.svs SLD-f9d0a163.svs SLD-def1274a.svs
8419,SLD-064f768d.svs SLD-2452bc39.svs SLD-eecb325b.svs
8420,SLD-992e7dea.svs SLD-f6b4160b.svs SLD-d466c772.svs
8421,SLD-58116722.svs
8422,SLD-a1832fdb.svs
8423,SLD-28d798b4.svs
8424,SLD-24aeba79.svs SLD-346d2b7e.svs SLD-e4b82987.svs SLD-353e0c86.svs
8425,SLD-b7c144fb.svs
8426,SLD-90ed41f4.svs SLD-f3fa8613.svs SLD-7a658abe.svs SLD-f660ffd5.svs
8427,SLD-54a1d505.svs SLD-261908b9.svs SLD-de62d43f.svs SLD-2922fbd8.svs SLD-ccf719ab.svs SLD-dca5b353.svs
8428,SLD-bb296639.svs SLD-0021b632.svs SLD-d7f14ec2.svs
8429,SLD-e9e7e1ba.svs
8430,SLD-5b9e42d0.svs SLD-688181a8.svs SLD-0dd35d11.svs SLD-70d22718.svs SLD-13d1ea49.svs
8431,SLD-30f2c485.svs SLD-92a651d7.svs SLD-c069c542.svs SLD-75fd3537.svs
8432,SLD-a92d6b05.svs SLD-f40d2a37.svs SLD-a71b80ef.svs SLD-7ea496f5.svs SLD-8e36b82f.svs SLD-cf2a2198.svs
8433,SLD-c857d8c3.svs SLD-b4a06976.svs SLD-8df7a267.svs SLD-30a31251.svs SLD-5163de1d.svs
8434,SLD-58bf3b9e.svs SLD-c88e03b6.svs SLD-8c94af98.svs SLD-a6245b59.svs
8435,SLD-c4841a8d.svs SLD-2cbb93c2.svs
8436,SLD-425832c0.svs
8437,SLD-2db6de21.svs SLD-681091fe.svs
8438,SLD-a1832fdb.svs SLD-ae2562ca.svs SLD-fb46ed39.svs SLD-28948b4c.svs SLD-8772c347.svs SLD-5abec113.svs
8439,SLD-a3ef802e.svs
8440,SLD-c1fa924e.svs SLD-e1bccfb2.svs SLD-17337a7c.svs SLD-4e98ce25.svs SLD-5b2d81cc.svs SLD-9c14940d.svs
8441,SLD-4c88b9d8.svs SLD-23b870f3.svs
8442,SLD-9d263e76.svs
8443,SLD-baa172ac.svs SLD-4d236555.svs SLD-41300879.svs SLD-4fee7144.svs SLD-6279d944.svs
8444,SLD-53f04099.svs SLD-06792b47.svs SLD-8d99743c.svs SLD-5df2e073.svs
8445,SLD-68032f7e.svs SLD-fef06b04.svs
8446,SLD-6aeb5a32.svs SLD-fec24805.svs SLD-feeac13d.svs SLD-196d362d.svs
8447,SLD-101bb5fa.svs SLD-f45da406.svs SLD-27f9e728.svs
8448,SLD-fb0a6a90.svs
8449,SLD-fec24805.svs SLD-6aeb5a32.svs SLD-196d362d.svs
8450,SLD-726e8017.svs SLD-c674d244.svs SLD-7b056d02.svs
8451,SLD-b2c92c12.svs SLD-28702bb1.svs SLD-44e8a604.svs
8452,SLD-ae0fdbc8.svs SLD-905c053b.svs
8453,SLD-2c805ac7.svs SLD-6c835975.svs SLD-efa2ce12.svs SLD-11fba56e.svs
8454,SLD-ef38d426.svs SLD-deffed7a.svs SLD-20ca35ab.svs SLD-7d718591.svs SLD-476c4878.svs
8455,SLD-1cb66f67.svs SLD-9b050db2.svs SLD-27649a62.svs
8456,SLD-ef7dee1a.svs
8457,SLD-df61c534.svs
8458,SLD-d216ad53.svs SLD-d4088ff7.svs SLD-f22a4fc6.svs SLD-3cc4f772.svs
8459,SLD-843b2a7d.svs SLD-10fc9eee.svs SLD-ea5f24b6.svs SLD-0a1727f7.svs SLD-399f8a8f.svs SLD-21681081.svs SLD-de6fec4b.svs
8460,SLD-9a9dadd2.svs SLD-0021b632.svs SLD-bb296639.svs SLD-3246b7d9.svs
8461,SLD-62276cbc.svs SLD-58bf3b9e.svs SLD-31e9ca80.svs SLD-8c94af98.svs SLD-a6245b59.svs
8462,SLD-98ba0f0e.svs SLD-a8b56f85.svs
8463,SLD-03ea038f.svs SLD-bb00d206.svs SLD-34367eaa.svs SLD-7e240205.svs SLD-f8542953.svs SLD-6b5a174d.svs SLD-c095e099.svs
8464,SLD-5bc7fdeb.svs SLD-dd138266.svs SLD-d26d5396.svs SLD-da54f267.svs SLD-31234efe.svs SLD-6e648043.svs SLD-1d7173e5.svs
8465,SLD-0d20f686.svs SLD-b4ca0142.svs SLD-5fdd5329.svs SLD-2b66b1c0.svs
8466,SLD-2fcf3b87.svs SLD-0e96ed9b.svs SLD-be3feafd.svs SLD-a217cf25.svs SLD-defa7864.svs SLD-5d158e44.svs
8467,SLD-f902d6c0.svs
8468,SLD-53e83663.svs SLD-4e98ce25.svs
8469,SLD-8f3e64f4.svs SLD-af8c96a9.svs SLD-df61c534.svs SLD-c7afae8f.svs SLD-58e760bf.svs SLD-57d1d37c.svs
8470,SLD-d8a1a546.svs SLD-299cf16b.svs
8471,SLD-0bee2ebd.svs
8472,SLD-e413961f.svs SLD-68c6dd5e.svs SLD-fb0a6a90.svs SLD-88a0edce.svs SLD-bc52b34e.svs SLD-8805ae31.svs
8473,SLD-8476af98.svs SLD-53f3c158.svs
8474,SLD-adb6da35.svs SLD-99a2ecb1.svs SLD-1734a26c.svs
8475,SLD-7f107645.svs
8476,SLD-5084a40f.svs SLD-acf606fc.svs
8477,SLD-8805ae31.svs SLD-88a0edce.svs
8478,SLD-eed15368.svs SLD-e7524102.svs
8479,SLD-f25a3c68.svs SLD-aa099a46.svs SLD-edec31ef.svs SLD-0262a5aa.svs
8480,SLD-baa172ac.svs SLD-dc2897c6.svs SLD-41300879.svs SLD-bc5074ac.svs
8481,SLD-40aaec7a.svs SLD-5a9414b8.svs SLD-ac2c10d0.svs SLD-bf1df687.svs
8482,SLD-b6bca2a2.svs
8483,SLD-350d278d.svs SLD-ad4ab155.svs SLD-7f411fed.svs
8484,SLD-e46232e7.svs SLD-b52f6009.svs SLD-0bee2ebd.svs SLD-5e2d2454.svs SLD-8a647b9f.svs SLD-35c3de95.svs SLD-05727bb5.svs
8485,SLD-e1bccfb2.svs SLD-9c14940d.svs SLD-5b2d81cc.svs SLD-17337a7c.svs
8486,SLD-5e87905a.svs SLD-a1fdcdf1.svs SLD-a3155940.svs SLD-71df24d9.svs
8487,SLD-3fee2fc7.svs
8488,SLD-d3b564b0.svs SLD-5c949381.svs SLD-1ac902ee.svs
8489,SLD-956c2129.svs SLD-b934718f.svs
8490,SLD-b0445ebb.svs
8491,SLD-b8d13539.svs SLD-e7a2d2d0.svs
8492,SLD-edec31ef.svs SLD-f2d7fe55.svs SLD-b8bc6621.svs SLD-e8ef99e9.svs SLD-aa099a46.svs SLD-0262a5aa.svs
8493,SLD-cfe4fb66.svs
8494,SLD-8d3ac4b9.svs SLD-38a7ac54.svs SLD-26b1caba.svs SLD-4d03cbdd.svs
8495,SLD-584d3c02.svs SLD-a9fa4ea6.svs SLD-e47638ec.svs SLD-f8db1a4d.svs SLD-22c71d04.svs SLD-ec071cf1.svs SLD-6c32faff.svs
8496,SLD-0078cb12.svs SLD-a1ab17c0.svs SLD-3421beaf.svs SLD-7bb8c2f1.svs SLD-1624d318.svs SLD-c149fa8e.svs SLD-4b7350d1.svs
8497,SLD-566ff3ec.svs SLD-451437d6.svs SLD-4f8e3e01.svs SLD-03c8e104.svs
8498,SLD-06999e1e.svs SLD-a4a98266.svs SLD-d97d2b38.svs SLD-fe656bef.svs
8499,SLD-5bc7fdeb.svs SLD-1058fe8c.svs
8500,SLD-2412579d.svs SLD-7de8a234.svs SLD-dd02e100.svs SLD-f11ddff7.svs
8501,SLD-8eeb3fd8.svs SLD-dcae667e.svs SLD-32d116fe.svs SLD-96248805.svs
8502,SLD-7e56ac3d.svs SLD-91fcfe88.svs
8503,SLD-bc6284a8.svs SLD-5b62a7c9.svs SLD-9f93e802.svs SLD-e1c25cd1.svs
8504,SLD-8be04c3e.svs
8505,SLD-726e8017.svs SLD-ef617cac.svs SLD-061f5679.svs SLD-c674d244.svs SLD-7b056d02.svs SLD-69083bd6.svs SLD-b931a26d.svs
8506,SLD-74151acc.svs SLD-f5a3e893.svs SLD-6bf4d047.svs SLD-c4841a8d.svs SLD-6e84f8ea.svs SLD-2cbb93c2.svs
8507,SLD-0ff73f25.svs SLD-33251c76.svs SLD-d8efb5c9.svs SLD-697b8538.svs SLD-e7a2d2d0.svs SLD-b8d13539.svs SLD-ca3c4050.svs
8508,SLD-9750ca7e.svs SLD-bdaa3bfa.svs SLD-4c4b91fe.svs SLD-ed28508d.svs SLD-6c148fc6.svs SLD-246cb09c.svs
8509,SLD-9045a445.svs SLD-fe38784b.svs
8510,SLD-13f2a37c.svs SLD-64d02759.svs SLD-12bdf75f.svs
8511,SLD-376e22a6.svs SLD-e47638ec.svs SLD-584d3c02.svs SLD-22c71d04.svs
8512,SLD-39d5b552.svs SLD-a8e6a772.svs
8513,SLD-df8693ce.svs SLD-ffeb5d5f.svs SLD-a3ef802e.svs
8514,SLD-393031a6.svs SLD-b5178761.svs SLD-8ecb4971.svs SLD-d61a43f2.svs SLD-c82a6c15.svs
8515,SLD-8513d91e.svs SLD-6a325333.svs SLD-4a294067.svs SLD-85e74250.svs SLD-48622a67.svs SLD-22696227.svs
8516,SLD-a1d33772.svs SLD-94665d45.svs SLD-81011c5b.svs
8517,SLD-e368f7d2.svs SLD-84403b37.svs SLD-42734d1c.svs SLD-d9732b86.svs SLD-0e5bc44c.svs
8518,SLD-bc52b34e.svs
8519,
8520,SLD-4aaeb212.svs SLD-50ae2652.svs SLD-b9f94ec6.svs SLD-0f2670d2.svs SLD-6253dfe3.svs SLD-09cd3bdf.svs
8521,SLD-1058fe8c.svs SLD-1d7173e5.svs
8522,SLD-843b2a7d.svs SLD-ea5f24b6.svs SLD-de6fec4b.svs
8523,SLD-f5652d00.svs
8524,SLD-e3d48408.svs
8525,SLD-2ee66e21.svs SLD-b66b6b0b.svs SLD-b9534807.svs SLD-84eaf943.svs
8526,SLD-e4bacd78.svs SLD-51abf5e5.svs
8527,SLD-0ecfb95b.svs
8528,SLD-05f2b928.svs
8529,SLD-586f1721.svs SLD-b1182d23.svs
8530,SLD-f97ccc57.svs SLD-16408169.svs
8531,SLD-cc869dea.svs SLD-25323fd3.svs SLD-26b1caba.svs SLD-38a7ac54.svs SLD-4d03cbdd.svs SLD-2fb01074.svs SLD-c9f35bf8.svs
8532,SLD-024bfe48.svs SLD-fbf70946.svs SLD-4fbe2aae.svs
8533,SLD-4fee7144.svs SLD-dc2897c6.svs SLD-baa172ac.svs SLD-bc5074ac.svs SLD-4d236555.svs SLD-6279d944.svs SLD-84539813.svs
8534,SLD-b9b5c70e.svs SLD-681091fe.svs SLD-2db6de21.svs
8535,SLD-55f7792a.svs SLD-5a31a6a6.svs SLD-1a9e8547.svs SLD-6d7fe9b2.svs
8536,SLD-488cac4e.svs SLD-c15648ff.svs SLD-ac2c10d0.svs
8537,SLD-38431ed6.svs SLD-258694b6.svs
8538,SLD-b2e74e77.svs SLD-69f12ccd.svs SLD-4fae667b.svs SLD-63b74101.svs
8539,SLD-8ec9ea98.svs SLD-6581f934.svs
8540,SLD-5a31a6a6.svs
8541,SLD-2d58bce9.svs SLD-61c61ae4.svs SLD-6a594b07.svs SLD-eda67806.svs SLD-ed0d0418.svs SLD-7984f33f.svs SLD-3bfb255e.svs
8542,SLD-c5826444.svs SLD-8b1f1137.svs SLD-79faf501.svs SLD-1519401c.svs SLD-848610cf.svs
8543,SLD-d26d5396.svs SLD-5bc7fdeb.svs SLD-dd138266.svs SLD-da54f267.svs SLD-1058fe8c.svs SLD-31234efe.svs SLD-1d7173e5.svs
8544,SLD-8ee4fd02.svs SLD-cbe88a3f.svs SLD-46e785ad.svs SLD-b02de52c.svs SLD-27649a62.svs SLD-1cb66f67.svs SLD-9b050db2.svs
8545,SLD-2835bcdb.svs SLD-a0f9c074.svs SLD-1eda4209.svs SLD-9177b6d4.svs SLD-b270af55.svs SLD-5f2e9167.svs SLD-1f9078d5.svs
8546,SLD-5e2d2454.svs
8547,SLD-e8751766.svs SLD-059ebb2e.svs SLD-8d5f52c0.svs
8548,SLD-f2ed33e1.svs SLD-a1fdcdf1.svs
8549,SLD-c9fe6036.svs SLD-9c2e5562.svs SLD-1b770deb.svs SLD-e64ddd91.svs SLD-4916e844.svs SLD-8a83efc8.svs
8550,SLD-d1c3d1bc.svs SLD-b2d10e3d.svs SLD-c7867a38.svs SLD-e27ac8e9.svs
8551,SLD-c09fcd8f.svs SLD-1e70e799.svs SLD-ad4ab155.svs SLD-7f411fed.svs SLD-65e04993.svs
8552,SLD-68afe2b8.svs SLD-00cbd313.svs SLD-63eaa07f.svs SLD-ebe7ef91.svs
8553,SLD-d89331ac.svs
8554,SLD-bdb62ff3.svs SLD-0061fd30.svs
8555,SLD-7f67ee1a.svs SLD-17b18e6e.svs
8556,SLD-31cb5e8e.svs SLD-a1832fdb.svs SLD-28948b4c.svs
8557,SLD-5df2e073.svs SLD-53f04099.svs SLD-cfdef303.svs SLD-06792b47.svs
8558,SLD-c5dd967b.svs SLD-88239867.svs SLD-ef208346.svs
8559,SLD-53a9ec5d.svs SLD-b9b5c70e.svs
8560,SLD-356af737.svs SLD-50ae2652.svs
8561,SLD-a1d33772.svs SLD-f110397a.svs SLD-a3af11d0.svs SLD-284b7bcd.svs SLD-cbf1f93c.svs SLD-1c2c7a34.svs
8562,SLD-1bce35d8.svs SLD-cbe88a3f.svs SLD-9b050db2.svs
8563,SLD-eed15368.svs SLD-e7524102.svs SLD-58116722.svs
8564,SLD-30d6863f.svs
8565,SLD-d48457df.svs SLD-8c833848.svs
8566,SLD-fb0a6a90.svs SLD-68c6dd5e.svs
8567,SLD-4d4985dc.svs SLD-b318ad4c.svs SLD-1db2b452.svs SLD-7f6b8793.svs SLD-bc18a40b.svs
8568,SLD-13f2a37c.svs SLD-dc68d4fd.svs SLD-99e8c828.svs SLD-21da132c.svs SLD-12bdf75f.svs
8569,SLD-6fdc5e00.svs
8570,SLD-f8cc3f3b.svs SLD-62d59938.svs SLD-fa7bff5f.svs SLD-1db1dfdc.svs SLD-357f0a64.svs
8571,SLD-f7cd0b75.svs SLD-dd9539fc.svs SLD-3d3703f8.svs SLD-9d263e76.svs
8572,SLD-1058fe8c.svs SLD-1d7173e5.svs
8573,SLD-53f3c158.svs
8574,SLD-ed7a6edf.svs SLD-1417d4f9.svs SLD-990e8f01.svs SLD-6d5b7d50.svs
8575,SLD-0dd35d11.svs
8576,SLD-e27ac8e9.svs SLD-c7867a38.svs SLD-d1c3d1bc.svs
8577,SLD-e47638ec.svs SLD-6c32faff.svs SLD-a9fa4ea6.svs SLD-ec071cf1.svs SLD-376e22a6.svs
8578,SLD-40aaec7a.svs
8579,SLD-cefe73ec.svs SLD-f367dbe2.svs SLD-951a0518.svs SLD-501049e2.svs SLD-88653e42.svs SLD-40e3469f.svs
8580,SLD-1c2c7a34.svs SLD-a3af11d0.svs SLD-a1d33772.svs SLD-cbf1f93c.svs SLD-94665d45.svs
8581,SLD-e642965c.svs SLD-bf5545ce.svs
8582,SLD-8af58903.svs
8583,SLD-ef38d426.svs SLD-38553ac8.svs SLD-d7285256.svs
8584,
8585,SLD-6e3a52d7.svs SLD-5b61f92b.svs SLD-9cf600ec.svs SLD-65fd5f69.svs
8586,SLD-c67781b2.svs SLD-6df2fc82.svs SLD-3db612f4.svs
8587,SLD-4e051eea.svs SLD-13d72846.svs SLD-6c1b6811.svs
8588,SLD-91fcfe88.svs SLD-10cc8711.svs SLD-f164f9d8.svs
8589,SLD-85e74250.svs SLD-8513d91e.svs SLD-4a294067.svs
8590,SLD-f0fcccc6.svs SLD-ae2562ca.svs
8591,SLD-1aff71ae.svs SLD-c069c542.svs
8592,SLD-bb296639.svs
8593,SLD-633d9c54.svs SLD-f30459cc.svs SLD-1f94e3c8.svs SLD-5b8c4949.svs SLD-30c42d61.svs SLD-106861d3.svs SLD-06b42b6f.svs
8594,SLD-4332559d.svs SLD-87ba3b90.svs SLD-4e3c0f2d.svs SLD-889c8ae2.svs
8595,SLD-0ecfb95b.svs SLD-71df24d9.svs SLD-a1fdcdf1.svs SLD-f2ed33e1.svs SLD-605dd4d6.svs SLD-a3155940.svs
8596,SLD-84eaf943.svs SLD-ec4f4490.svs SLD-b9534807.svs SLD-53fb2ed1.svs SLD-8af37d72.svs SLD-2ee66e21.svs SLD-d9efbb41.svs
8597,SLD-8930d179.svs SLD-e4bacd78.svs
8598,SLD-2a6f1e47.svs SLD-76a933cf.svs
8599,SLD-f25a3c68.svs SLD-f2d7fe55.svs SLD-aa099a46.svs
8600,SLD-fe656bef.svs SLD-06999e1e.svs
8601,
8602,SLD-951a0518.svs SLD-88653e42.svs SLD-39b66d71.svs
8603,SLD-77f4531b.svs SLD-fde9d47d.svs
8604,SLD-14d4dad6.svs
8605,SLD-681091fe.svs SLD-b9b5c70e.svs
8606,SLD-1d0ab994.svs SLD-6d0c62c3.svs SLD-90e639e1.svs SLD-254bf7ae.svs SLD-ec41e6f6.svs
8607,SLD-51abf5e5.svs SLD-cb775e24.svs SLD-4168705a.svs
8608,SLD-8c5c192f.svs
8609,SLD-baa172ac.svs
8610,SLD-e291f5e1.svs SLD-469fc269.svs SLD-11ab249d.svs SLD-d5e8b89c.svs SLD-ff7acd86.svs
8611,SLD-ec41e6f6.svs SLD-254bf7ae.svs SLD-6d0c62c3.svs SLD-90e639e1.svs SLD-6c0be55c.svs SLD-1d0ab994.svs SLD-e44fc3a9.svs
8612,SLD-4916e844.svs SLD-9c2e5562.svs SLD-1b770deb.svs SLD-8a83efc8.svs
8613,SLD-bf5545ce.svs SLD-54a6087c.svs
8614,SLD-7ee1a2a3.svs SLD-d6ada066.svs
8615,SLD-052daad3.svs
8616,SLD-41a8a6e1.svs SLD-33a1d1c2.svs SLD-c09fcd8f.svs
8617,SLD-d9efbb41.svs SLD-8af37d72.svs
8618,SLD-0ea255e0.svs SLD-8e50c79a.svs
8619,SLD-fc9ea692.svs SLD-2d4ba5a4.svs
8620,SLD-aaa28439.svs SLD-7c8d5368.svs SLD-3a8d1c00.svs
8621,SLD-824734df.svs
8622,
8623,SLD-583678ee.svs SLD-4a8b77da.svs SLD-52b04994.svs SLD-4b1dd9fd.svs SLD-5cfa38b1.svs SLD-27fa8b8a.svs
8624,SLD-877a2133.svs SLD-605dd4d6.svs SLD-a1fdcdf1.svs SLD-5e87905a.svs SLD-a3155940.svs
8625,SLD-584d3c02.svs
8626,SLD-57030ede.svs SLD-1e415c4e.svs SLD-889c8ae2.svs SLD-120961ea.svs SLD-4332559d.svs SLD-4e3c0f2d.svs
8627,SLD-3421beaf.svs SLD-a1ab17c0.svs SLD-1624d318.svs
8628,SLD-ed0d0418.svs SLD-2d58bce9.svs
8629,SLD-261cec19.svs SLD-afdb4e0b.svs SLD-2c05b870.svs
8630,
8631,SLD-a36bcb01.svs SLD-6c596216.svs SLD-fba52e59.svs SLD-67e98363.svs SLD-ae0fdbc8.svs
8632,SLD-39d5b552.svs
8633,SLD-78a55d6b.svs SLD-4e60678b.svs SLD-fef06b04.svs
8634,SLD-6e927501.svs SLD-f902d6c0.svs SLD-669ff1b9.svs
8635,SLD-da418b24.svs SLD-88d3281a.svs
8636,SLD-e642965c.svs SLD-54a6087c.svs SLD-272eaa36.svs SLD-de386aeb.svs
8637,SLD-7de8a234.svs SLD-e3d48408.svs SLD-6af944e0.svs
8638,SLD-0542bd75.svs SLD-b3c161c3.svs SLD-dc68d4fd.svs SLD-13f2a37c.svs SLD-64d02759.svs SLD-21da132c.svs SLD-12bdf75f.svs
8639,
8640,SLD-3957f082.svs SLD-dfc8b87a.svs
8641,SLD-0c78c2f9.svs SLD-88d3281a.svs SLD-da418b24.svs SLD-24eac3f4.svs SLD-1b4e1428.svs SLD-b6a659ef.svs
8642,SLD-e3d48408.svs SLD-7b38785b.svs SLD-2412579d.svs SLD-6af944e0.svs SLD-7de8a234.svs SLD-f11ddff7.svs SLD-dd02e100.svs
8643,SLD-789a2829.svs SLD-50852f4f.svs
8644,SLD-5b471c43.svs SLD-1349747a.svs SLD-0b6d9611.svs SLD-e6e4b8df.svs SLD-a1cba182.svs SLD-7499b28c.svs SLD-ca20854d.svs
8645,SLD-abecfc0b.svs
8646,SLD-9d0b6f5e.svs SLD-196d362d.svs SLD-6aeb5a32.svs SLD-8fad725d.svs SLD-581332c2.svs SLD-fec24805.svs SLD-f48ef9a8.svs
8647,SLD-0c15a575.svs
8648,SLD-788c31f6.svs
8649,SLD-586f1721.svs SLD-590e83da.svs SLD-2d8b5b41.svs SLD-078548d7.svs SLD-028d042b.svs
8650,SLD-af8c96a9.svs SLD-58e760bf.svs SLD-c7afae8f.svs SLD-dfecb2ae.svs SLD-18f7e499.svs SLD-57d1d37c.svs SLD-df61c534.svs
8651,SLD-f7cd0b75.svs
8652,SLD-55e9718e.svs SLD-3bcab3ea.svs SLD-dcff697d.svs SLD-d26d028d.svs
8653,SLD-ab12fb53.svs
8654,SLD-a96e2bf4.svs SLD-469a1289.svs SLD-fc145cfe.svs SLD-ac91c01e.svs SLD-69967b5c.svs SLD-586523b8.svs SLD-f9154865.svs
8655,SLD-919c21ed.svs SLD-b5e2834d.svs SLD-2076d932.svs SLD-53ff6644.svs SLD-4741ee56.svs SLD-d47133e7.svs SLD-907d8532.svs
8656,SLD-6bf52dfd.svs
8657,SLD-bf5545ce.svs
8658,SLD-15db4487.svs
8659,SLD-f367dbe2.svs SLD-501049e2.svs SLD-951a0518.svs SLD-39b66d71.svs SLD-40e3469f.svs
8660,SLD-4168705a.svs
8661,SLD-e1bccfb2.svs
8662,SLD-40fe81ec.svs SLD-b259a6a0.svs SLD-3a8d1c00.svs
8663,SLD-9bbac838.svs SLD-6581f934.svs SLD-56e9b78d.svs SLD-315e8080.svs
8664,SLD-71df24d9.svs SLD-877a2133.svs SLD-0ecfb95b.svs SLD-a1fdcdf1.svs
8665,SLD-d26d5396.svs SLD-6e648043.svs SLD-da54f267.svs
8666,SLD-723dc8f5.svs SLD-735b3a80.svs SLD-e5a15243.svs SLD-3fbdaeed.svs
8667,SLD-0a1727f7.svs SLD-0a66dc4e.svs SLD-843b2a7d.svs
8668,SLD-a27ee80d.svs SLD-70c455a9.svs SLD-ec6e61bd.svs
8669,SLD-b270af55.svs SLD-2835bcdb.svs SLD-1eda4209.svs SLD-2347b24f.svs SLD-5f2e9167.svs SLD-9177b6d4.svs SLD-1f9078d5.svs
8670,SLD-4d18c103.svs SLD-1d4d1180.svs
8671,SLD-30d6863f.svs SLD-abe0a177.svs SLD-789a2829.svs
8672,
8673,SLD-aa66b464.svs SLD-8420b8d9.svs SLD-a604e5af.svs
8674,SLD-af3cb9d0.svs SLD-a92c3c3e.svs SLD-7176d181.svs SLD-ac98a368.svs
8675,SLD-3c9590d3.svs SLD-50de4292.svs SLD-390a9016.svs SLD-4a82e06a.svs
8676,SLD-24039721.svs SLD-6f1bdd07.svs SLD-75fd3537.svs SLD-92a651d7.svs
8677,SLD-0d20f686.svs SLD-b4ca0142.svs SLD-6c749cf4.svs SLD-854df9b6.svs
8678,SLD-a25130a8.svs
8679,SLD-b44788bd.svs SLD-8a647b9f.svs SLD-0bee2ebd.svs
8680,SLD-4fab2ad8.svs SLD-3b8f5fc7.svs SLD-849648e8.svs SLD-acf606fc.svs SLD-5084a40f.svs SLD-8091a21d.svs
8681,SLD-f30459cc.svs SLD-106861d3.svs SLD-5b8c4949.svs SLD-633d9c54.svs
8682,SLD-60c6b3ed.svs SLD-8be04c3e.svs
8683,SLD-a3155940.svs SLD-71df24d9.svs
8684,SLD-605dd4d6.svs
8685,SLD-c90853fd.svs
8686,SLD-b2c92c12.svs SLD-706146ff.svs SLD-9bd91220.svs
8687,SLD-c707aef9.svs SLD-8c94af98.svs
8688,SLD-6279d944.svs SLD-84539813.svs SLD-dc2897c6.svs SLD-4d236555.svs SLD-baa172ac.svs
8689,SLD-5ba830dc.svs SLD-a629d332.svs SLD-c90853fd.svs SLD-ba626aee.svs SLD-542d19c0.svs
8690,SLD-a6245b59.svs SLD-c88e03b6.svs SLD-62276cbc.svs
8691,SLD-82221345.svs SLD-4a82e06a.svs SLD-2f16fb50.svs
8692,SLD-50ae2652.svs SLD-4aaeb212.svs
8693,SLD-542d19c0.svs SLD-ba626aee.svs SLD-4fdc1351.svs
8694,SLD-c6962905.svs
8695,SLD-b4480761.svs SLD-b4134208.svs SLD-9ab3cc27.svs SLD-142a6c95.svs SLD-66dfeb1e.svs
8696,SLD-6951743e.svs SLD-8a74bec5.svs SLD-91d2125a.svs SLD-95e19cb6.svs SLD-698eecba.svs
8697,SLD-2cbb93c2.svs SLD-3f7a2748.svs SLD-f5a3e893.svs SLD-6bf4d047.svs SLD-5723a959.svs
8698,SLD-390a9016.svs SLD-3e2aad3e.svs SLD-c13e66af.svs SLD-82221345.svs SLD-50de4292.svs
8699,SLD-379deda1.svs SLD-ade6c5e9.svs SLD-6c4c3935.svs SLD-385af463.svs SLD-156af458.svs SLD-5e4af862.svs SLD-b6e355f6.svs
8700,SLD-bdaa3bfa.svs SLD-6ab01563.svs
8701,SLD-df0d6301.svs SLD-c15648ff.svs SLD-e8a56f31.svs
8702,SLD-2b66b1c0.svs SLD-854df9b6.svs SLD-3b239fd8.svs SLD-b4ca0142.svs SLD-6c749cf4.svs SLD-0d20f686.svs SLD-ced4dd7c.svs
8703,SLD-68032f7e.svs SLD-78a55d6b.svs
8704,SLD-5121f31f.svs SLD-5028361f.svs
8705,SLD-0a1727f7.svs SLD-843b2a7d.svs SLD-de6fec4b.svs
8706,SLD-2cbb93c2.svs SLD-3f7a2748.svs
8707,SLD-98ba0f0e.svs SLD-ac7b7ab2.svs
8708,SLD-722c353d.svs SLD-58116722.svs SLD-1ee1723b.svs SLD-4a9686a4.svs SLD-e7524102.svs SLD-3e581dd5.svs
8709,SLD-c2953f51.svs SLD-8b32992a.svs SLD-7f67ee1a.svs
8710,SLD-fb46ed39.svs SLD-a1832fdb.svs SLD-5abec113.svs SLD-8772c347.svs
8711,SLD-059ebb2e.svs SLD-d1cae193.svs SLD-7ed61f4e.svs
8712,SLD-2d20481a.svs SLD-d216ad53.svs
8713,SLD-5bf57279.svs SLD-669ff1b9.svs SLD-a1d53402.svs SLD-5bd71dc6.svs SLD-f902d6c0.svs
8714,SLD-fc9ea692.svs
8715,SLD-ec6e61bd.svs SLD-a27ee80d.svs
8716,SLD-a1cba182.svs
8717,SLD-61994015.svs SLD-9da28338.svs SLD-f9df7275.svs SLD-f45c8840.svs SLD-0a8bc856.svs SLD-074f3be0.svs SLD-44f20133.svs
8718,SLD-28702bb1.svs
8719,SLD-f8db1a4d.svs
8720,SLD-d9073286.svs SLD-329cd43a.svs
8721,SLD-ac7b7ab2.svs SLD-e4b82987.svs SLD-353e0c86.svs
8722,SLD-42965873.svs SLD-b9cde60c.svs
8723,SLD-25323fd3.svs SLD-c9f35bf8.svs SLD-38a7ac54.svs SLD-4d03cbdd.svs
8724,SLD-25323fd3.svs SLD-2fb01074.svs SLD-c9f35bf8.svs SLD-26b1caba.svs SLD-8d3ac4b9.svs SLD-38a7ac54.svs
8725,SLD-08f1100b.svs SLD-ef208346.svs SLD-fa3222c4.svs SLD-920c3de9.svs
8726,SLD-f2d7fe55.svs SLD-b8bc6621.svs SLD-edec31ef.svs SLD-7afc50cd.svs SLD-0262a5aa.svs
8727,SLD-e7a2d2d0.svs SLD-75fc1b10.svs SLD-b8d13539.svs
8728,SLD-33b5b3ce.svs
8729,SLD-9c14940d.svs SLD-4e98ce25.svs SLD-53e83663.svs SLD-17337a7c.svs SLD-c602bd20.svs
8730,SLD-4af0a6fe.svs SLD-3c740119.svs SLD-269b6c3b.svs SLD-5bbdd1f4.svs SLD-7f107645.svs SLD-abf0f4bd.svs SLD-16f14aad.svs
8731,SLD-a217cf25.svs SLD-defa7864.svs
8732,SLD-bdaa3bfa.svs SLD-6c148fc6.svs SLD-6ab01563.svs SLD-4c4b91fe.svs
8733,SLD-f20b575d.svs
8734,SLD-3346f7c6.svs SLD-53a9ec5d.svs SLD-1cf4a8ed.svs SLD-2db6de21.svs SLD-681091fe.svs SLD-b9b5c70e.svs SLD-17ee2fe6.svs
8735,SLD-e1c25cd1.svs SLD-9f93e802.svs SLD-7e3801af.svs SLD-d1a8d7b0.svs
8736,SLD-f45da406.svs SLD-1965e435.svs SLD-07dc02b1.svs
8737,SLD-81011c5b.svs SLD-f110397a.svs SLD-a3af11d0.svs SLD-284b7bcd.svs SLD-cbf1f93c.svs
8738,SLD-c734bb05.svs SLD-26c00984.svs SLD-788c31f6.svs SLD-9e0df45b.svs SLD-052daad3.svs SLD-084fa819.svs
8739,SLD-92b035e0.svs SLD-09c64c1d.svs
8740,SLD-b8bc6621.svs SLD-e8ef99e9.svs
8741,SLD-90e639e1.svs
8742,SLD-e1bccfb2.svs SLD-4e98ce25.svs SLD-9c14940d.svs SLD-53e83663.svs SLD-c602bd20.svs
8743,SLD-d47133e7.svs SLD-b5e2834d.svs
8744,SLD-8091a21d.svs
8745,SLD-c5826444.svs SLD-d21276c2.svs SLD-848610cf.svs SLD-8e50c79a.svs SLD-79faf501.svs SLD-0ea255e0.svs SLD-8b1f1137.svs
8746,SLD-1cb66f67.svs SLD-1bce35d8.svs SLD-b02de52c.svs SLD-27649a62.svs SLD-46e785ad.svs
8747,SLD-11035083.svs
8748,SLD-37d316a4.svs
8749,SLD-2a6f1e47.svs SLD-65fd5f69.svs
8750,SLD-7ea496f5.svs SLD-a92d6b05.svs SLD-a71b80ef.svs SLD-f40d2a37.svs SLD-8e36b82f.svs
8751,SLD-2b2bcfda.svs SLD-bb5f15c1.svs SLD-603803f3.svs SLD-15db4487.svs
8752,SLD-6783b0c3.svs SLD-0876daaa.svs SLD-32d116fe.svs SLD-96248805.svs SLD-01ce5fc6.svs SLD-8f08963c.svs SLD-8eeb3fd8.svs
8753,SLD-a07f7f47.svs
8754,SLD-e139d15d.svs SLD-48d8b9ef.svs SLD-bc6ff6ac.svs SLD-6a27241f.svs SLD-3fafa217.svs
8755,SLD-6a325333.svs SLD-85e74250.svs SLD-92f078b8.svs SLD-48622a67.svs SLD-4a294067.svs SLD-dc66a27b.svs SLD-8513d91e.svs
8756,SLD-4312ece2.svs SLD-10cc8711.svs
8757,SLD-93a25c9b.svs
8758,SLD-213124bd.svs SLD-f3f05323.svs SLD-01275a63.svs SLD-0212585b.svs SLD-0b2f8580.svs SLD-3bd5f8a2.svs
8759,SLD-00cbd313.svs SLD-68afe2b8.svs SLD-1f626a97.svs SLD-80245320.svs
8760,SLD-22696227.svs
8761,SLD-b7d779cc.svs SLD-953c178e.svs
8762,SLD-ba6a098f.svs
8763,SLD-b4134208.svs SLD-b4480761.svs
8764,SLD-6f6ddf79.svs
8765,SLD-6e927501.svs SLD-a1d53402.svs
8766,SLD-c846bf90.svs
8767,SLD-1baf01f1.svs
8768,SLD-e642965c.svs SLD-299cf16b.svs
8769,SLD-3c9a9236.svs SLD-731c877a.svs
8770,SLD-1e70e799.svs SLD-ad4ab155.svs SLD-33a1d1c2.svs SLD-7f411fed.svs SLD-350d278d.svs SLD-c09fcd8f.svs
8771,SLD-120961ea.svs SLD-87ba3b90.svs SLD-889c8ae2.svs SLD-4332559d.svs SLD-57030ede.svs SLD-cad00273.svs SLD-1e415c4e.svs
8772,SLD-605dd4d6.svs SLD-a3155940.svs SLD-5e87905a.svs SLD-a1fdcdf1.svs SLD-877a2133.svs
8773,SLD-2ca723c4.svs SLD-ccd66756.svs SLD-8f4ed442.svs SLD-153251c9.svs
8774,SLD-7f67ee1a.svs SLD-3b7c1f9a.svs SLD-c3121af6.svs
8775,SLD-05727bb5.svs SLD-35c3de95.svs SLD-e46232e7.svs SLD-5e2d2454.svs SLD-b44788bd.svs
8776,SLD-c9fe6036.svs SLD-9c2e5562.svs SLD-3380dcfc.svs SLD-8a83efc8.svs SLD-4916e844.svs SLD-1b770deb.svs
8777,SLD-254bf7ae.svs SLD-1d0ab994.svs SLD-e44fc3a9.svs SLD-6d0c62c3.svs SLD-ec41e6f6.svs SLD-90e639e1.svs SLD-f20b575d.svs
8778,SLD-16f14aad.svs SLD-abf0f4bd.svs SLD-4af0a6fe.svs
8779,SLD-dfc8b87a.svs SLD-a92c3c3e.svs SLD-9c272c51.svs SLD-7176d181.svs
8780,SLD-889c8ae2.svs SLD-4332559d.svs SLD-57030ede.svs SLD-87ba3b90.svs SLD-4e3c0f2d.svs
8781,SLD-f489362c.svs SLD-fe38784b.svs SLD-50c6fa8c.svs SLD-7c2b940d.svs SLD-9045a445.svs SLD-958cd60e.svs
8782,SLD-390a9016.svs SLD-82221345.svs SLD-2f16fb50.svs SLD-4a82e06a.svs
8783,SLD-b6bca2a2.svs SLD-3c9a9236.svs
8784,SLD-261cec19.svs SLD-b7ed75b4.svs SLD-04fe973d.svs SLD-cd34bcd7.svs SLD-2c05b870.svs SLD-fff83cec.svs SLD-afdb4e0b.svs
8785,SLD-05f2b928.svs SLD-c471e21a.svs SLD-3d3703f8.svs
8786,SLD-789a2829.svs
8787,SLD-1624d318.svs SLD-4b7350d1.svs SLD-c149fa8e.svs SLD-a1ab17c0.svs
8788,SLD-7176d181.svs SLD-ac98a368.svs SLD-3e2b6653.svs SLD-3957f082.svs SLD-af3cb9d0.svs
8789,SLD-8e36b82f.svs SLD-e10b4aad.svs SLD-a92d6b05.svs SLD-29bccee9.svs
8790,SLD-a92d6b05.svs SLD-8e36b82f.svs
8791,SLD-40d2d16f.svs SLD-6df2fc82.svs
8792,SLD-3346f7c6.svs SLD-b9b5c70e.svs SLD-1cf4a8ed.svs
8793,SLD-b34dc8b0.svs
8794,SLD-8af58903.svs
8795,SLD-a867a0f0.svs
8796,SLD-fe38784b.svs
8797,SLD-7a658abe.svs SLD-119fc1c4.svs SLD-68f49b51.svs SLD-f3fa8613.svs SLD-90ed41f4.svs SLD-f660ffd5.svs
8798,SLD-064f768d.svs SLD-2452bc39.svs SLD-dbf2eed1.svs SLD-5e7f503c.svs SLD-b080e003.svs
8799,SLD-29bccee9.svs SLD-e10b4aad.svs
8800,SLD-f19b43da.svs SLD-50ae2652.svs SLD-6253dfe3.svs
8801,SLD-579e9a46.svs SLD-8df7a267.svs SLD-fd768f63.svs SLD-30a31251.svs SLD-c857d8c3.svs SLD-5163de1d.svs
8802,SLD-ad0cabfc.svs
8803,SLD-e8751766.svs
8804,SLD-75f2bc20.svs SLD-54a1d505.svs
8805,SLD-6d7fe9b2.svs SLD-739ac9e2.svs SLD-55f7792a.svs SLD-d560e64c.svs SLD-5a31a6a6.svs SLD-91fd7d4a.svs SLD-9b87cc5e.svs
8806,SLD-731c877a.svs SLD-be792965.svs SLD-b6bca2a2.svs
8807,SLD-edec31ef.svs SLD-e8ef99e9.svs SLD-b8bc6621.svs SLD-f2d7fe55.svs
8808,SLD-bc5074ac.svs SLD-4d236555.svs SLD-dc2897c6.svs
8809,SLD-82f4b48a.svs
8810,SLD-bd2cdb8d.svs SLD-92dbd613.svs SLD-17776c3a.svs SLD-4e051eea.svs
8811,SLD-24eac3f4.svs SLD-88d3281a.svs
8812,SLD-603803f3.svs SLD-15db4487.svs
8813,SLD-38431ed6.svs SLD-c110412c.svs
8814,SLD-4332559d.svs
8815,SLD-854df9b6.svs SLD-5fdd5329.svs SLD-ced4dd7c.svs
8816,SLD-c471e21a.svs SLD-beb9c9e2.svs
8817,SLD-43a061c4.svs SLD-45a16970.svs
8818,SLD-a1fdcdf1.svs
8819,SLD-06c4e109.svs SLD-916b51ee.svs
8820,SLD-35c3de95.svs SLD-05727bb5.svs
8821,SLD-7a658abe.svs SLD-f3fa8613.svs
8822,SLD-29bccee9.svs
8823,SLD-30c42d61.svs SLD-633d9c54.svs SLD-f30459cc.svs SLD-06b42b6f.svs SLD-5b8c4949.svs SLD-106861d3.svs SLD-18a77594.svs
8824,SLD-14d4dad6.svs SLD-ddfae808.svs SLD-afb120f4.svs SLD-fa999f9b.svs SLD-11035083.svs
8825,SLD-91d2125a.svs SLD-698eecba.svs
8826,SLD-4bc972ce.svs SLD-a2698c2d.svs SLD-614f1ddc.svs SLD-0a9d499c.svs SLD-2d492ca2.svs SLD-b934718f.svs SLD-531da6ac.svs
8827,SLD-da54f267.svs SLD-1058fe8c.svs SLD-6e648043.svs SLD-d26d5396.svs SLD-dd138266.svs SLD-1d7173e5.svs SLD-5bc7fdeb.svs
8828,SLD-beb9c9e2.svs
8829,SLD-958cd60e.svs SLD-7c2b940d.svs
8830,SLD-c2112eda.svs SLD-ed2ee36f.svs SLD-3df8eeef.svs SLD-9251ad08.svs SLD-e44a01f6.svs
8831,SLD-92b035e0.svs SLD-0c15a575.svs
8832,SLD-70f8dd99.svs SLD-f642c8f3.svs
8833,SLD-c110412c.svs SLD-77f4531b.svs
8834,SLD-a629d332.svs SLD-5ba830dc.svs SLD-ba626aee.svs SLD-2d4ba5a4.svs SLD-fc9ea692.svs SLD-c90853fd.svs SLD-542d19c0.svs
8835,SLD-6c4c3935.svs SLD-5e4af862.svs
8836,SLD-20ca35ab.svs SLD-38553ac8.svs
8837,SLD-496749fb.svs
8838,SLD-3db612f4.svs SLD-72323dc9.svs
8839,SLD-dc2897c6.svs
8840,SLD-f25a3c68.svs SLD-edec31ef.svs SLD-0262a5aa.svs SLD-7afc50cd.svs SLD-b8bc6621.svs SLD-e8ef99e9.svs SLD-f2d7fe55.svs
8841,SLD-1f9078d5.svs
8842,SLD-b0445ebb.svs SLD-bb5f15c1.svs SLD-603803f3.svs SLD-cb18d6a4.svs SLD-2b2bcfda.svs
8843,SLD-25e4979d.svs SLD-e5aef699.svs
8844,SLD-5a220eb2.svs SLD-f75a7e6f.svs
8845,SLD-cd34bcd7.svs
8846,SLD-fa7bff5f.svs SLD-d59b148f.svs SLD-1db1dfdc.svs
8847,SLD-32ae2a20.svs SLD-60c6b3ed.svs
8848,SLD-ae2562ca.svs SLD-31cb5e8e.svs
8849,SLD-501049e2.svs SLD-39b66d71.svs SLD-951a0518.svs SLD-f367dbe2.svs
8850,SLD-9c2e5562.svs SLD-c9fe6036.svs SLD-8e9b185e.svs SLD-e64ddd91.svs SLD-1b770deb.svs
8851,SLD-693d993c.svs SLD-eb1d1061.svs SLD-48a133ab.svs
8852,SLD-bb00d206.svs SLD-9df497f1.svs SLD-f8542953.svs SLD-6b5a174d.svs SLD-c095e099.svs SLD-34367eaa.svs SLD-7e240205.svs
8853,SLD-329cd43a.svs
8854,SLD-1cb66f67.svs SLD-27649a62.svs SLD-1bce35d8.svs SLD-cbe88a3f.svs
8855,SLD-0c78c2f9.svs
8856,SLD-3f2de8a8.svs SLD-d7133061.svs SLD-d216ad53.svs SLD-3cc4f772.svs SLD-2d20481a.svs SLD-d4088ff7.svs
8857,SLD-b52f6009.svs SLD-b44788bd.svs SLD-35c3de95.svs SLD-e46232e7.svs
8858,SLD-a0f9c074.svs SLD-5f2e9167.svs SLD-2835bcdb.svs
8859,SLD-1dbc24fd.svs SLD-453432cd.svs SLD-0a8aa1e4.svs
8860,SLD-39d5b552.svs SLD-ab1e6794.svs SLD-b9cde60c.svs SLD-581ba307.svs
8861,SLD-1417d4f9.svs SLD-9ed9c124.svs SLD-dd5aacc7.svs SLD-6d5b7d50.svs
8862,SLD-2ca723c4.svs SLD-ccd66756.svs SLD-8f4ed442.svs SLD-14aaaefe.svs SLD-d03459a4.svs
8863,SLD-ca6cb87c.svs SLD-da98da57.svs SLD-6951743e.svs
8864,SLD-efd164ee.svs SLD-ed4879e7.svs SLD-e30d04fd.svs SLD-0ef05b6f.svs
8865,
8866,SLD-8ecb4971.svs SLD-393031a6.svs SLD-18c8ece6.svs SLD-c82a6c15.svs SLD-378b094c.svs
8867,SLD-6fdc5e00.svs SLD-a0d9da58.svs SLD-b2e02961.svs SLD-496749fb.svs
8868,SLD-4d18c103.svs
8869,SLD-f902d6c0.svs SLD-4704768e.svs SLD-5bd71dc6.svs SLD-5bf57279.svs SLD-ea75e34d.svs
8870,SLD-e4bacd78.svs SLD-4168705a.svs SLD-8930d179.svs SLD-74aba9fc.svs SLD-cb775e24.svs
8871,SLD-d1c3d1bc.svs SLD-b2d10e3d.svs SLD-809e2109.svs
8872,SLD-ea75e34d.svs SLD-669ff1b9.svs
8873,SLD-dc2897c6.svs SLD-4fee7144.svs SLD-84539813.svs SLD-41300879.svs SLD-4d236555.svs SLD-baa172ac.svs
8874,SLD-e51c0cdb.svs SLD-824734df.svs SLD-dd1f8e30.svs
8875,SLD-3b8f5fc7.svs SLD-7c96eefa.svs SLD-acf606fc.svs SLD-8091a21d.svs SLD-6637c09f.svs
8876,SLD-f0041e32.svs SLD-70bc3ec1.svs SLD-d197b561.svs SLD-4d29d77a.svs
8877,SLD-f6b4160b.svs SLD-25d203e3.svs SLD-5ba48aa0.svs
8878,SLD-55f7792a.svs SLD-1a9e8547.svs SLD-5a31a6a6.svs SLD-739ac9e2.svs SLD-d560e64c.svs
8879,SLD-03ea038f.svs SLD-7e240205.svs SLD-9df497f1.svs SLD-f8542953.svs SLD-34367eaa.svs
8880,SLD-7f107645.svs SLD-269b6c3b.svs SLD-754724dd.svs
8881,SLD-dc68d4fd.svs SLD-99e8c828.svs
8882,SLD-14827a89.svs SLD-deb4e6c4.svs
8883,SLD-66dfeb1e.svs SLD-9ab3cc27.svs SLD-b4480761.svs
8884,SLD-eb1d1061.svs
8885,SLD-b4d4dfcc.svs SLD-4b5ca436.svs SLD-c8bf23fb.svs SLD-953c178e.svs SLD-27e969e2.svs SLD-d7a3283c.svs SLD-61067a8c.svs
8886,SLD-bdaa3bfa.svs SLD-9750ca7e.svs SLD-6ab01563.svs
8887,SLD-f3ca5f64.svs
8888,SLD-07fe6a4e.svs SLD-2a6f1e47.svs SLD-9cf600ec.svs
8889,SLD-dd5aacc7.svs SLD-6d5b7d50.svs
8890,SLD-905c053b.svs SLD-fba52e59.svs SLD-6c596216.svs SLD-25fdacbe.svs
8891,SLD-c8bf23fb.svs
8892,SLD-fc145cfe.svs SLD-ac91c01e.svs SLD-69967b5c.svs SLD-469a1289.svs SLD-a96e2bf4.svs SLD-586523b8.svs
8893,SLD-4d236555.svs
8894,SLD-8a83efc8.svs
8895,SLD-bb9e5a02.svs SLD-6a27241f.svs SLD-2c2df3c2.svs SLD-3fafa217.svs SLD-bc6ff6ac.svs SLD-37d316a4.svs SLD-48d8b9ef.svs
8896,SLD-de6fec4b.svs SLD-399f8a8f.svs
8897,SLD-ad4ab155.svs
8898,SLD-c5dd967b.svs SLD-08f1100b.svs SLD-88239867.svs SLD-432fb308.svs
8899,SLD-614f1ddc.svs SLD-0a9d499c.svs
8900,SLD-18a77594.svs SLD-1f94e3c8.svs SLD-5b8c4949.svs
8901,SLD-d466c772.svs SLD-992e7dea.svs SLD-aab6941b.svs SLD-25d203e3.svs SLD-59e8484c.svs SLD-f6b4160b.svs
8902,SLD-3012ae1c.svs SLD-5e6364c6.svs SLD-14827a89.svs
8903,SLD-c7281f15.svs SLD-b17078ee.svs SLD-c2eaf172.svs SLD-723dc8f5.svs
8904,SLD-113c1836.svs SLD-c110412c.svs
8905,SLD-d9073286.svs SLD-852d2ee5.svs
8906,SLD-4fab2ad8.svs SLD-8091a21d.svs
8907,SLD-b259a6a0.svs SLD-cfe4fb66.svs SLD-7c8d5368.svs
8908,SLD-d89331ac.svs SLD-38431ed6.svs SLD-1d010478.svs SLD-77f4531b.svs SLD-113c1836.svs
8909,SLD-baa172ac.svs
8910,SLD-6f6ddf79.svs SLD-54a8762b.svs
8911,SLD-f11ddff7.svs SLD-0932f5b6.svs
8912,SLD-88239867.svs SLD-c5dd967b.svs SLD-fa3222c4.svs SLD-920c3de9.svs
8913,SLD-25777cf0.svs SLD-8be04c3e.svs SLD-d3b564b0.svs SLD-1ac902ee.svs SLD-60c6b3ed.svs
8914,SLD-5f653800.svs
8915,SLD-90823eda.svs SLD-60257199.svs
8916,SLD-39ebfa32.svs
8917,SLD-1349747a.svs SLD-f4dd05d5.svs
8918,SLD-de62d43f.svs SLD-2922fbd8.svs
8919,SLD-ab899605.svs SLD-8af58903.svs
8920,SLD-c67781b2.svs SLD-40d2d16f.svs
8921,SLD-1519401c.svs SLD-d21276c2.svs SLD-8e50c79a.svs SLD-79faf501.svs SLD-848610cf.svs SLD-c5826444.svs SLD-0ea255e0.svs
8922,SLD-5f2e9167.svs SLD-1eda4209.svs
8923,SLD-a94501d7.svs SLD-f9d0a163.svs
8924,SLD-b2d10e3d.svs SLD-e38690e7.svs SLD-e27ac8e9.svs
8925,SLD-907d8532.svs SLD-53ff6644.svs SLD-4741ee56.svs SLD-5ac5f4f0.svs SLD-2076d932.svs
8926,SLD-1a9e8547.svs SLD-9b87cc5e.svs
8927,SLD-aab6941b.svs SLD-5ba48aa0.svs SLD-59e8484c.svs
8928,SLD-96062930.svs SLD-3e1fa8ac.svs SLD-e47c98ea.svs SLD-dba620f1.svs SLD-35bbcdb0.svs
8929,SLD-1baf01f1.svs SLD-517fa07e.svs SLD-d13ec39c.svs SLD-ad0cabfc.svs SLD-e4751694.svs SLD-7b0f78c1.svs SLD-b8f35c26.svs
8930,SLD-baa172ac.svs SLD-6279d944.svs SLD-4fee7144.svs SLD-41300879.svs SLD-bc5074ac.svs SLD-84539813.svs
8931,SLD-9b050db2.svs
8932,SLD-650dd400.svs SLD-10b2e6e5.svs SLD-6d3f4b37.svs
8933,SLD-9b87cc5e.svs SLD-739ac9e2.svs
8934,SLD-9b050db2.svs SLD-cbe88a3f.svs
8935,SLD-e4b82987.svs SLD-00d3d1af.svs SLD-98ba0f0e.svs SLD-346d2b7e.svs SLD-a8b56f85.svs
8936,SLD-41300879.svs SLD-dc2897c6.svs SLD-4fee7144.svs
8937,SLD-57d1d37c.svs SLD-18f7e499.svs SLD-c7afae8f.svs
8938,SLD-c315d334.svs SLD-35bbcdb0.svs SLD-28600311.svs SLD-bda31488.svs SLD-96062930.svs SLD-3e1fa8ac.svs SLD-e47c98ea.svs
8939,SLD-b58c1e9f.svs SLD-daa6b26a.svs SLD-e30d04fd.svs SLD-0ef05b6f.svs
8940,SLD-739ac9e2.svs SLD-1a9e8547.svs SLD-d560e64c.svs SLD-9b87cc5e.svs SLD-55f7792a.svs
8941,SLD-79009c61.svs SLD-77cb1a27.svs SLD-5aa3892a.svs
8942,SLD-49bcf4a8.svs SLD-9f93e802.svs SLD-e65d1c73.svs SLD-d1a8d7b0.svs SLD-e1c25cd1.svs SLD-5b62a7c9.svs SLD-7e3801af.svs
8943,SLD-27f9e728.svs SLD-101bb5fa.svs SLD-6a480542.svs SLD-bbf9bb01.svs SLD-07dc02b1.svs SLD-1965e435.svs SLD-f45da406.svs
8944,SLD-ed9081c1.svs SLD-f0bd7405.svs
8945,SLD-09c64c1d.svs SLD-00f24603.svs SLD-0c15a575.svs SLD-c6f149c7.svs
8946,SLD-6c749cf4.svs SLD-2b66b1c0.svs SLD-ced4dd7c.svs SLD-5fdd5329.svs SLD-0d20f686.svs SLD-854df9b6.svs SLD-b4ca0142.svs
8947,SLD-c202387b.svs SLD-cb4d18d6.svs SLD-adb6da35.svs
8948,SLD-fd768f63.svs SLD-579e9a46.svs SLD-8df7a267.svs SLD-b4a06976.svs SLD-30a31251.svs SLD-c857d8c3.svs
8949,SLD-4a9686a4.svs SLD-3e581dd5.svs
8950,SLD-8463416a.svs SLD-e0efc989.svs SLD-2ab465e9.svs SLD-fe656bef.svs SLD-d97d2b38.svs SLD-a4a98266.svs
8951,SLD-0c15a575.svs SLD-ecf150e6.svs SLD-1ca5a2f5.svs SLD-09c64c1d.svs SLD-00f24603.svs SLD-c6f149c7.svs
8952,SLD-b13bad4e.svs
8953,SLD-2db6de21.svs SLD-53a9ec5d.svs SLD-681091fe.svs SLD-437249fd.svs
8954,SLD-4a294067.svs SLD-6a325333.svs SLD-22696227.svs SLD-8513d91e.svs
8955,SLD-a2698c2d.svs SLD-4bc972ce.svs SLD-2d492ca2.svs SLD-531da6ac.svs SLD-614f1ddc.svs SLD-956c2129.svs
8956,SLD-eda67806.svs SLD-3bfb255e.svs SLD-3a19607d.svs SLD-ed0d0418.svs SLD-7984f33f.svs
8957,SLD-d9082a42.svs SLD-142a6c95.svs
8958,SLD-45a16970.svs SLD-08236adf.svs SLD-a11b26b0.svs SLD-1e709e19.svs SLD-6e05724d.svs SLD-43a061c4.svs SLD-b49b93d5.svs
8959,SLD-905c053b.svs SLD-7ce71b48.svs
8960,SLD-49bcf4a8.svs SLD-bc6284a8.svs SLD-5b62a7c9.svs
8961,SLD-688181a8.svs SLD-ed469bf4.svs SLD-70d22718.svs
8962,SLD-f6b4160b.svs
8963,SLD-e47638ec.svs
8964,SLD-b4a06976.svs SLD-86fadb0e.svs
8965,SLD-dc2151e1.svs
8966,SLD-469fc269.svs SLD-e291f5e1.svs SLD-94d50a99.svs
8967,SLD-c13e66af.svs SLD-82221345.svs SLD-4a82e06a.svs SLD-390a9016.svs SLD-2f16fb50.svs
8968,SLD-f642c8f3.svs SLD-4b1678e4.svs SLD-e6b920da.svs SLD-ba6a098f.svs SLD-5f20f406.svs
8969,SLD-e1bccfb2.svs SLD-53e83663.svs SLD-9c14940d.svs
8970,SLD-669ff1b9.svs SLD-6e927501.svs SLD-5bf57279.svs SLD-4704768e.svs SLD-ea75e34d.svs SLD-a1d53402.svs SLD-5bd71dc6.svs
8971,SLD-dfec4623.svs SLD-ff88ec82.svs SLD-33b5b3ce.svs SLD-7fa74d8a.svs SLD-ab899605.svs SLD-9c19ed34.svs SLD-8af58903.svs
8972,SLD-34367eaa.svs SLD-6b5a174d.svs SLD-03ea038f.svs
8973,SLD-6a27241f.svs SLD-3fafa217.svs SLD-e139d15d.svs SLD-bc6ff6ac.svs SLD-2c2df3c2.svs
8974,SLD-723dc8f5.svs SLD-e5a15243.svs SLD-b5cbb690.svs
8975,SLD-43a061c4.svs SLD-08236adf.svs
8976,SLD-dfec4623.svs SLD-ab899605.svs SLD-8af58903.svs
8977,SLD-f5feba5e.svs SLD-3b7c1f9a.svs
8978,SLD-deffed7a.svs SLD-476c4878.svs SLD-38553ac8.svs SLD-7d718591.svs SLD-ef38d426.svs
8979,SLD-fd768f63.svs SLD-579e9a46.svs SLD-86fadb0e.svs SLD-c857d8c3.svs SLD-8df7a267.svs SLD-30a31251.svs
8980,SLD-b7a02afd.svs SLD-30d6863f.svs SLD-50852f4f.svs SLD-0b09ec41.svs SLD-abe0a177.svs
8981,SLD-63d0fccd.svs SLD-b7ed75b4.svs SLD-fff83cec.svs SLD-afdb4e0b.svs SLD-2c05b870.svs SLD-cd34bcd7.svs SLD-261cec19.svs
8982,SLD-425de95f.svs
8983,SLD-2452bc39.svs SLD-b080e003.svs SLD-064f768d.svs SLD-dbf2eed1.svs
8984,SLD-990e8f01.svs SLD-ed7a6edf.svs SLD-1417d4f9.svs
8985,SLD-bb5f15c1.svs SLD-15db4487.svs
8986,SLD-5b61f92b.svs SLD-07fe6a4e.svs SLD-9cf600ec.svs SLD-2a6f1e47.svs
8987,SLD-dc66a27b.svs SLD-6a325333.svs SLD-4a294067.svs SLD-85e74250.svs SLD-22696227.svs
8988,SLD-6d316b4a.svs SLD-09aedbd0.svs
8989,SLD-1db2b452.svs
8990,SLD-54a1d505.svs SLD-75f2bc20.svs SLD-261908b9.svs SLD-a7f5195c.svs
8991,SLD-3012ae1c.svs SLD-864696c1.svs SLD-d658b1b3.svs SLD-5882e3bb.svs
8992,SLD-defa7864.svs SLD-2fcf3b87.svs SLD-0e96ed9b.svs SLD-be3feafd.svs SLD-a217cf25.svs SLD-3be95767.svs
8993,SLD-54a1d505.svs SLD-de62d43f.svs
8994,SLD-ad0cabfc.svs SLD-517fa07e.svs
8995,SLD-5b9e42d0.svs SLD-688181a8.svs SLD-70d22718.svs SLD-0dd35d11.svs SLD-eb1c3ba4.svs SLD-d5cf2dc4.svs
8996,SLD-6fdc5e00.svs
8997,SLD-8e4a295d.svs SLD-9a9dadd2.svs SLD-3246b7d9.svs SLD-5153f737.svs SLD-0021b632.svs
8998,SLD-21da132c.svs SLD-12bdf75f.svs SLD-13f2a37c.svs SLD-b3c161c3.svs
8999,SLD-40fe81ec.svs
9000,SLD-b7c144fb.svs
9001,SLD-e47c98ea.svs SLD-dba620f1.svs SLD-28600311.svs SLD-bda31488.svs SLD-96062930.svs SLD-c315d334.svs
9002,SLD-0ff73f25.svs
9003,SLD-ce5dc807.svs SLD-90823eda.svs
9004,SLD-261cec19.svs SLD-afdb4e0b.svs SLD-2c05b870.svs
9005,SLD-d89331ac.svs SLD-1d010478.svs
9006,SLD-c30759a4.svs SLD-fefc5b4a.svs
9007,SLD-f22a4fc6.svs SLD-d7133061.svs SLD-3cc4f772.svs SLD-d4088ff7.svs SLD-2d20481a.svs
9008,SLD-7ee1a2a3.svs SLD-fbf70946.svs SLD-d6ada066.svs SLD-7f6bf51b.svs
9009,SLD-533c9a31.svs SLD-4168705a.svs SLD-e4bacd78.svs SLD-cb775e24.svs
9010,SLD-7fa74d8a.svs SLD-dfec4623.svs SLD-ff88ec82.svs SLD-a2939b3b.svs
9011,SLD-92dbd613.svs
9012,SLD-52ab793f.svs
9013,SLD-20ca35ab.svs
9014,SLD-d61a43f2.svs SLD-378b094c.svs SLD-58ea0417.svs SLD-c82a6c15.svs SLD-18c8ece6.svs
9015,SLD-d8efb5c9.svs SLD-ca3c4050.svs SLD-b8d13539.svs SLD-33251c76.svs
9016,SLD-f11ddff7.svs SLD-6af944e0.svs
9017,SLD-44e8a604.svs SLD-338f4acf.svs SLD-28702bb1.svs
9018,SLD-f9d0a163.svs
9019,SLD-702a5b67.svs SLD-b7ae7758.svs
9020,SLD-5bf80676.svs SLD-b1182d23.svs SLD-590e83da.svs SLD-2d8b5b41.svs SLD-028d042b.svs SLD-586f1721.svs SLD-078548d7.svs
9021,SLD-70f8dd99.svs SLD-ba6a098f.svs
9022,SLD-6f1bdd07.svs SLD-49b564fb.svs SLD-75fd3537.svs SLD-c069c542.svs
9023,SLD-90ed41f4.svs SLD-119fc1c4.svs SLD-68f49b51.svs SLD-f3fa8613.svs SLD-7a658abe.svs SLD-1188afa1.svs SLD-64aba3f6.svs
9024,SLD-a25130a8.svs SLD-01424249.svs SLD-fb24cba4.svs SLD-e1a9344e.svs
9025,SLD-90e639e1.svs SLD-e44fc3a9.svs SLD-f20b575d.svs SLD-1d0ab994.svs
9026,SLD-5b471c43.svs SLD-1349747a.svs SLD-0b6d9611.svs SLD-a1cba182.svs SLD-7499b28c.svs
9027,SLD-47595b01.svs SLD-11fba56e.svs SLD-efa2ce12.svs SLD-f3254f2d.svs SLD-d48457df.svs SLD-6c835975.svs SLD-8c833848.svs
9028,SLD-0212585b.svs SLD-0b2f8580.svs SLD-01275a63.svs
9029,SLD-13d1ea49.svs SLD-eb1c3ba4.svs
9030,SLD-27649a62.svs
9031,SLD-269b6c3b.svs SLD-abf0f4bd.svs
9032,SLD-284b7bcd.svs
9033,SLD-cb18d6a4.svs SLD-9d4319b5.svs SLD-bb5f15c1.svs SLD-2b2bcfda.svs SLD-603803f3.svs
9034,SLD-abecfc0b.svs SLD-42965873.svs SLD-b9cde60c.svs
9035,SLD-09c64c1d.svs SLD-92b035e0.svs SLD-ecf150e6.svs
9036,SLD-4c88b9d8.svs SLD-a1d20ebc.svs SLD-ab12fb53.svs SLD-5aa3892a.svs SLD-8f42cebe.svs SLD-77cb1a27.svs SLD-23b870f3.svs
9037,SLD-c3edd9b7.svs SLD-44f20133.svs SLD-f9df7275.svs
9038,SLD-84eaf943.svs
9039,SLD-469a1289.svs SLD-fc145cfe.svs SLD-f9154865.svs SLD-69967b5c.svs
9040,SLD-84403b37.svs SLD-23d83f22.svs SLD-98decbf6.svs SLD-d9732b86.svs SLD-b13bad4e.svs
9041,SLD-4e60678b.svs SLD-f6f25926.svs
9042,SLD-6a594b07.svs SLD-3a19607d.svs
9043,SLD-080638c9.svs SLD-496749fb.svs SLD-6fdc5e00.svs SLD-3db4cb81.svs
9044,SLD-8d3ac4b9.svs SLD-c9f35bf8.svs SLD-38a7ac54.svs SLD-4d03cbdd.svs
9045,SLD-a71b80ef.svs
9046,SLD-a2bb6283.svs SLD-f75a7e6f.svs SLD-2b863694.svs SLD-541d1a81.svs
9047,SLD-28600311.svs SLD-35bbcdb0.svs SLD-e47c98ea.svs SLD-bda31488.svs
9048,SLD-c09fcd8f.svs SLD-7f411fed.svs SLD-ad4ab155.svs
9049,SLD-6a594b07.svs
9050,SLD-00d3d1af.svs SLD-e4b82987.svs SLD-a8b56f85.svs SLD-98ba0f0e.svs SLD-353e0c86.svs SLD-346d2b7e.svs SLD-24aeba79.svs
9051,SLD-63d0fccd.svs SLD-b7ed75b4.svs
9052,SLD-074f3be0.svs SLD-f9df7275.svs SLD-61994015.svs
9053,SLD-1cb66f67.svs SLD-27649a62.svs SLD-1bce35d8.svs SLD-b02de52c.svs
9054,SLD-07dc02b1.svs SLD-bbf9bb01.svs
9055,SLD-af8c96a9.svs
9056,SLD-b56b9357.svs SLD-b34dc8b0.svs SLD-425de95f.svs SLD-c846bf90.svs
9057,SLD-64d02759.svs SLD-13f2a37c.svs SLD-12bdf75f.svs SLD-dc68d4fd.svs SLD-b3c161c3.svs
9058,SLD-00d3d1af.svs SLD-e4b82987.svs
9059,SLD-8d99743c.svs SLD-813dd49a.svs SLD-a2834536.svs
9060,SLD-350d278d.svs SLD-41a8a6e1.svs SLD-1e70e799.svs SLD-65e04993.svs SLD-7f411fed.svs SLD-c09fcd8f.svs SLD-ad4ab155.svs
9061,SLD-9717aa6e.svs SLD-48a133ab.svs SLD-693d993c.svs SLD-28b4d5b9.svs
9062,SLD-0f2670d2.svs SLD-f19b43da.svs SLD-356af737.svs SLD-6253dfe3.svs
9063,SLD-eb1d1061.svs SLD-28b4d5b9.svs SLD-c30759a4.svs SLD-dd55daaf.svs
9064,SLD-98ba0f0e.svs SLD-a8b56f85.svs SLD-353e0c86.svs
9065,SLD-da98da57.svs SLD-8a74bec5.svs
9066,SLD-3f2de8a8.svs
9067,SLD-c13e66af.svs SLD-4a82e06a.svs SLD-3c9590d3.svs
9068,SLD-3c740119.svs SLD-4af0a6fe.svs SLD-269b6c3b.svs SLD-5bbdd1f4.svs SLD-754724dd.svs SLD-16f14aad.svs SLD-7f107645.svs
9069,SLD-82221345.svs SLD-390a9016.svs SLD-3c9590d3.svs SLD-50de4292.svs
9070,SLD-48622a67.svs
9071,SLD-23b870f3.svs SLD-8f42cebe.svs SLD-77cb1a27.svs SLD-4c88b9d8.svs SLD-5aa3892a.svs SLD-a1d20ebc.svs SLD-ab12fb53.svs
9072,SLD-1db2b452.svs
9073,SLD-cbe88a3f.svs
9074,SLD-ffeb5d5f.svs
9075,SLD-eed15368.svs
9076,SLD-437249fd.svs SLD-53a9ec5d.svs
9077,SLD-e4751694.svs SLD-7b0f78c1.svs SLD-d13ec39c.svs SLD-5cb6f1f0.svs
9078,SLD-efd164ee.svs SLD-b58c1e9f.svs SLD-e30d04fd.svs
9079,SLD-10cc8711.svs SLD-4312ece2.svs
9080,SLD-4741ee56.svs SLD-5ac5f4f0.svs
9081,SLD-f1e7ea9b.svs
9082,SLD-96248805.svs
9083,SLD-80245320.svs SLD-63eaa07f.svs SLD-1f626a97.svs SLD-00cbd313.svs
9084,SLD-55c7ed9d.svs SLD-6d316b4a.svs SLD-7f6b8793.svs SLD-b318ad4c.svs
9085,SLD-378b094c.svs SLD-8ecb4971.svs SLD-d61a43f2.svs
9086,SLD-f3fa8613.svs SLD-119fc1c4.svs SLD-64aba3f6.svs
9087,SLD-488cac4e.svs SLD-e8a56f31.svs SLD-ac2c10d0.svs
9088,SLD-cb775e24.svs SLD-e4bacd78.svs SLD-4168705a.svs SLD-52ab793f.svs SLD-533c9a31.svs
9089,SLD-f902d6c0.svs SLD-669ff1b9.svs SLD-6e927501.svs SLD-a1d53402.svs SLD-4704768e.svs SLD-5bf57279.svs SLD-ea75e34d.svs
9090,SLD-b34dc8b0.svs SLD-40fe6898.svs SLD-ef7dee1a.svs SLD-c846bf90.svs
9091,SLD-78a55d6b.svs
9092,SLD-5e6364c6.svs SLD-deb4e6c4.svs SLD-35a7c6ed.svs SLD-14827a89.svs SLD-864696c1.svs SLD-3012ae1c.svs SLD-d658b1b3.svs
9093,SLD-28600311.svs SLD-3e1fa8ac.svs SLD-e47c98ea.svs SLD-c315d334.svs SLD-bda31488.svs
9094,SLD-29530a13.svs SLD-7ed61f4e.svs SLD-059ebb2e.svs SLD-d1cae193.svs SLD-03927935.svs
9095,SLD-0ef05b6f.svs
9096,SLD-6279d944.svs SLD-84539813.svs SLD-baa172ac.svs SLD-41300879.svs SLD-4fee7144.svs SLD-bc5074ac.svs SLD-4d236555.svs
9097,SLD-4643d705.svs SLD-2f6570d7.svs SLD-e44a01f6.svs
9098,SLD-7f67ee1a.svs SLD-17b18e6e.svs SLD-ad9d1f42.svs
9099,SLD-6b5a174d.svs
9100,SLD-3bcab3ea.svs SLD-816480fa.svs SLD-90a2b8e1.svs
9101,SLD-afb120f4.svs SLD-86de3365.svs SLD-11035083.svs SLD-14d4dad6.svs
9102,SLD-49bcf4a8.svs SLD-bc6284a8.svs SLD-e65d1c73.svs
9103,SLD-ed28508d.svs SLD-4c4b91fe.svs
9104,SLD-84539813.svs SLD-bc5074ac.svs
9105,SLD-571c9d78.svs
9106,SLD-c846bf90.svs SLD-40fe6898.svs SLD-8476af98.svs
9107,SLD-17337a7c.svs SLD-9c14940d.svs
9108,SLD-d4088ff7.svs SLD-3f2de8a8.svs
9109,SLD-1dbc24fd.svs SLD-00f520f4.svs SLD-df8693ce.svs SLD-0a8aa1e4.svs SLD-ffeb5d5f.svs
9110,SLD-62276cbc.svs
9111,SLD-0078cb12.svs
9112,SLD-669ff1b9.svs
9113,SLD-c90853fd.svs SLD-5ba830dc.svs
9114,SLD-fa92cd28.svs SLD-01fda698.svs
9115,SLD-c857d8c3.svs SLD-8df7a267.svs SLD-5163de1d.svs SLD-fd768f63.svs SLD-30a31251.svs SLD-579e9a46.svs SLD-86fadb0e.svs
9116,SLD-0c78c2f9.svs SLD-b6a659ef.svs SLD-647640a1.svs SLD-e0acf9ff.svs SLD-1b4e1428.svs SLD-da418b24.svs SLD-24eac3f4.svs
9117,SLD-fff83cec.svs SLD-63d0fccd.svs SLD-b7ed75b4.svs SLD-2c05b870.svs SLD-afdb4e0b.svs
9118,SLD-10b2e6e5.svs SLD-650dd400.svs SLD-70c455a9.svs SLD-f0bd7405.svs SLD-6d3f4b37.svs SLD-a27ee80d.svs SLD-ec6e61bd.svs
9119,SLD-5bf80676.svs SLD-2d8b5b41.svs
9120,SLD-0061fd30.svs
9121,SLD-ea5f24b6.svs SLD-843b2a7d.svs SLD-21681081.svs
9122,SLD-ef7dee1a.svs SLD-40fe6898.svs SLD-53f3c158.svs SLD-b34dc8b0.svs
9123,SLD-91fd7d4a.svs SLD-6d7fe9b2.svs
9124,SLD-5723a959.svs
9125,SLD-583678ee.svs SLD-27fa8b8a.svs
9126,SLD-357f0a64.svs
9127,SLD-ba626aee.svs SLD-542d19c0.svs SLD-fc9ea692.svs
9128,SLD-0a66dc4e.svs SLD-ea5f24b6.svs SLD-21681081.svs SLD-843b2a7d.svs SLD-de6fec4b.svs SLD-0a1727f7.svs SLD-10fc9eee.svs
9129,SLD-25777cf0.svs SLD-755a3ac1.svs SLD-60c6b3ed.svs SLD-d3b564b0.svs
9130,SLD-aab6941b.svs
9131,SLD-605dd4d6.svs
9132,SLD-d61a43f2.svs SLD-c82a6c15.svs SLD-b5178761.svs SLD-18c8ece6.svs SLD-58ea0417.svs
9133,SLD-531da6ac.svs SLD-b934718f.svs SLD-0a9d499c.svs
9134,SLD-533c9a31.svs SLD-e4bacd78.svs SLD-74aba9fc.svs SLD-51abf5e5.svs SLD-4168705a.svs SLD-8930d179.svs SLD-52ab793f.svs
9135,SLD-fd0ba70e.svs SLD-385af463.svs SLD-379deda1.svs SLD-b6e355f6.svs SLD-156af458.svs SLD-ade6c5e9.svs SLD-5e4af862.svs
9136,SLD-af3cb9d0.svs SLD-a92c3c3e.svs
9137,SLD-6a480542.svs SLD-101bb5fa.svs SLD-07dc02b1.svs
9138,SLD-dc68d4fd.svs SLD-13f2a37c.svs
9139,SLD-86de3365.svs SLD-afb120f4.svs SLD-ddfae808.svs SLD-afd86432.svs
9140,SLD-4124405b.svs SLD-91fcfe88.svs
9141,SLD-6f1bdd07.svs
9142,
9143,SLD-b8d13539.svs SLD-75fc1b10.svs SLD-d8efb5c9.svs SLD-ca3c4050.svs SLD-0ff73f25.svs SLD-e7a2d2d0.svs
9144,SLD-21da132c.svs SLD-dc68d4fd.svs SLD-13f2a37c.svs SLD-99e8c828.svs
9145,SLD-7b0f78c1.svs SLD-ad0cabfc.svs SLD-1baf01f1.svs
9146,SLD-4bc01de3.svs SLD-23aa9e67.svs SLD-d197b561.svs SLD-f0041e32.svs
9147,SLD-c5dd967b.svs SLD-08f1100b.svs
9148,SLD-cbe88a3f.svs SLD-1bce35d8.svs SLD-9b050db2.svs SLD-27649a62.svs
9149,SLD-7e083c1b.svs SLD-451437d6.svs SLD-cda6a326.svs SLD-566ff3ec.svs SLD-f1c58f44.svs SLD-4f8e3e01.svs
9150,SLD-21f8c156.svs SLD-788c31f6.svs SLD-26c00984.svs SLD-052daad3.svs SLD-9e0df45b.svs SLD-992a34a1.svs SLD-c734bb05.svs
9151,SLD-f489362c.svs SLD-10345193.svs SLD-9045a445.svs
9152,SLD-ac91c01e.svs SLD-469a1289.svs SLD-586523b8.svs SLD-69967b5c.svs SLD-fc145cfe.svs SLD-a96e2bf4.svs SLD-f9154865.svs
9153,SLD-843b2a7d.svs
9154,SLD-29bccee9.svs SLD-cf2a2198.svs
9155,SLD-f7cd0b75.svs
9156,SLD-2db6de21.svs SLD-3346f7c6.svs
9157,SLD-533c9a31.svs SLD-4168705a.svs
9158,SLD-1eda4209.svs SLD-9177b6d4.svs SLD-2347b24f.svs SLD-1f9078d5.svs
9159,SLD-d197b561.svs SLD-cf085288.svs
9160,SLD-579e9a46.svs SLD-fd768f63.svs SLD-8df7a267.svs SLD-30a31251.svs
9161,SLD-af3cb9d0.svs SLD-3957f082.svs
9162,SLD-7f6b8793.svs SLD-4d4985dc.svs
9163,SLD-1ac902ee.svs SLD-32ae2a20.svs SLD-25777cf0.svs SLD-60c6b3ed.svs SLD-755a3ac1.svs
9164,SLD-b02de52c.svs SLD-1bce35d8.svs
9165,SLD-f9df7275.svs SLD-c3edd9b7.svs SLD-0a8bc856.svs SLD-9da28338.svs SLD-074f3be0.svs SLD-61994015.svs SLD-f45c8840.svs
9166,SLD-b8f35c26.svs SLD-d13ec39c.svs
9167,SLD-2922fbd8.svs SLD-a7f5195c.svs SLD-dca5b353.svs SLD-de62d43f.svs SLD-54a1d505.svs
9168,SLD-df8693ce.svs SLD-ffeb5d5f.svs
9169,SLD-64aba3f6.svs SLD-68f49b51.svs SLD-1188afa1.svs SLD-f660ffd5.svs
9170,SLD-10fc9eee.svs SLD-ea5f24b6.svs
9171,SLD-6783b0c3.svs
9172,SLD-1417d4f9.svs SLD-9ed9c124.svs SLD-990e8f01.svs SLD-dd5aacc7.svs SLD-6d5b7d50.svs SLD-ed7a6edf.svs SLD-b7c144fb.svs
9173,SLD-2bdb5720.svs SLD-1f626a97.svs SLD-68afe2b8.svs
9174,SLD-0061fd30.svs
9175,SLD-1cf4a8ed.svs
9176,SLD-e642965c.svs SLD-272eaa36.svs
9177,SLD-a1fdcdf1.svs SLD-877a2133.svs SLD-71df24d9.svs
9178,SLD-b17078ee.svs SLD-3fbdaeed.svs
9179,SLD-4a294067.svs SLD-22696227.svs SLD-48622a67.svs SLD-6a325333.svs SLD-92f078b8.svs
9180,SLD-41300879.svs SLD-bc5074ac.svs
9181,SLD-5e2d2454.svs
9182,SLD-1dbc24fd.svs SLD-a3ef802e.svs
9183,SLD-104dff66.svs SLD-598ca3b4.svs SLD-00fdec23.svs SLD-01d34690.svs SLD-a795ac54.svs
9184,SLD-14e16706.svs SLD-852d2ee5.svs SLD-d9073286.svs SLD-7751b3fa.svs SLD-0061fd30.svs
9185,SLD-916b51ee.svs SLD-6b325d48.svs
9186,SLD-21da132c.svs SLD-99e8c828.svs
9187,SLD-94d50a99.svs
9188,SLD-11ab249d.svs SLD-d5e8b89c.svs SLD-469fc269.svs SLD-e291f5e1.svs
9189,SLD-2cb38568.svs
9190,SLD-4d29d77a.svs SLD-4bc01de3.svs SLD-70bc3ec1.svs SLD-f0041e32.svs SLD-79b68b95.svs
9191,SLD-5bbdd1f4.svs SLD-3c740119.svs SLD-7f107645.svs SLD-abf0f4bd.svs
9192,SLD-27fa8b8a.svs SLD-f3ca5f64.svs SLD-52b04994.svs SLD-a02ebb76.svs SLD-583678ee.svs
9193,SLD-d89331ac.svs SLD-1d010478.svs
9194,SLD-dfb87708.svs SLD-698eecba.svs
9195,SLD-57d1d37c.svs SLD-8f3e64f4.svs SLD-df61c534.svs SLD-af8c96a9.svs
9196,SLD-deffed7a.svs SLD-20ca35ab.svs SLD-7d718591.svs SLD-38553ac8.svs SLD-ef38d426.svs
9197,SLD-eda67806.svs SLD-61c61ae4.svs SLD-6a594b07.svs SLD-2d58bce9.svs SLD-3bfb255e.svs SLD-3a19607d.svs
9198,SLD-4f8e3e01.svs SLD-451437d6.svs SLD-566ff3ec.svs SLD-f1c58f44.svs
9199,SLD-06999e1e.svs SLD-d3d6362b.svs
9200,SLD-b7a02afd.svs SLD-30d6863f.svs SLD-0b09ec41.svs
9201,SLD-ef208346.svs SLD-08f1100b.svs SLD-8d56206d.svs SLD-920c3de9.svs
9202,SLD-5ba48aa0.svs SLD-25d203e3.svs
9203,SLD-ed28508d.svs SLD-bdaa3bfa.svs SLD-9750ca7e.svs SLD-8cffbbb1.svs SLD-6ab01563.svs SLD-4c4b91fe.svs SLD-6c148fc6.svs
9204,SLD-bb00d206.svs SLD-9df497f1.svs SLD-6b5a174d.svs SLD-7e240205.svs
9205,SLD-ed469bf4.svs SLD-13d1ea49.svs
9206,SLD-04fe973d.svs SLD-63d0fccd.svs SLD-fff83cec.svs SLD-afdb4e0b.svs SLD-261cec19.svs
9207,SLD-ad4ab155.svs
9208,SLD-b44788bd.svs SLD-5e2d2454.svs SLD-35c3de95.svs SLD-05727bb5.svs SLD-8a647b9f.svs SLD-0bee2ebd.svs SLD-e46232e7.svs
9209,SLD-261cec19.svs SLD-afdb4e0b.svs SLD-cd34bcd7.svs SLD-fff83cec.svs SLD-b7ed75b4.svs SLD-63d0fccd.svs
9210,SLD-bc18a40b.svs SLD-55c7ed9d.svs SLD-6d316b4a.svs SLD-4d4985dc.svs SLD-09aedbd0.svs SLD-7f6b8793.svs
9211,SLD-958cd60e.svs SLD-9045a445.svs SLD-7c2b940d.svs SLD-f489362c.svs SLD-10345193.svs
9212,SLD-1c5e1698.svs
9213,SLD-fdd2ed7a.svs SLD-90823eda.svs
9214,SLD-25777cf0.svs SLD-1ac902ee.svs SLD-d3b564b0.svs SLD-8be04c3e.svs SLD-60c6b3ed.svs SLD-755a3ac1.svs SLD-5c949381.svs
9215,SLD-f75a7e6f.svs SLD-3d83ad7c.svs SLD-5a220eb2.svs
9216,SLD-b34dc8b0.svs
9217,SLD-35a7c6ed.svs
9218,SLD-8af58903.svs SLD-7fa74d8a.svs SLD-33b5b3ce.svs SLD-dfec4623.svs
9219,SLD-53a9ec5d.svs SLD-17ee2fe6.svs SLD-b9b5c70e.svs SLD-1cf4a8ed.svs SLD-681091fe.svs
9220,SLD-f5a3e893.svs SLD-2cbb93c2.svs
9221,SLD-8c3fa29f.svs SLD-f9d0a163.svs SLD-def1274a.svs
9222,SLD-2452bc39.svs SLD-5e7f503c.svs
9223,SLD-59e8484c.svs SLD-d466c772.svs SLD-5df5672b.svs
9224,
9225,SLD-5e7f503c.svs SLD-b080e003.svs
9226,SLD-376e22a6.svs
9227,SLD-5d443821.svs SLD-43eb280e.svs SLD-79017990.svs SLD-64e322cf.svs
9228,SLD-078548d7.svs SLD-2d8b5b41.svs SLD-5bf80676.svs SLD-b1182d23.svs SLD-1f12a0e9.svs SLD-586f1721.svs SLD-028d042b.svs
9229,SLD-deb4e6c4.svs SLD-864696c1.svs SLD-d658b1b3.svs SLD-35a7c6ed.svs SLD-14827a89.svs
9230,SLD-68fc642a.svs
9231,SLD-27f9e728.svs SLD-1965e435.svs SLD-bbf9bb01.svs SLD-f45da406.svs SLD-101bb5fa.svs
9232,SLD-c67781b2.svs SLD-3956fba9.svs SLD-c3a31607.svs
9233,SLD-51abf5e5.svs SLD-cb775e24.svs SLD-8930d179.svs SLD-4168705a.svs
9234,SLD-5bd71dc6.svs SLD-6e927501.svs SLD-5bf57279.svs SLD-ea75e34d.svs
9235,SLD-7984f33f.svs SLD-2d58bce9.svs SLD-6a594b07.svs SLD-3bfb255e.svs SLD-3a19607d.svs SLD-eda67806.svs
9236,SLD-f40d2a37.svs SLD-29bccee9.svs SLD-a92d6b05.svs SLD-cf2a2198.svs
9237,SLD-501049e2.svs SLD-f367dbe2.svs SLD-88653e42.svs SLD-e9184b9f.svs SLD-39b66d71.svs
9238,SLD-6e927501.svs SLD-ea75e34d.svs SLD-4704768e.svs SLD-669ff1b9.svs SLD-5bf57279.svs
9239,SLD-3246b7d9.svs SLD-8e4a295d.svs
9240,SLD-7425f4e9.svs SLD-3891aef5.svs SLD-56e9b78d.svs
9241,SLD-0b4cba0a.svs SLD-69f12ccd.svs SLD-0fe1cedf.svs SLD-4fae667b.svs SLD-b2e74e77.svs
9242,SLD-647640a1.svs SLD-24eac3f4.svs
9243,SLD-353e0c86.svs
9244,SLD-a02ebb76.svs SLD-583678ee.svs SLD-5cfa38b1.svs
9245,SLD-52177eb7.svs SLD-e6b920da.svs SLD-4b1678e4.svs SLD-3438b4e4.svs
9246,SLD-291a58af.svs SLD-8c5c192f.svs
9247,SLD-39b66d71.svs SLD-40e3469f.svs
9248,SLD-14827a89.svs SLD-5882e3bb.svs
9249,SLD-42734d1c.svs SLD-23d83f22.svs
9250,SLD-919c21ed.svs SLD-4741ee56.svs
9251,SLD-735b3a80.svs SLD-723dc8f5.svs SLD-c2eaf172.svs
9252,SLD-2d4ba5a4.svs
9253,SLD-755a3ac1.svs SLD-5c949381.svs
9254,SLD-0876daaa.svs SLD-8f08963c.svs SLD-dcae667e.svs SLD-01ce5fc6.svs
9255,SLD-697b8538.svs SLD-75fc1b10.svs SLD-b8d13539.svs
9256,SLD-d4088ff7.svs SLD-d7133061.svs SLD-3f2de8a8.svs SLD-d216ad53.svs SLD-f22a4fc6.svs SLD-3cc4f772.svs SLD-2d20481a.svs
9257,SLD-64d02759.svs SLD-99e8c828.svs SLD-12bdf75f.svs
9258,SLD-ec3826bc.svs SLD-b259a6a0.svs SLD-40fe81ec.svs SLD-aaa28439.svs
9259,SLD-c2eaf172.svs SLD-e5a15243.svs
9260,SLD-53f3c158.svs
9261,SLD-246cb09c.svs SLD-ed28508d.svs SLD-bdaa3bfa.svs SLD-8cffbbb1.svs SLD-6c148fc6.svs
9262,SLD-8930d179.svs
9263,SLD-a795ac54.svs SLD-c963d148.svs SLD-4a30f7cd.svs SLD-01d34690.svs
9264,SLD-3380dcfc.svs SLD-8e9b185e.svs
9265,SLD-8c3fa29f.svs SLD-a94501d7.svs
9266,SLD-23aa9e67.svs SLD-f0041e32.svs SLD-d197b561.svs SLD-cf085288.svs SLD-4d29d77a.svs
9267,SLD-32d116fe.svs SLD-8eeb3fd8.svs
9268,SLD-542d19c0.svs SLD-4fdc1351.svs SLD-fc9ea692.svs SLD-c90853fd.svs SLD-a629d332.svs
9269,SLD-e6b920da.svs SLD-5f20f406.svs SLD-52177eb7.svs
9270,SLD-f20b575d.svs SLD-6d0c62c3.svs SLD-1d0ab994.svs SLD-254bf7ae.svs SLD-90e639e1.svs
9271,SLD-24eac3f4.svs
9272,SLD-ba626aee.svs SLD-a629d332.svs SLD-542d19c0.svs SLD-2d4ba5a4.svs
9273,SLD-4704768e.svs SLD-ea75e34d.svs
9274,SLD-8c3fa29f.svs SLD-a94501d7.svs SLD-fa4b0bc6.svs SLD-5028361f.svs SLD-13801f25.svs SLD-5121f31f.svs SLD-f9d0a163.svs
9275,SLD-393031a6.svs
9276,SLD-be792965.svs SLD-b6bca2a2.svs
9277,SLD-cdfa4cc8.svs
9278,SLD-53ff6644.svs SLD-907d8532.svs
9279,SLD-61994015.svs SLD-0a8bc856.svs SLD-f9df7275.svs SLD-44f20133.svs
9280,SLD-cbe88a3f.svs SLD-9b050db2.svs SLD-1cb66f67.svs SLD-b02de52c.svs
9281,SLD-f660ffd5.svs
9282,SLD-3f2de8a8.svs SLD-2d20481a.svs SLD-547e3918.svs SLD-d7133061.svs SLD-d4088ff7.svs SLD-f22a4fc6.svs
9283,SLD-2a0b2040.svs SLD-e30d04fd.svs
9284,SLD-3db4cb81.svs SLD-4bebcf4f.svs
9285,SLD-03ea038f.svs SLD-f8542953.svs SLD-34367eaa.svs SLD-c095e099.svs
9286,SLD-907d8532.svs SLD-5ac5f4f0.svs
9287,SLD-2c05b870.svs SLD-afdb4e0b.svs SLD-b7ed75b4.svs
9288,SLD-390a9016.svs SLD-50de4292.svs
9289,SLD-4741ee56.svs SLD-53ff6644.svs SLD-2076d932.svs
9290,SLD-816480fa.svs SLD-90a2b8e1.svs SLD-141bd896.svs SLD-d1f15ee7.svs SLD-55e9718e.svs
9291,SLD-953c178e.svs
9292,SLD-2f16fb50.svs SLD-3e2aad3e.svs SLD-50de4292.svs SLD-390a9016.svs
9293,SLD-7f67ee1a.svs
9294,SLD-9ad7558f.svs SLD-3b9cea95.svs SLD-eecb325b.svs SLD-064f768d.svs SLD-2452bc39.svs SLD-5e7f503c.svs
9295,SLD-0932f5b6.svs SLD-2412579d.svs SLD-7b38785b.svs
9296,SLD-329cd43a.svs SLD-bdb62ff3.svs SLD-0061fd30.svs
9297,SLD-bc52b34e.svs SLD-4384860c.svs SLD-68c6dd5e.svs SLD-cdfa4cc8.svs SLD-88a0edce.svs
9298,SLD-ba6a098f.svs
9299,SLD-7499b28c.svs SLD-f4dd05d5.svs SLD-ca20854d.svs
9300,SLD-8a663359.svs SLD-30d6863f.svs SLD-50852f4f.svs SLD-abe0a177.svs
9301,SLD-39d5b552.svs SLD-abecfc0b.svs SLD-42965873.svs SLD-ab1e6794.svs
9302,SLD-d26d5396.svs SLD-dd138266.svs SLD-1d7173e5.svs SLD-da54f267.svs SLD-31234efe.svs
9303,SLD-916b51ee.svs SLD-c9a6e611.svs
9304,SLD-437249fd.svs SLD-681091fe.svs
9305,SLD-74151acc.svs
9306,SLD-d6ada066.svs
9307,SLD-b9534807.svs SLD-b66b6b0b.svs
9308,SLD-1e415c4e.svs SLD-87ba3b90.svs SLD-57030ede.svs SLD-120961ea.svs
9309,SLD-a3af11d0.svs SLD-284b7bcd.svs
9310,SLD-59e8484c.svs SLD-aab6941b.svs SLD-5ba48aa0.svs SLD-f6b4160b.svs SLD-d466c772.svs
9311,SLD-7ee1a2a3.svs
9312,SLD-11ab249d.svs SLD-94d50a99.svs SLD-eba08424.svs SLD-409b3c5b.svs
9313,SLD-55c7ed9d.svs SLD-bc18a40b.svs
9314,SLD-9717aa6e.svs SLD-eb1d1061.svs
9315,SLD-9177b6d4.svs SLD-b270af55.svs SLD-2347b24f.svs SLD-5f2e9167.svs SLD-2835bcdb.svs SLD-a0f9c074.svs
9316,SLD-ed7a6edf.svs
9317,SLD-64e322cf.svs SLD-2e573864.svs SLD-43eb280e.svs SLD-3ad23fbf.svs SLD-5d443821.svs
9318,SLD-eb1c3ba4.svs
9319,SLD-28702bb1.svs SLD-706146ff.svs SLD-9bd91220.svs
9320,SLD-329cd43a.svs SLD-bdb62ff3.svs SLD-e583847f.svs SLD-7751b3fa.svs
9321,SLD-a96e2bf4.svs
9322,SLD-9717aa6e.svs SLD-dd55daaf.svs SLD-693d993c.svs SLD-28b4d5b9.svs
9323,SLD-dfc8b87a.svs SLD-a92c3c3e.svs SLD-ac98a368.svs SLD-3e2b6653.svs SLD-9c272c51.svs
9324,SLD-1e70e799.svs SLD-33a1d1c2.svs SLD-c09fcd8f.svs
9325,SLD-ddfae808.svs
9326,SLD-4b5ca436.svs SLD-d7a3283c.svs
9327,SLD-dbf2eed1.svs SLD-eecb325b.svs SLD-9ad7558f.svs SLD-2452bc39.svs SLD-5e7f503c.svs SLD-064f768d.svs SLD-3b9cea95.svs
9328,SLD-fa3222c4.svs SLD-08f1100b.svs
9329,SLD-f11ddff7.svs
9330,SLD-393031a6.svs SLD-c82a6c15.svs SLD-d61a43f2.svs SLD-18c8ece6.svs SLD-8ecb4971.svs SLD-378b094c.svs SLD-b5178761.svs
9331,SLD-fc9ea692.svs SLD-4fdc1351.svs SLD-2d4ba5a4.svs
9332,SLD-8805ae31.svs
9333,SLD-6d316b4a.svs SLD-bc18a40b.svs
9334,SLD-e583847f.svs
9335,SLD-0ff73f25.svs
9336,SLD-a4a98266.svs SLD-2ab465e9.svs SLD-d97d2b38.svs
9337,SLD-953c178e.svs SLD-4b5ca436.svs SLD-c8bf23fb.svs SLD-b7d779cc.svs
9338,SLD-da418b24.svs SLD-e0acf9ff.svs SLD-1b4e1428.svs SLD-647640a1.svs SLD-b6a659ef.svs SLD-88d3281a.svs
9339,SLD-3a19607d.svs SLD-2d58bce9.svs SLD-ed0d0418.svs SLD-3bfb255e.svs SLD-7984f33f.svs
9340,SLD-39d5b552.svs SLD-abecfc0b.svs SLD-a8e6a772.svs
9341,SLD-9a9dadd2.svs SLD-8e4a295d.svs SLD-d7f14ec2.svs SLD-3246b7d9.svs SLD-bb296639.svs
9342,SLD-c149fa8e.svs SLD-0078cb12.svs SLD-3421beaf.svs SLD-a1ab17c0.svs SLD-7bb8c2f1.svs SLD-a32652e8.svs
9343,SLD-39b66d71.svs
9344,SLD-7c8d5368.svs SLD-aaa28439.svs SLD-b259a6a0.svs SLD-c6962905.svs SLD-ec3826bc.svs
9345,SLD-8ec9ea98.svs
9346,SLD-30f2c485.svs SLD-75fd3537.svs SLD-6f1bdd07.svs SLD-c069c542.svs
9347,SLD-44e8a604.svs SLD-becba4c8.svs
9348,SLD-809e2109.svs SLD-b2d10e3d.svs SLD-e27ac8e9.svs SLD-c7867a38.svs
9349,SLD-877a2133.svs SLD-a1fdcdf1.svs SLD-a3155940.svs SLD-0ecfb95b.svs
9350,SLD-dc2151e1.svs SLD-7e56ac3d.svs SLD-10cc8711.svs SLD-552ae5ca.svs SLD-f164f9d8.svs SLD-4312ece2.svs SLD-4124405b.svs
9351,SLD-0021b632.svs SLD-9a9dadd2.svs SLD-d7f14ec2.svs SLD-5153f737.svs SLD-8e4a295d.svs
9352,SLD-272eaa36.svs SLD-de386aeb.svs
9353,SLD-4a30f7cd.svs SLD-01d34690.svs
9354,SLD-9ed9c124.svs SLD-6d5b7d50.svs SLD-1417d4f9.svs SLD-990e8f01.svs
9355,SLD-496749fb.svs
9356,SLD-23aa9e67.svs
9357,SLD-1058fe8c.svs SLD-d26d5396.svs SLD-6e648043.svs
9358,SLD-14e16706.svs SLD-bdb62ff3.svs SLD-e583847f.svs SLD-7751b3fa.svs SLD-d9073286.svs
9359,SLD-fec24805.svs SLD-9d0b6f5e.svs
9360,SLD-29bccee9.svs SLD-cf2a2198.svs SLD-f40d2a37.svs SLD-a92d6b05.svs SLD-a71b80ef.svs SLD-7ea496f5.svs SLD-8e36b82f.svs
9361,SLD-329cd43a.svs SLD-852d2ee5.svs SLD-e583847f.svs SLD-0061fd30.svs SLD-bdb62ff3.svs
9362,SLD-43a061c4.svs SLD-1e709e19.svs SLD-3f7512c5.svs SLD-45a16970.svs SLD-08236adf.svs SLD-6e05724d.svs SLD-a11b26b0.svs
9363,SLD-4d29d77a.svs SLD-4bc01de3.svs SLD-f0041e32.svs SLD-79b68b95.svs SLD-70bc3ec1.svs SLD-23aa9e67.svs
9364,SLD-44f20133.svs
9365,SLD-2b021118.svs SLD-d5511e14.svs SLD-beb778d6.svs SLD-ae63ad3a.svs
9366,SLD-50852f4f.svs SLD-8a663359.svs
9367,SLD-5084a40f.svs
9368,SLD-0212585b.svs
9369,SLD-c7867a38.svs SLD-c6be6432.svs
9370,SLD-48a133ab.svs
9371,SLD-c9a6e611.svs SLD-e9e7e1ba.svs SLD-553a773a.svs SLD-06c4e109.svs SLD-6b325d48.svs SLD-afb9f3a8.svs SLD-916b51ee.svs
9372,SLD-c7281f15.svs
9373,SLD-5fdd5329.svs SLD-0d20f686.svs SLD-3b239fd8.svs SLD-ced4dd7c.svs
9374,SLD-9c899296.svs SLD-1ca5a2f5.svs SLD-09c64c1d.svs
9375,SLD-3db612f4.svs SLD-6df2fc82.svs SLD-72323dc9.svs SLD-c3a31607.svs
9376,SLD-f22a4fc6.svs SLD-d4088ff7.svs SLD-547e3918.svs SLD-3cc4f772.svs SLD-2d20481a.svs SLD-3f2de8a8.svs SLD-d216ad53.svs
9377,SLD-fa999f9b.svs SLD-afb120f4.svs SLD-14d4dad6.svs SLD-86de3365.svs SLD-ddfae808.svs SLD-11035083.svs
9378,SLD-4a82e06a.svs SLD-3c9590d3.svs SLD-82221345.svs SLD-50de4292.svs SLD-2f16fb50.svs SLD-c13e66af.svs SLD-3e2aad3e.svs
9379,SLD-c2953f51.svs
9380,SLD-64d02759.svs SLD-12bdf75f.svs
9381,SLD-51abf5e5.svs SLD-e4bacd78.svs SLD-74aba9fc.svs SLD-cb775e24.svs SLD-4168705a.svs SLD-533c9a31.svs
9382,SLD-b4134208.svs SLD-d9082a42.svs
9383,SLD-dfc8b87a.svs SLD-3e2b6653.svs
9384,SLD-f5feba5e.svs SLD-17b18e6e.svs
9385,SLD-b7ae7758.svs SLD-8eafb323.svs
9386,SLD-ef38d426.svs SLD-38553ac8.svs
9387,SLD-69f12ccd.svs SLD-b2e74e77.svs SLD-63b74101.svs SLD-cbf8e26a.svs SLD-a5387901.svs
9388,SLD-d7de701d.svs SLD-640ca20c.svs SLD-702a5b67.svs
9389,SLD-10cc8711.svs SLD-4124405b.svs SLD-91fcfe88.svs SLD-f164f9d8.svs SLD-dc2151e1.svs SLD-552ae5ca.svs
9390,SLD-d1f15ee7.svs SLD-816480fa.svs SLD-d26d028d.svs
9391,SLD-34367eaa.svs
9392,SLD-f9154865.svs SLD-586523b8.svs
9393,SLD-f660ffd5.svs SLD-119fc1c4.svs SLD-f3fa8613.svs SLD-64aba3f6.svs SLD-90ed41f4.svs SLD-1188afa1.svs SLD-68f49b51.svs
9394,SLD-cb4d18d6.svs
9395,SLD-2c805ac7.svs SLD-efa2ce12.svs SLD-11fba56e.svs
9396,SLD-b5e2834d.svs SLD-2076d932.svs
9397,SLD-6253dfe3.svs SLD-b9f94ec6.svs SLD-0f2670d2.svs SLD-356af737.svs SLD-f19b43da.svs SLD-09cd3bdf.svs SLD-4aaeb212.svs
9398,SLD-3bd5f8a2.svs SLD-01275a63.svs SLD-0b2f8580.svs SLD-88da091b.svs
9399,SLD-f75a7e6f.svs SLD-3d83ad7c.svs SLD-541d1a81.svs SLD-4815642c.svs SLD-5a220eb2.svs
9400,SLD-889c8ae2.svs SLD-57030ede.svs
9401,SLD-2db6de21.svs
9402,SLD-a3af11d0.svs SLD-94665d45.svs SLD-284b7bcd.svs SLD-81011c5b.svs SLD-f110397a.svs SLD-a1d33772.svs
9403,SLD-54a1d505.svs SLD-ccf719ab.svs
9404,SLD-488cac4e.svs SLD-ac2c10d0.svs SLD-5a9414b8.svs SLD-c15648ff.svs SLD-df0d6301.svs
9405,SLD-2347b24f.svs SLD-b270af55.svs
9406,SLD-b5e2834d.svs
9407,SLD-cd34bcd7.svs SLD-63d0fccd.svs
9408,SLD-af8c96a9.svs
9409,SLD-17337a7c.svs
9410,SLD-40fe6898.svs
9411,SLD-71df24d9.svs SLD-877a2133.svs SLD-a3155940.svs SLD-0ecfb95b.svs SLD-f2ed33e1.svs
9412,SLD-338f4acf.svs SLD-44e8a604.svs
9413,SLD-43eb280e.svs
9414,SLD-eda67806.svs SLD-3a19607d.svs
9415,SLD-49bcf4a8.svs
9416,SLD-7e56ac3d.svs SLD-4312ece2.svs
9417,SLD-1965e435.svs SLD-27f9e728.svs
9418,SLD-6b325d48.svs
9419,SLD-84403b37.svs SLD-98decbf6.svs
9420,SLD-2c2df3c2.svs SLD-bc6ff6ac.svs SLD-48d8b9ef.svs SLD-3fafa217.svs
9421,SLD-dc66a27b.svs SLD-48622a67.svs SLD-8513d91e.svs SLD-92f078b8.svs SLD-22696227.svs SLD-85e74250.svs
9422,SLD-dd9539fc.svs SLD-f7cd0b75.svs SLD-05f2b928.svs
9423,SLD-dfb87708.svs
9424,SLD-9bd91220.svs
9425,SLD-eecb325b.svs
9426,
9427,SLD-f1c58f44.svs
9428,SLD-8e36b82f.svs SLD-e10b4aad.svs
9429,SLD-98decbf6.svs SLD-23d83f22.svs
9430,SLD-31234efe.svs SLD-1d7173e5.svs SLD-5bc7fdeb.svs SLD-6e648043.svs
9431,SLD-0a66dc4e.svs SLD-21681081.svs
9432,SLD-10fc9eee.svs
9433,
9434,SLD-0b6d9611.svs SLD-f4dd05d5.svs SLD-e6e4b8df.svs SLD-7499b28c.svs
9435,SLD-3a19607d.svs SLD-2d58bce9.svs SLD-7984f33f.svs SLD-3bfb255e.svs SLD-ed0d0418.svs SLD-61c61ae4.svs SLD-6a594b07.svs
9436,SLD-e8751766.svs SLD-29530a13.svs SLD-7ed61f4e.svs SLD-8d5f52c0.svs
9437,SLD-af3cb9d0.svs SLD-3957f082.svs
9438,SLD-64aba3f6.svs SLD-f3fa8613.svs
9439,SLD-1aff71ae.svs SLD-92a651d7.svs SLD-24039721.svs SLD-6f1bdd07.svs SLD-49b564fb.svs
9440,SLD-a629d332.svs SLD-542d19c0.svs
9441,SLD-15db4487.svs SLD-b0445ebb.svs SLD-444517ef.svs SLD-9d4319b5.svs SLD-2b2bcfda.svs SLD-bb5f15c1.svs
9442,SLD-d5cf2dc4.svs SLD-70d22718.svs SLD-ed469bf4.svs SLD-13d1ea49.svs SLD-688181a8.svs SLD-0dd35d11.svs SLD-5b9e42d0.svs
9443,SLD-f3ca5f64.svs
9444,SLD-e9184b9f.svs
9445,SLD-552ae5ca.svs
9446,SLD-11035083.svs SLD-afd86432.svs SLD-fa999f9b.svs
9447,SLD-3db4cb81.svs SLD-a0d9da58.svs
9448,SLD-08f1100b.svs SLD-c5dd967b.svs SLD-88239867.svs SLD-8d56206d.svs SLD-fa3222c4.svs SLD-ef208346.svs
9449,SLD-cda6a326.svs SLD-7e083c1b.svs SLD-451437d6.svs SLD-566ff3ec.svs SLD-03c8e104.svs SLD-6480fdc0.svs
9450,SLD-3cf9d1fe.svs SLD-541d1a81.svs
9451,SLD-61994015.svs SLD-0a8bc856.svs SLD-f9df7275.svs SLD-9da28338.svs SLD-c3edd9b7.svs
9452,SLD-7b38785b.svs SLD-2412579d.svs SLD-0932f5b6.svs SLD-6af944e0.svs
9453,SLD-992e7dea.svs SLD-d466c772.svs SLD-25d203e3.svs SLD-5ba48aa0.svs SLD-59e8484c.svs SLD-5df5672b.svs
9454,SLD-3db612f4.svs SLD-72323dc9.svs SLD-c3a31607.svs
9455,SLD-299cf16b.svs SLD-54a6087c.svs SLD-e642965c.svs SLD-de386aeb.svs
9456,SLD-b02de52c.svs SLD-cbe88a3f.svs SLD-8ee4fd02.svs
9457,SLD-41a8a6e1.svs
9458,SLD-583678ee.svs SLD-4a8b77da.svs SLD-a02ebb76.svs SLD-f3ca5f64.svs
9459,SLD-c110412c.svs SLD-1d010478.svs SLD-77f4531b.svs SLD-113c1836.svs SLD-38431ed6.svs SLD-d89331ac.svs
9460,SLD-7e3801af.svs SLD-d1a8d7b0.svs SLD-9f93e802.svs
9461,SLD-17ee2fe6.svs SLD-681091fe.svs
9462,SLD-2ee66e21.svs
9463,SLD-bbf9bb01.svs
9464,SLD-51abf5e5.svs SLD-e4bacd78.svs SLD-533c9a31.svs SLD-8930d179.svs SLD-52ab793f.svs SLD-4168705a.svs
9465,SLD-393031a6.svs SLD-c82a6c15.svs SLD-8ecb4971.svs SLD-b5178761.svs
9466,SLD-a92c3c3e.svs SLD-ac98a368.svs SLD-3957f082.svs SLD-af3cb9d0.svs
9467,SLD-13f2a37c.svs SLD-64d02759.svs SLD-dc68d4fd.svs SLD-0542bd75.svs
9468,SLD-86fadb0e.svs SLD-30a31251.svs SLD-5163de1d.svs SLD-fd768f63.svs
9469,SLD-a96e2bf4.svs SLD-ac91c01e.svs SLD-734c5192.svs SLD-586523b8.svs SLD-f9154865.svs SLD-fc145cfe.svs
9470,SLD-0061fd30.svs SLD-d9073286.svs
9471,SLD-5b45cf5a.svs
9472,SLD-44f20133.svs SLD-61994015.svs
9473,SLD-6d316b4a.svs SLD-55c7ed9d.svs
9474,SLD-e46232e7.svs SLD-b44788bd.svs SLD-8a647b9f.svs
9475,SLD-d560e64c.svs SLD-5a31a6a6.svs SLD-9b87cc5e.svs SLD-6d7fe9b2.svs SLD-91fd7d4a.svs SLD-1a9e8547.svs SLD-55f7792a.svs
9476,SLD-9ab3cc27.svs SLD-142a6c95.svs SLD-425832c0.svs SLD-d9082a42.svs
9477,SLD-ef7dee1a.svs SLD-c846bf90.svs
9478,SLD-6a27241f.svs SLD-48d8b9ef.svs SLD-3fafa217.svs SLD-bb9e5a02.svs
9479,SLD-42734d1c.svs SLD-84403b37.svs
9480,SLD-d03459a4.svs SLD-d020baee.svs
9481,SLD-07dc02b1.svs SLD-6a480542.svs SLD-f45da406.svs
9482,SLD-b2c92c12.svs SLD-9bd91220.svs
9483,SLD-603803f3.svs SLD-cb18d6a4.svs SLD-444517ef.svs
9484,SLD-dc2151e1.svs SLD-4312ece2.svs SLD-f164f9d8.svs SLD-10cc8711.svs SLD-552ae5ca.svs SLD-4124405b.svs
9485,SLD-4384860c.svs SLD-8805ae31.svs SLD-bc52b34e.svs
9486,SLD-a795ac54.svs SLD-4a30f7cd.svs SLD-23f1b67e.svs SLD-c963d148.svs SLD-01d34690.svs
9487,SLD-425de95f.svs SLD-8476af98.svs SLD-53f3c158.svs
9488,SLD-1d7173e5.svs SLD-5bc7fdeb.svs
9489,SLD-e368f7d2.svs SLD-42734d1c.svs
9490,SLD-42734d1c.svs SLD-98decbf6.svs SLD-b13bad4e.svs SLD-23d83f22.svs SLD-e368f7d2.svs SLD-84403b37.svs SLD-0e5bc44c.svs
9491,SLD-dfb87708.svs
9492,SLD-702a5b67.svs SLD-5f653800.svs
9493,SLD-c90853fd.svs SLD-4fdc1351.svs SLD-542d19c0.svs SLD-fc9ea692.svs SLD-ba626aee.svs
9494,SLD-e47c98ea.svs SLD-dba620f1.svs SLD-28600311.svs
9495,SLD-65fd5f69.svs SLD-93a25c9b.svs SLD-6e3a52d7.svs SLD-2a6f1e47.svs
9496,SLD-95decd6e.svs SLD-53f04099.svs
9497,SLD-24039721.svs SLD-1aff71ae.svs SLD-6f1bdd07.svs SLD-c069c542.svs SLD-75fd3537.svs SLD-92a651d7.svs
9498,SLD-ac91c01e.svs SLD-586523b8.svs
9499,SLD-f0bd7405.svs
9500,SLD-e4751694.svs
9501,SLD-b261d0d2.svs SLD-f4db1c1e.svs SLD-0dcf035b.svs SLD-a604e5af.svs SLD-8420b8d9.svs SLD-a1c2d9bf.svs SLD-f46860a2.svs
9502,SLD-dc68d4fd.svs
9503,SLD-5084a40f.svs
9504,SLD-a2bb6283.svs SLD-541d1a81.svs
9505,SLD-f8db1a4d.svs SLD-376e22a6.svs SLD-22c71d04.svs SLD-6c32faff.svs
9506,SLD-abecfc0b.svs SLD-39d5b552.svs
9507,SLD-4fdc1351.svs
9508,SLD-213124bd.svs SLD-88da091b.svs
9509,SLD-f8cc3f3b.svs SLD-357f0a64.svs SLD-62d59938.svs SLD-fa7bff5f.svs
9510,SLD-8d5f52c0.svs
9511,SLD-5723a959.svs
9512,SLD-0b09ec41.svs SLD-abe0a177.svs
9513,SLD-7b38785b.svs
9514,SLD-4fae667b.svs SLD-69f12ccd.svs SLD-0b4cba0a.svs SLD-a5387901.svs SLD-cbf8e26a.svs SLD-0fe1cedf.svs
9515,SLD-8af58903.svs SLD-33b5b3ce.svs SLD-ab899605.svs SLD-ff88ec82.svs
9516,SLD-378b094c.svs
9517,SLD-69f12ccd.svs SLD-a5387901.svs SLD-4fae667b.svs SLD-63b74101.svs SLD-cbf8e26a.svs
9518,SLD-44e8a604.svs SLD-5931c9b4.svs SLD-becba4c8.svs SLD-338f4acf.svs SLD-9bd91220.svs SLD-706146ff.svs SLD-28702bb1.svs
9519,SLD-5ba48aa0.svs SLD-f6b4160b.svs
9520,SLD-101bb5fa.svs SLD-f45da406.svs SLD-27f9e728.svs SLD-bbf9bb01.svs
9521,SLD-1965e435.svs
9522,SLD-ca20854d.svs
9523,SLD-bdb62ff3.svs SLD-d9073286.svs SLD-14e16706.svs SLD-852d2ee5.svs
9524,SLD-c471e21a.svs SLD-dd9539fc.svs SLD-f7cd0b75.svs SLD-05f2b928.svs SLD-3d3703f8.svs
9525,SLD-03927935.svs SLD-e8751766.svs SLD-7ed61f4e.svs
9526,SLD-beb9c9e2.svs
9527,SLD-4d4985dc.svs SLD-09aedbd0.svs SLD-55c7ed9d.svs SLD-6d316b4a.svs SLD-1db2b452.svs
9528,SLD-d59b148f.svs
9529,SLD-b13bad4e.svs SLD-d9732b86.svs
9530,SLD-246cb09c.svs SLD-6ab01563.svs SLD-8cffbbb1.svs SLD-4c4b91fe.svs
9531,SLD-aa099a46.svs SLD-edec31ef.svs
9532,SLD-9870c707.svs SLD-ef7f6bc8.svs SLD-fb24cba4.svs SLD-955fbc33.svs SLD-b4577bf7.svs SLD-a25130a8.svs
9533,SLD-b9cde60c.svs SLD-a867a0f0.svs SLD-abecfc0b.svs SLD-ab1e6794.svs SLD-a8e6a772.svs SLD-39d5b552.svs SLD-42965873.svs
9534,SLD-d020baee.svs SLD-8f4ed442.svs
9535,SLD-bda31488.svs SLD-e47c98ea.svs
9536,SLD-5df5672b.svs SLD-25d203e3.svs SLD-992e7dea.svs SLD-f6b4160b.svs
9537,SLD-e9e7e1ba.svs SLD-06c4e109.svs SLD-afb9f3a8.svs SLD-6b325d48.svs SLD-553a773a.svs SLD-6faefeda.svs SLD-c9a6e611.svs
9538,SLD-3f7512c5.svs SLD-6e05724d.svs SLD-1e709e19.svs
9539,SLD-586f1721.svs SLD-2d8b5b41.svs SLD-028d042b.svs
9540,SLD-1965e435.svs SLD-bbf9bb01.svs
9541,SLD-14d4dad6.svs SLD-11035083.svs SLD-d8a230de.svs SLD-fa999f9b.svs
9542,SLD-697b8538.svs SLD-b8d13539.svs SLD-d8efb5c9.svs SLD-75fc1b10.svs
9543,SLD-70f8dd99.svs SLD-f642c8f3.svs SLD-4b1678e4.svs SLD-52177eb7.svs
9544,SLD-2c805ac7.svs SLD-efa2ce12.svs SLD-6c835975.svs SLD-8c833848.svs
9545,SLD-9ed9c124.svs SLD-dd5aacc7.svs SLD-ed7a6edf.svs SLD-1a895c62.svs
9546,SLD-e44fc3a9.svs SLD-1d0ab994.svs SLD-f20b575d.svs
9547,SLD-f2d7fe55.svs
9548,SLD-6af944e0.svs SLD-dd02e100.svs
9549,SLD-3438b4e4.svs SLD-4b1678e4.svs SLD-52177eb7.svs SLD-f642c8f3.svs
9550,SLD-788c31f6.svs SLD-992a34a1.svs SLD-c734bb05.svs SLD-26c00984.svs
9551,SLD-9d263e76.svs SLD-3d3703f8.svs SLD-05f2b928.svs SLD-dd9539fc.svs SLD-beb9c9e2.svs
9552,SLD-48d8b9ef.svs SLD-bc6ff6ac.svs SLD-6a27241f.svs SLD-3fafa217.svs SLD-bb9e5a02.svs
9553,SLD-1519401c.svs SLD-848610cf.svs SLD-c5826444.svs SLD-8e50c79a.svs SLD-0ea255e0.svs SLD-79faf501.svs SLD-8b1f1137.svs
9554,SLD-8c94af98.svs SLD-31e9ca80.svs SLD-c6c3744c.svs SLD-c707aef9.svs SLD-62276cbc.svs SLD-c88e03b6.svs SLD-a6245b59.svs
9555,SLD-de6fec4b.svs SLD-21681081.svs SLD-843b2a7d.svs SLD-ea5f24b6.svs SLD-399f8a8f.svs
9556,SLD-4b1678e4.svs
9557,SLD-052daad3.svs SLD-084fa819.svs SLD-21f8c156.svs
9558,SLD-647640a1.svs SLD-b6a659ef.svs SLD-0c78c2f9.svs
9559,SLD-f367dbe2.svs SLD-e9184b9f.svs SLD-951a0518.svs SLD-88653e42.svs SLD-cefe73ec.svs
9560,SLD-5882e3bb.svs
9561,SLD-25777cf0.svs
9562,SLD-17ee2fe6.svs
9563,SLD-53e83663.svs SLD-c1fa924e.svs SLD-9c14940d.svs SLD-5b2d81cc.svs
9564,SLD-4d29d77a.svs SLD-23aa9e67.svs SLD-cf085288.svs SLD-f0041e32.svs SLD-79b68b95.svs
9565,SLD-3db612f4.svs SLD-3956fba9.svs SLD-40d2d16f.svs SLD-72323dc9.svs SLD-c67781b2.svs
9566,SLD-7c8d5368.svs SLD-3a8d1c00.svs SLD-b259a6a0.svs SLD-cfe4fb66.svs SLD-ec3826bc.svs
9567,SLD-b5cbb690.svs
9568,SLD-ae63ad3a.svs SLD-3f79dd31.svs SLD-d5511e14.svs SLD-e18d99ce.svs
9569,SLD-5b62a7c9.svs SLD-49bcf4a8.svs SLD-7e3801af.svs SLD-9f93e802.svs SLD-d1a8d7b0.svs SLD-e1c25cd1.svs SLD-e65d1c73.svs
9570,SLD-eb1d1061.svs SLD-dd55daaf.svs SLD-28b4d5b9.svs SLD-c30759a4.svs
9571,SLD-fa3222c4.svs SLD-c5dd967b.svs
9572,SLD-531da6ac.svs SLD-4bc972ce.svs
9573,SLD-67e98363.svs SLD-25fdacbe.svs SLD-6c596216.svs SLD-a36bcb01.svs
9574,SLD-05f2b928.svs SLD-beb9c9e2.svs
9575,SLD-693d993c.svs SLD-48a133ab.svs
9576,SLD-56e9b78d.svs
9577,SLD-a1832fdb.svs SLD-5abec113.svs SLD-31cb5e8e.svs SLD-f0fcccc6.svs SLD-8772c347.svs SLD-fb46ed39.svs SLD-ae2562ca.svs
9578,SLD-1519401c.svs SLD-79faf501.svs SLD-0ea255e0.svs SLD-8b1f1137.svs
9579,SLD-346d2b7e.svs SLD-00d3d1af.svs
9580,SLD-0021b632.svs
9581,SLD-d7133061.svs
9582,SLD-7751b3fa.svs SLD-e583847f.svs
9583,SLD-a32652e8.svs SLD-c149fa8e.svs SLD-3421beaf.svs SLD-7bb8c2f1.svs SLD-4b7350d1.svs
9584,SLD-58116722.svs
9585,SLD-5e146c30.svs SLD-39ebfa32.svs SLD-bd2cdb8d.svs
9586,SLD-1bce35d8.svs SLD-9b050db2.svs
9587,SLD-586f1721.svs SLD-1f12a0e9.svs
9588,SLD-b8bc6621.svs SLD-e8ef99e9.svs SLD-0262a5aa.svs SLD-aa099a46.svs
9589,SLD-96248805.svs
9590,SLD-7afc50cd.svs SLD-f25a3c68.svs
9591,SLD-553a773a.svs
9592,SLD-9c899296.svs SLD-c6f149c7.svs
9593,SLD-92b035e0.svs SLD-c6f149c7.svs SLD-1ca5a2f5.svs SLD-09c64c1d.svs
9594,SLD-21f8c156.svs
9595,SLD-d3b564b0.svs SLD-25777cf0.svs SLD-5c949381.svs SLD-8be04c3e.svs SLD-60c6b3ed.svs SLD-755a3ac1.svs SLD-1ac902ee.svs
9596,SLD-f7cd0b75.svs SLD-05f2b928.svs SLD-c471e21a.svs SLD-9d263e76.svs SLD-dd9539fc.svs
9597,SLD-6f6ddf79.svs SLD-7281b8a9.svs SLD-25e4979d.svs
9598,SLD-90823eda.svs SLD-ce5dc807.svs SLD-a38d8afc.svs
9599,SLD-232f8c5b.svs
9600,SLD-8d3ac4b9.svs
9601,SLD-a6245b59.svs SLD-c6c3744c.svs SLD-58bf3b9e.svs SLD-31e9ca80.svs SLD-c88e03b6.svs
9602,SLD-a0f9c074.svs
9603,SLD-be3feafd.svs SLD-2fcf3b87.svs
9604,SLD-d5511e14.svs SLD-beb778d6.svs
9605,SLD-48622a67.svs SLD-8513d91e.svs
9606,SLD-0bee2ebd.svs SLD-b44788bd.svs SLD-35c3de95.svs
9607,SLD-3df8eeef.svs SLD-e44a01f6.svs SLD-ed2ee36f.svs SLD-c2112eda.svs SLD-f1e7ea9b.svs SLD-2f6570d7.svs SLD-9251ad08.svs
9608,SLD-f3ca5f64.svs SLD-27fa8b8a.svs SLD-4a8b77da.svs SLD-583678ee.svs
9609,SLD-2fcf3b87.svs SLD-0e96ed9b.svs SLD-5d158e44.svs SLD-be3feafd.svs SLD-a217cf25.svs
9610,SLD-a0d9da58.svs
9611,SLD-4704768e.svs
9612,SLD-af8c96a9.svs SLD-18f7e499.svs SLD-8f3e64f4.svs
9613,SLD-e47638ec.svs SLD-22c71d04.svs SLD-376e22a6.svs
9614,SLD-261908b9.svs SLD-a7f5195c.svs
9615,SLD-3fbdaeed.svs SLD-723dc8f5.svs
9616,
9617,SLD-571c9d78.svs SLD-f8cc3f3b.svs SLD-62d59938.svs
9618,SLD-a6245b59.svs
9619,SLD-9750ca7e.svs SLD-8cffbbb1.svs
9620,SLD-e51c0cdb.svs SLD-731c877a.svs
9621,SLD-a1d20ebc.svs SLD-5aa3892a.svs SLD-23b870f3.svs SLD-8f42cebe.svs
9622,SLD-5bd71dc6.svs SLD-f902d6c0.svs SLD-ea75e34d.svs SLD-a1d53402.svs SLD-5bf57279.svs SLD-4704768e.svs SLD-6e927501.svs
9623,SLD-813dd49a.svs SLD-5df2e073.svs SLD-53f04099.svs SLD-8d99743c.svs
9624,SLD-706146ff.svs
9625,SLD-acf606fc.svs
9626,SLD-40e3469f.svs SLD-e9184b9f.svs SLD-88653e42.svs SLD-cefe73ec.svs SLD-501049e2.svs
9627,SLD-ed469bf4.svs SLD-0dd35d11.svs
9628,SLD-94665d45.svs SLD-1c2c7a34.svs
9629,SLD-a71b80ef.svs
9630,SLD-b8f35c26.svs SLD-5cb6f1f0.svs SLD-517fa07e.svs SLD-d13ec39c.svs SLD-7b0f78c1.svs SLD-e4751694.svs
9631,SLD-2076d932.svs SLD-5ac5f4f0.svs
9632,SLD-329cd43a.svs
9633,SLD-8a663359.svs SLD-1c5e1698.svs
9634,SLD-951a0518.svs
9635,SLD-7b056d02.svs SLD-ef617cac.svs SLD-e355c369.svs SLD-726e8017.svs SLD-061f5679.svs SLD-c674d244.svs SLD-b931a26d.svs
9636,SLD-398071b1.svs
9637,SLD-6e05724d.svs SLD-43a061c4.svs
9638,SLD-4e98ce25.svs SLD-9c14940d.svs SLD-17337a7c.svs SLD-53e83663.svs SLD-c1fa924e.svs SLD-e1bccfb2.svs
9639,SLD-8b1f1137.svs SLD-1519401c.svs SLD-d21276c2.svs SLD-79faf501.svs
9640,SLD-f48ef9a8.svs SLD-581332c2.svs SLD-fec24805.svs SLD-8fad725d.svs SLD-feeac13d.svs SLD-9d0b6f5e.svs SLD-196d362d.svs
9641,SLD-3a8d1c00.svs SLD-b259a6a0.svs
9642,SLD-a100ed14.svs SLD-fa92cd28.svs
9643,SLD-d59b148f.svs SLD-1db1dfdc.svs SLD-571c9d78.svs SLD-fa7bff5f.svs SLD-f8cc3f3b.svs SLD-357f0a64.svs
9644,SLD-24039721.svs
9645,SLD-8ecb4971.svs SLD-393031a6.svs
9646,SLD-3ad23fbf.svs SLD-28d798b4.svs SLD-43eb280e.svs
9647,SLD-42965873.svs
9648,SLD-9d263e76.svs SLD-cef980ce.svs SLD-c471e21a.svs SLD-dd9539fc.svs SLD-f7cd0b75.svs SLD-3d3703f8.svs
9649,SLD-1188afa1.svs
9650,SLD-b8bc6621.svs SLD-f25a3c68.svs
9651,SLD-c7281f15.svs SLD-b17078ee.svs
9652,SLD-f1c58f44.svs SLD-7e083c1b.svs SLD-451437d6.svs SLD-6480fdc0.svs SLD-cda6a326.svs
9653,SLD-80245320.svs SLD-ebe7ef91.svs SLD-1f626a97.svs SLD-f436498e.svs SLD-68afe2b8.svs SLD-2bdb5720.svs
9654,SLD-4b1dd9fd.svs
9655,SLD-a38d8afc.svs SLD-60257199.svs SLD-10da8a95.svs SLD-fdd2ed7a.svs
9656,SLD-1f12a0e9.svs
9657,SLD-bc6284a8.svs SLD-5b62a7c9.svs SLD-7e3801af.svs
9658,SLD-a1cba182.svs SLD-ca20854d.svs
9659,SLD-698eecba.svs SLD-6951743e.svs SLD-8a74bec5.svs SLD-da98da57.svs SLD-91d2125a.svs
9660,SLD-1f9078d5.svs SLD-5f2e9167.svs SLD-2835bcdb.svs SLD-2347b24f.svs SLD-b270af55.svs SLD-9177b6d4.svs
9661,SLD-992a34a1.svs SLD-26c00984.svs SLD-21f8c156.svs SLD-788c31f6.svs SLD-052daad3.svs
9662,SLD-e5a15243.svs SLD-b17078ee.svs SLD-3fbdaeed.svs SLD-723dc8f5.svs SLD-c7281f15.svs SLD-735b3a80.svs SLD-b5cbb690.svs
9663,SLD-4704768e.svs SLD-f902d6c0.svs SLD-a1d53402.svs SLD-5bf57279.svs SLD-ea75e34d.svs
9664,SLD-27fa8b8a.svs SLD-a02ebb76.svs SLD-f3ca5f64.svs
9665,SLD-5d158e44.svs
9666,SLD-c149fa8e.svs SLD-4b7350d1.svs SLD-1624d318.svs SLD-0078cb12.svs
9667,SLD-05727bb5.svs SLD-35c3de95.svs SLD-5e2d2454.svs
9668,SLD-30f2c485.svs
9669,SLD-6c4c3935.svs SLD-b6e355f6.svs SLD-5e4af862.svs
9670,SLD-254bf7ae.svs SLD-6d0c62c3.svs
9671,SLD-4a82e06a.svs SLD-2f16fb50.svs SLD-c13e66af.svs SLD-50de4292.svs
9672,SLD-b6bca2a2.svs SLD-731c877a.svs SLD-be792965.svs
9673,SLD-8f4ed442.svs SLD-153251c9.svs SLD-2ca723c4.svs SLD-d020baee.svs
9674,SLD-f20b575d.svs SLD-90e639e1.svs SLD-1d0ab994.svs SLD-ec41e6f6.svs SLD-6d0c62c3.svs SLD-254bf7ae.svs
9675,SLD-5fdd5329.svs SLD-6c749cf4.svs SLD-2b66b1c0.svs SLD-b4ca0142.svs SLD-854df9b6.svs
9676,SLD-052daad3.svs
9677,SLD-8625dcb0.svs
9678,SLD-fef06b04.svs SLD-f2ded00f.svs SLD-82f4b48a.svs SLD-68fc642a.svs
9679,SLD-5e87905a.svs
9680,SLD-437249fd.svs SLD-3346f7c6.svs SLD-53a9ec5d.svs SLD-1cf4a8ed.svs SLD-b9b5c70e.svs
9681,SLD-5084a40f.svs
9682,SLD-d8efb5c9.svs SLD-ca3c4050.svs SLD-0ff73f25.svs SLD-b8d13539.svs SLD-75fc1b10.svs SLD-697b8538.svs
9683,SLD-df61c534.svs SLD-af8c96a9.svs SLD-18f7e499.svs SLD-57d1d37c.svs SLD-dfecb2ae.svs SLD-c7afae8f.svs
9684,SLD-41300879.svs SLD-4d236555.svs
9685,SLD-338f4acf.svs SLD-9bd91220.svs SLD-becba4c8.svs SLD-44e8a604.svs SLD-706146ff.svs SLD-5931c9b4.svs
9686,SLD-88d3281a.svs SLD-0c78c2f9.svs SLD-24eac3f4.svs SLD-da418b24.svs SLD-1b4e1428.svs SLD-b6a659ef.svs SLD-e0acf9ff.svs
9687,SLD-ab899605.svs SLD-7fa74d8a.svs SLD-8af58903.svs SLD-a2939b3b.svs SLD-9c19ed34.svs
9688,SLD-f8db1a4d.svs
9689,SLD-22696227.svs SLD-85e74250.svs SLD-92f078b8.svs SLD-4a294067.svs
9690,SLD-1d4d1180.svs SLD-4c6e6fbb.svs SLD-4d18c103.svs SLD-37fef6b5.svs
9691,SLD-9870c707.svs SLD-a25130a8.svs SLD-01424249.svs SLD-b4577bf7.svs SLD-fb24cba4.svs SLD-e1a9344e.svs SLD-955fbc33.svs
9692,SLD-8a83efc8.svs SLD-e64ddd91.svs SLD-c9fe6036.svs SLD-1b770deb.svs
9693,SLD-a8e6a772.svs SLD-a867a0f0.svs SLD-ab1e6794.svs SLD-42965873.svs
9694,SLD-28600311.svs SLD-bda31488.svs
9695,SLD-726e8017.svs
9696,SLD-df0d6301.svs
9697,SLD-39b66d71.svs
9698,SLD-de62d43f.svs SLD-dca5b353.svs SLD-a7f5195c.svs SLD-75f2bc20.svs
9699,SLD-e7524102.svs SLD-58116722.svs SLD-277dfc7b.svs
9700,SLD-cbe88a3f.svs SLD-9b050db2.svs SLD-46e785ad.svs SLD-1bce35d8.svs
9701,SLD-06c4e109.svs SLD-c9a6e611.svs SLD-e9e7e1ba.svs SLD-553a773a.svs SLD-916b51ee.svs
9702,SLD-681091fe.svs SLD-3346f7c6.svs SLD-53a9ec5d.svs SLD-b9b5c70e.svs
9703,SLD-85e74250.svs SLD-92f078b8.svs SLD-6a325333.svs SLD-22696227.svs
9704,SLD-49bcf4a8.svs SLD-5b62a7c9.svs SLD-9f93e802.svs SLD-7e3801af.svs SLD-d1a8d7b0.svs
9705,SLD-078548d7.svs SLD-590e83da.svs SLD-1f12a0e9.svs SLD-586f1721.svs SLD-028d042b.svs SLD-5bf80676.svs SLD-b1182d23.svs
9706,SLD-13f2a37c.svs SLD-21da132c.svs
9707,SLD-a94501d7.svs SLD-5028361f.svs
9708,SLD-bbf9bb01.svs
9709,SLD-c602bd20.svs SLD-4e98ce25.svs SLD-9c14940d.svs SLD-53e83663.svs
9710,SLD-f9df7275.svs SLD-9da28338.svs
9711,SLD-3346f7c6.svs SLD-b9b5c70e.svs
9712,SLD-5df5672b.svs SLD-aab6941b.svs SLD-25d203e3.svs
9713,SLD-7b056d02.svs SLD-69083bd6.svs
9714,SLD-614f1ddc.svs SLD-b934718f.svs SLD-2d492ca2.svs SLD-531da6ac.svs
9715,SLD-3b239fd8.svs
9716,SLD-00cbd313.svs SLD-1f626a97.svs
9717,SLD-ac91c01e.svs SLD-734c5192.svs SLD-586523b8.svs SLD-69967b5c.svs SLD-f9154865.svs
9718,SLD-68afe2b8.svs
9719,SLD-e44fc3a9.svs
9720,SLD-6c0be55c.svs SLD-254bf7ae.svs SLD-e44fc3a9.svs
9721,SLD-951a0518.svs SLD-501049e2.svs SLD-39b66d71.svs SLD-40e3469f.svs SLD-88653e42.svs SLD-cefe73ec.svs
9722,SLD-50852f4f.svs SLD-8a663359.svs SLD-30d6863f.svs
9723,SLD-b2e02961.svs SLD-3db4cb81.svs SLD-6fdc5e00.svs SLD-a0d9da58.svs
9724,SLD-571c9d78.svs SLD-62d59938.svs SLD-d59b148f.svs SLD-fa7bff5f.svs SLD-357f0a64.svs
9725,SLD-6e84f8ea.svs
9726,SLD-bb5f15c1.svs SLD-b0445ebb.svs SLD-603803f3.svs SLD-2b2bcfda.svs
9727,SLD-59e8484c.svs SLD-25d203e3.svs
9728,SLD-3ad23fbf.svs SLD-2e573864.svs SLD-8a7f03ae.svs SLD-64e322cf.svs
9729,SLD-a1fdcdf1.svs
9730,SLD-7ea496f5.svs SLD-e10b4aad.svs SLD-a71b80ef.svs SLD-cf2a2198.svs
9731,SLD-1b770deb.svs SLD-9c2e5562.svs SLD-8a83efc8.svs SLD-e64ddd91.svs SLD-4916e844.svs
9732,
9733,SLD-def1274a.svs SLD-5028361f.svs
9734,SLD-3db4cb81.svs
9735,SLD-5ba830dc.svs SLD-ba626aee.svs SLD-c90853fd.svs
9736,SLD-15ac15c3.svs SLD-2fcf3b87.svs SLD-a217cf25.svs SLD-defa7864.svs SLD-be3feafd.svs
9737,SLD-68afe2b8.svs SLD-f436498e.svs SLD-00cbd313.svs SLD-2bdb5720.svs SLD-1f626a97.svs
9738,SLD-24eac3f4.svs SLD-b6a659ef.svs SLD-88d3281a.svs SLD-e0acf9ff.svs
9739,SLD-a6245b59.svs SLD-c6c3744c.svs SLD-8c94af98.svs SLD-58bf3b9e.svs SLD-c707aef9.svs SLD-c88e03b6.svs
9740,SLD-64e322cf.svs SLD-2e573864.svs SLD-28d798b4.svs SLD-43eb280e.svs SLD-5d443821.svs SLD-8a7f03ae.svs SLD-3ad23fbf.svs
9741,SLD-a94501d7.svs SLD-fa4b0bc6.svs SLD-def1274a.svs
9742,SLD-b44788bd.svs SLD-b52f6009.svs
9743,SLD-d48457df.svs
9744,SLD-0a66dc4e.svs SLD-0a1727f7.svs
9745,SLD-f48ef9a8.svs SLD-6aeb5a32.svs SLD-8fad725d.svs SLD-581332c2.svs SLD-9d0b6f5e.svs SLD-feeac13d.svs
9746,SLD-a8e6a772.svs
9747,SLD-2c805ac7.svs
9748,SLD-9a9dadd2.svs SLD-bb296639.svs SLD-0021b632.svs
9749,SLD-4e051eea.svs
9750,SLD-27fa8b8a.svs SLD-4a8b77da.svs
9751,SLD-393031a6.svs SLD-c82a6c15.svs SLD-b5178761.svs SLD-8ecb4971.svs SLD-d61a43f2.svs
9752,SLD-7281b8a9.svs
9753,SLD-2d4ba5a4.svs
9754,SLD-0d20f686.svs SLD-b4ca0142.svs
9755,SLD-2ca723c4.svs
9756,SLD-06b42b6f.svs SLD-1f94e3c8.svs SLD-106861d3.svs SLD-5b8c4949.svs
9757,SLD-dcae667e.svs SLD-8f08963c.svs SLD-6783b0c3.svs SLD-0876daaa.svs SLD-8eeb3fd8.svs SLD-01ce5fc6.svs
9758,SLD-1519401c.svs
9759,SLD-3e2b6653.svs SLD-7176d181.svs SLD-a92c3c3e.svs SLD-dfc8b87a.svs SLD-af3cb9d0.svs SLD-3957f082.svs SLD-9c272c51.svs
9760,SLD-cb4d18d6.svs SLD-c202387b.svs
9761,SLD-c6be6432.svs SLD-809e2109.svs SLD-c7867a38.svs SLD-b2d10e3d.svs SLD-a09f1aed.svs
9762,SLD-c30759a4.svs SLD-693d993c.svs SLD-9717aa6e.svs SLD-dd55daaf.svs SLD-28b4d5b9.svs
9763,SLD-8f42cebe.svs SLD-79009c61.svs SLD-5aa3892a.svs
9764,SLD-c30759a4.svs SLD-fefc5b4a.svs
9765,SLD-2fb01074.svs
9766,SLD-fe656bef.svs SLD-2ab465e9.svs SLD-d3d6362b.svs
9767,SLD-fb46ed39.svs SLD-8772c347.svs SLD-5abec113.svs SLD-ae2562ca.svs
9768,SLD-6a594b07.svs SLD-eda67806.svs
9769,SLD-e583847f.svs SLD-7751b3fa.svs SLD-14e16706.svs
9770,SLD-f46860a2.svs SLD-a604e5af.svs SLD-aa66b464.svs
9771,SLD-f2ded00f.svs SLD-f6f25926.svs SLD-68fc642a.svs SLD-fef06b04.svs
9772,SLD-2d492ca2.svs SLD-4bc972ce.svs SLD-531da6ac.svs SLD-956c2129.svs SLD-b934718f.svs
9773,SLD-28280370.svs SLD-2cb38568.svs
9774,SLD-6b5a174d.svs
9775,SLD-efd164ee.svs SLD-b58c1e9f.svs SLD-ed4879e7.svs
9776,SLD-90823eda.svs SLD-16408169.svs
9777,SLD-8805ae31.svs SLD-4384860c.svs SLD-68c6dd5e.svs SLD-bc52b34e.svs
9778,SLD-232f8c5b.svs SLD-142a6c95.svs
9779,SLD-e4751694.svs SLD-ad0cabfc.svs
9780,SLD-ad0cabfc.svs
9781,SLD-d6ada066.svs SLD-7f6bf51b.svs SLD-4fbe2aae.svs SLD-4642cddb.svs
9782,SLD-8930d179.svs SLD-e4bacd78.svs
9783,SLD-b5e2834d.svs SLD-d47133e7.svs SLD-5ac5f4f0.svs SLD-4741ee56.svs SLD-919c21ed.svs SLD-53ff6644.svs SLD-907d8532.svs
9784,SLD-f46860a2.svs SLD-0dcf035b.svs SLD-a604e5af.svs
9785,SLD-849b8a44.svs SLD-c202387b.svs SLD-1734a26c.svs
9786,SLD-30c42d61.svs SLD-f30459cc.svs SLD-18a77594.svs SLD-5b8c4949.svs
9787,SLD-4a9686a4.svs SLD-1ee1723b.svs SLD-e7524102.svs SLD-277dfc7b.svs SLD-722c353d.svs SLD-3e581dd5.svs SLD-58116722.svs
9788,SLD-681091fe.svs SLD-437249fd.svs SLD-2db6de21.svs SLD-b9b5c70e.svs
9789,SLD-4fbe2aae.svs
9790,SLD-ccd66756.svs SLD-8f4ed442.svs SLD-d020baee.svs SLD-d03459a4.svs
9791,SLD-ef208346.svs SLD-88239867.svs SLD-fa3222c4.svs SLD-08f1100b.svs SLD-8d56206d.svs SLD-c5dd967b.svs
9792,SLD-6a325333.svs SLD-48622a67.svs SLD-8513d91e.svs
9793,SLD-d7133061.svs SLD-3cc4f772.svs
9794,SLD-329cd43a.svs
9795,SLD-992e7dea.svs SLD-5ba48aa0.svs SLD-f6b4160b.svs
9796,SLD-b4ca0142.svs
9797,SLD-3d83ad7c.svs SLD-541d1a81.svs SLD-a2bb6283.svs
9798,SLD-5163de1d.svs SLD-86fadb0e.svs SLD-30a31251.svs SLD-fd768f63.svs SLD-579e9a46.svs SLD-c857d8c3.svs
9799,SLD-f5652d00.svs SLD-40d2d16f.svs SLD-72323dc9.svs
9800,SLD-9717aa6e.svs SLD-eb1d1061.svs
9801,SLD-723dc8f5.svs SLD-c2eaf172.svs SLD-735b3a80.svs SLD-e5a15243.svs SLD-b17078ee.svs
9802,SLD-14e16706.svs SLD-852d2ee5.svs SLD-bdb62ff3.svs SLD-e583847f.svs
9803,SLD-8ec9ea98.svs
9804,SLD-d7f14ec2.svs
9805,SLD-aa66b464.svs SLD-f46860a2.svs SLD-8420b8d9.svs SLD-a604e5af.svs SLD-b261d0d2.svs
9806,SLD-2c05b870.svs SLD-fff83cec.svs
9807,SLD-8f42cebe.svs SLD-79009c61.svs SLD-ab12fb53.svs SLD-23b870f3.svs
9808,SLD-4e051eea.svs
9809,SLD-63eaa07f.svs SLD-1f626a97.svs SLD-2bdb5720.svs SLD-80245320.svs
9810,SLD-5aa3892a.svs SLD-23b870f3.svs
9811,SLD-df61c534.svs SLD-57d1d37c.svs
9812,SLD-de386aeb.svs SLD-272eaa36.svs SLD-299cf16b.svs SLD-d8a1a546.svs SLD-ea96abe6.svs SLD-bf5545ce.svs SLD-e642965c.svs
9813,SLD-dcff697d.svs SLD-141bd896.svs SLD-3bcab3ea.svs SLD-816480fa.svs
9814,SLD-e355c369.svs
9815,SLD-3012ae1c.svs SLD-5882e3bb.svs SLD-864696c1.svs SLD-deb4e6c4.svs SLD-14827a89.svs SLD-35a7c6ed.svs
9816,SLD-1ac902ee.svs SLD-25777cf0.svs SLD-755a3ac1.svs
9817,SLD-7176d181.svs
9818,SLD-9ab3cc27.svs SLD-425832c0.svs SLD-232f8c5b.svs
9819,SLD-052daad3.svs SLD-9e0df45b.svs SLD-788c31f6.svs SLD-21f8c156.svs SLD-992a34a1.svs SLD-084fa819.svs SLD-26c00984.svs
9820,SLD-726e8017.svs SLD-69083bd6.svs SLD-061f5679.svs SLD-7b056d02.svs SLD-c674d244.svs
9821,SLD-a71b80ef.svs SLD-a92d6b05.svs SLD-8e36b82f.svs SLD-e10b4aad.svs
9822,SLD-11fba56e.svs SLD-6c835975.svs SLD-f3254f2d.svs SLD-d48457df.svs SLD-8c833848.svs
9823,SLD-3b239fd8.svs SLD-b4ca0142.svs SLD-0d20f686.svs SLD-6c749cf4.svs SLD-854df9b6.svs SLD-5fdd5329.svs SLD-ced4dd7c.svs
9824,SLD-8a74bec5.svs SLD-ca6cb87c.svs
9825,SLD-0a1727f7.svs SLD-de6fec4b.svs SLD-843b2a7d.svs SLD-ea5f24b6.svs SLD-399f8a8f.svs
9826,SLD-11035083.svs
9827,SLD-14e16706.svs SLD-bdb62ff3.svs SLD-329cd43a.svs SLD-d9073286.svs
9828,SLD-84539813.svs SLD-bc5074ac.svs
9829,SLD-9717aa6e.svs SLD-693d993c.svs SLD-fefc5b4a.svs SLD-48a133ab.svs SLD-eb1d1061.svs SLD-c30759a4.svs
9830,SLD-28948b4c.svs SLD-ae2562ca.svs SLD-a1832fdb.svs SLD-31cb5e8e.svs SLD-8772c347.svs SLD-fb46ed39.svs SLD-f0fcccc6.svs
9831,SLD-a629d332.svs SLD-ba626aee.svs SLD-542d19c0.svs
9832,SLD-82221345.svs SLD-2f16fb50.svs SLD-4a82e06a.svs SLD-50de4292.svs SLD-c13e66af.svs
9833,SLD-74aba9fc.svs SLD-4168705a.svs SLD-8930d179.svs SLD-51abf5e5.svs
9834,SLD-77f4531b.svs SLD-fde9d47d.svs SLD-1d010478.svs
9835,SLD-de386aeb.svs SLD-299cf16b.svs
9836,SLD-7ea496f5.svs SLD-cf2a2198.svs SLD-a92d6b05.svs SLD-e10b4aad.svs SLD-f40d2a37.svs
9837,SLD-28948b4c.svs SLD-8772c347.svs SLD-31cb5e8e.svs
9838,SLD-843b2a7d.svs SLD-399f8a8f.svs
9839,SLD-1eda4209.svs SLD-a0f9c074.svs SLD-2347b24f.svs SLD-1f9078d5.svs SLD-2835bcdb.svs SLD-9177b6d4.svs
9840,SLD-2f6570d7.svs SLD-9251ad08.svs SLD-e44a01f6.svs SLD-3df8eeef.svs SLD-ed2ee36f.svs
9841,SLD-ac91c01e.svs SLD-734c5192.svs
9842,
9843,SLD-a867a0f0.svs SLD-abecfc0b.svs
9844,SLD-3b239fd8.svs SLD-6c749cf4.svs
9845,SLD-6c0be55c.svs SLD-254bf7ae.svs SLD-ec41e6f6.svs
9846,SLD-6f6ddf79.svs SLD-a5e3a719.svs SLD-54a8762b.svs
9847,SLD-30d6863f.svs SLD-50852f4f.svs SLD-0b09ec41.svs SLD-1c5e1698.svs
9848,SLD-6bf52dfd.svs SLD-7281b8a9.svs SLD-e5aef699.svs SLD-6f6ddf79.svs SLD-54a8762b.svs SLD-25e4979d.svs
9849,SLD-4312ece2.svs SLD-10cc8711.svs SLD-f164f9d8.svs SLD-91fcfe88.svs SLD-dc2151e1.svs SLD-7e56ac3d.svs
9850,SLD-39b66d71.svs SLD-f367dbe2.svs SLD-cefe73ec.svs SLD-501049e2.svs SLD-40e3469f.svs SLD-88653e42.svs
9851,SLD-f3254f2d.svs SLD-6c835975.svs
9852,SLD-992a34a1.svs SLD-26c00984.svs
9853,SLD-d03459a4.svs SLD-d020baee.svs SLD-14aaaefe.svs SLD-2ca723c4.svs
9854,SLD-30c42d61.svs SLD-06b42b6f.svs SLD-106861d3.svs SLD-1f94e3c8.svs SLD-633d9c54.svs
9855,SLD-03c8e104.svs
9856,SLD-cda6a326.svs SLD-7e083c1b.svs
9857,SLD-6af944e0.svs
9858,SLD-91fcfe88.svs SLD-552ae5ca.svs
9859,SLD-3a19607d.svs SLD-2d58bce9.svs
9860,SLD-fe656bef.svs SLD-06999e1e.svs SLD-e0efc989.svs SLD-a4a98266.svs
9861,SLD-e8ef99e9.svs SLD-f2d7fe55.svs SLD-7afc50cd.svs SLD-b8bc6621.svs
9862,SLD-e44fc3a9.svs SLD-90e639e1.svs SLD-ec41e6f6.svs SLD-6d0c62c3.svs
9863,SLD-fe38784b.svs SLD-958cd60e.svs
9864,SLD-e47638ec.svs
9865,SLD-992a34a1.svs
9866,SLD-2e573864.svs
9867,SLD-14e16706.svs SLD-d9073286.svs SLD-e583847f.svs SLD-329cd43a.svs SLD-0061fd30.svs
9868,
9869,SLD-7ee1a2a3.svs SLD-024bfe48.svs SLD-d6ada066.svs SLD-fbf70946.svs SLD-4fbe2aae.svs SLD-398071b1.svs
9870,SLD-29bccee9.svs SLD-8e36b82f.svs
9871,SLD-dfecb2ae.svs SLD-57d1d37c.svs SLD-18f7e499.svs SLD-c7afae8f.svs SLD-af8c96a9.svs SLD-8f3e64f4.svs SLD-58e760bf.svs
9872,SLD-28b4d5b9.svs SLD-fefc5b4a.svs SLD-eb1d1061.svs SLD-9717aa6e.svs SLD-c30759a4.svs
9873,SLD-74aba9fc.svs SLD-e4bacd78.svs SLD-533c9a31.svs SLD-52ab793f.svs SLD-cb775e24.svs SLD-51abf5e5.svs SLD-4168705a.svs
9874,SLD-7499b28c.svs SLD-0b6d9611.svs SLD-e6e4b8df.svs
9875,SLD-cb4d18d6.svs
9876,SLD-1b4e1428.svs SLD-da418b24.svs SLD-647640a1.svs SLD-88d3281a.svs SLD-b6a659ef.svs
9877,SLD-acf606fc.svs SLD-6637c09f.svs SLD-849648e8.svs
9878,SLD-1058fe8c.svs SLD-d26d5396.svs SLD-da54f267.svs SLD-5bc7fdeb.svs
9879,SLD-b4d4dfcc.svs SLD-27e969e2.svs SLD-b7d779cc.svs
9880,SLD-80245320.svs SLD-68afe2b8.svs SLD-00cbd313.svs SLD-63eaa07f.svs
9881,SLD-7c8d5368.svs
9882,SLD-681091fe.svs
9883,SLD-1db2b452.svs SLD-09aedbd0.svs SLD-4d4985dc.svs SLD-7f6b8793.svs SLD-bc18a40b.svs SLD-b318ad4c.svs SLD-6d316b4a.svs
9884,SLD-af3cb9d0.svs SLD-a92c3c3e.svs SLD-9c272c51.svs SLD-ac98a368.svs SLD-3957f082.svs
9885,SLD-4af0a6fe.svs SLD-269b6c3b.svs SLD-7f107645.svs SLD-16f14aad.svs SLD-754724dd.svs SLD-abf0f4bd.svs
9886,SLD-7ce71b48.svs SLD-905c053b.svs SLD-67e98363.svs SLD-25fdacbe.svs
9887,SLD-7afc50cd.svs SLD-e8ef99e9.svs SLD-aa099a46.svs SLD-f2d7fe55.svs
9888,SLD-5b2d81cc.svs SLD-c1fa924e.svs SLD-e1bccfb2.svs SLD-17337a7c.svs SLD-53e83663.svs
9889,SLD-a3ef802e.svs SLD-1dbc24fd.svs
9890,SLD-598ca3b4.svs
9891,SLD-647640a1.svs SLD-0c78c2f9.svs SLD-24eac3f4.svs SLD-1b4e1428.svs SLD-da418b24.svs
9892,SLD-0ecfb95b.svs
9893,SLD-5723a959.svs SLD-2cbb93c2.svs SLD-6e84f8ea.svs SLD-74151acc.svs
9894,SLD-10da8a95.svs SLD-fdd2ed7a.svs
9895,SLD-4312ece2.svs SLD-f164f9d8.svs SLD-7e56ac3d.svs SLD-552ae5ca.svs SLD-4124405b.svs SLD-10cc8711.svs SLD-91fcfe88.svs
9896,SLD-52b04994.svs SLD-583678ee.svs SLD-4a8b77da.svs SLD-27fa8b8a.svs SLD-4b1dd9fd.svs
9897,SLD-3c740119.svs SLD-7f107645.svs SLD-4af0a6fe.svs
9898,SLD-31234efe.svs SLD-1d7173e5.svs SLD-5bc7fdeb.svs SLD-dd138266.svs SLD-da54f267.svs SLD-d26d5396.svs SLD-1058fe8c.svs
9899,SLD-ef617cac.svs SLD-7b056d02.svs SLD-b931a26d.svs SLD-69083bd6.svs
9900,SLD-06c4e109.svs SLD-e9e7e1ba.svs SLD-6b325d48.svs SLD-553a773a.svs SLD-916b51ee.svs SLD-6faefeda.svs
9901,SLD-7f6bf51b.svs SLD-398071b1.svs SLD-7ee1a2a3.svs
9902,SLD-f9df7275.svs
9903,SLD-269b6c3b.svs SLD-7f107645.svs
9904,SLD-6df2fc82.svs SLD-3956fba9.svs SLD-72323dc9.svs
9905,SLD-120961ea.svs SLD-87ba3b90.svs
9906,SLD-a1ab17c0.svs SLD-4b7350d1.svs SLD-1624d318.svs SLD-a32652e8.svs SLD-c149fa8e.svs SLD-7bb8c2f1.svs SLD-3421beaf.svs
9907,SLD-bb00d206.svs SLD-c095e099.svs
9908,SLD-3b239fd8.svs SLD-6c749cf4.svs SLD-ced4dd7c.svs SLD-5fdd5329.svs SLD-2b66b1c0.svs SLD-854df9b6.svs
9909,SLD-a4a98266.svs SLD-fe656bef.svs SLD-d97d2b38.svs SLD-e0efc989.svs SLD-2ab465e9.svs SLD-d3d6362b.svs SLD-06999e1e.svs
9910,SLD-681091fe.svs SLD-53a9ec5d.svs SLD-b9b5c70e.svs SLD-17ee2fe6.svs
9911,SLD-e355c369.svs SLD-726e8017.svs
9912,SLD-a3ef802e.svs SLD-9ef1c846.svs SLD-00f520f4.svs SLD-1dbc24fd.svs SLD-ffeb5d5f.svs SLD-453432cd.svs SLD-0a8aa1e4.svs
9913,SLD-7bb8c2f1.svs SLD-4b7350d1.svs SLD-c149fa8e.svs SLD-a32652e8.svs SLD-1624d318.svs SLD-3421beaf.svs SLD-a1ab17c0.svs
9914,
9915,SLD-dba620f1.svs SLD-96062930.svs
9916,SLD-b0445ebb.svs SLD-bb5f15c1.svs SLD-9d4319b5.svs SLD-cb18d6a4.svs
9917,SLD-7d718591.svs SLD-3fee2fc7.svs SLD-20ca35ab.svs
9918,SLD-afdb4e0b.svs SLD-261cec19.svs SLD-2c05b870.svs
9919,SLD-45a16970.svs SLD-08236adf.svs SLD-1e709e19.svs SLD-43a061c4.svs SLD-6e05724d.svs SLD-b49b93d5.svs SLD-3f7512c5.svs
9920,SLD-b259a6a0.svs SLD-cfe4fb66.svs SLD-7c8d5368.svs SLD-aaa28439.svs SLD-c6962905.svs
9921,SLD-3fbdaeed.svs SLD-b17078ee.svs SLD-c2eaf172.svs SLD-c7281f15.svs
9922,SLD-9870c707.svs SLD-01424249.svs SLD-ef7f6bc8.svs
9923,SLD-ef208346.svs
9924,SLD-531da6ac.svs SLD-614f1ddc.svs SLD-4bc972ce.svs SLD-2d492ca2.svs SLD-b934718f.svs SLD-a2698c2d.svs
9925,SLD-dd138266.svs SLD-6e648043.svs SLD-da54f267.svs
9926,SLD-53e83663.svs
9927,SLD-beb778d6.svs
9928,SLD-ab899605.svs SLD-7fa74d8a.svs
9929,SLD-03927935.svs
9930,SLD-cdfa4cc8.svs SLD-fb0a6a90.svs SLD-88a0edce.svs SLD-8805ae31.svs SLD-e413961f.svs
9931,SLD-ce5dc807.svs SLD-a38d8afc.svs SLD-60257199.svs SLD-fdd2ed7a.svs SLD-90823eda.svs
9932,SLD-2d58bce9.svs SLD-6a594b07.svs SLD-ed0d0418.svs SLD-3a19607d.svs
9933,SLD-26b1caba.svs SLD-38a7ac54.svs SLD-2fb01074.svs SLD-4d03cbdd.svs SLD-25323fd3.svs
9934,SLD-d9073286.svs
9935,SLD-f9d0a163.svs SLD-5121f31f.svs SLD-5028361f.svs SLD-8c3fa29f.svs
9936,SLD-d8efb5c9.svs
9937,SLD-0b2f8580.svs SLD-3bd5f8a2.svs SLD-213124bd.svs SLD-01275a63.svs SLD-61f6c877.svs
9938,SLD-4e051eea.svs SLD-13d72846.svs SLD-bd2cdb8d.svs SLD-92dbd613.svs
9939,SLD-1db2b452.svs
9940,SLD-da418b24.svs SLD-88d3281a.svs
9941,SLD-61f6c877.svs SLD-0212585b.svs SLD-01275a63.svs SLD-0b2f8580.svs SLD-213124bd.svs SLD-f3f05323.svs SLD-88da091b.svs
9942,SLD-5e4af862.svs SLD-156af458.svs
9943,SLD-aa099a46.svs SLD-f2d7fe55.svs SLD-e8ef99e9.svs
9944,SLD-052daad3.svs SLD-c734bb05.svs SLD-26c00984.svs
9945,SLD-5b9e42d0.svs
9946,
9947,
9948,SLD-3f7a2748.svs SLD-5723a959.svs SLD-6e84f8ea.svs SLD-f5a3e893.svs
9949,SLD-a94501d7.svs SLD-5028361f.svs SLD-fa4b0bc6.svs
9950,SLD-571c9d78.svs SLD-1db1dfdc.svs SLD-d59b148f.svs SLD-62d59938.svs SLD-357f0a64.svs
9951,SLD-c149fa8e.svs SLD-a32652e8.svs SLD-3421beaf.svs
9952,SLD-06c4e109.svs SLD-c9a6e611.svs SLD-6b325d48.svs SLD-6faefeda.svs
9953,SLD-b270af55.svs
9954,SLD-13d72846.svs SLD-17776c3a.svs
9955,SLD-ab12fb53.svs SLD-a1d20ebc.svs SLD-8f42cebe.svs
9956,SLD-deb4e6c4.svs SLD-3012ae1c.svs SLD-35a7c6ed.svs
9957,SLD-06b42b6f.svs
9958,SLD-6e648043.svs SLD-31234efe.svs SLD-1d7173e5.svs
9959,SLD-9cf600ec.svs SLD-5b61f92b.svs SLD-6e3a52d7.svs
9960,SLD-586f1721.svs
9961,SLD-1e709e19.svs SLD-43a061c4.svs SLD-a11b26b0.svs SLD-45a16970.svs
9962,SLD-33251c76.svs
9963,SLD-7751b3fa.svs SLD-852d2ee5.svs
9964,SLD-dd02e100.svs SLD-7b38785b.svs
9965,SLD-24039721.svs SLD-49b564fb.svs SLD-1aff71ae.svs SLD-30f2c485.svs SLD-75fd3537.svs SLD-92a651d7.svs SLD-6f1bdd07.svs
9966,SLD-603803f3.svs SLD-bb5f15c1.svs SLD-b0445ebb.svs SLD-15db4487.svs SLD-444517ef.svs
9967,SLD-48622a67.svs SLD-22696227.svs SLD-dc66a27b.svs SLD-4a294067.svs
9968,SLD-0e5bc44c.svs SLD-98decbf6.svs
9969,
9970,SLD-b7ae7758.svs
9971,SLD-24aeba79.svs SLD-00d3d1af.svs
9972,SLD-6a325333.svs SLD-4a294067.svs SLD-85e74250.svs SLD-92f078b8.svs SLD-dc66a27b.svs
9973,SLD-650dd400.svs
9974,SLD-7c96eefa.svs SLD-acf606fc.svs
9975,SLD-cb18d6a4.svs SLD-603803f3.svs SLD-2b2bcfda.svs SLD-15db4487.svs
9976,SLD-8b1f1137.svs SLD-c5826444.svs SLD-8e50c79a.svs SLD-1519401c.svs SLD-0ea255e0.svs SLD-848610cf.svs
9977,
9978,SLD-affe2554.svs SLD-a5e3a719.svs SLD-e5aef699.svs SLD-25e4979d.svs SLD-6bf52dfd.svs
9979,SLD-0b4cba0a.svs SLD-0fe1cedf.svs
9980,SLD-698eecba.svs SLD-6951743e.svs SLD-95e19cb6.svs SLD-da98da57.svs
9981,SLD-85e74250.svs
9982,SLD-a629d332.svs
9983,SLD-1b4e1428.svs SLD-b6a659ef.svs SLD-e0acf9ff.svs SLD-88d3281a.svs SLD-da418b24.svs SLD-647640a1.svs SLD-0c78c2f9.svs
9984,SLD-e583847f.svs SLD-14e16706.svs SLD-bdb62ff3.svs SLD-7751b3fa.svs SLD-329cd43a.svs SLD-d9073286.svs
9985,SLD-df8693ce.svs SLD-0a8aa1e4.svs SLD-00f520f4.svs SLD-9ef1c846.svs
9986,SLD-376e22a6.svs
9987,SLD-2b2bcfda.svs SLD-603803f3.svs SLD-b0445ebb.svs SLD-9d4319b5.svs
9988,SLD-a1ab17c0.svs
9989,SLD-aaa28439.svs SLD-b259a6a0.svs SLD-cfe4fb66.svs SLD-40fe81ec.svs
9990,SLD-61c61ae4.svs SLD-eda67806.svs SLD-2d58bce9.svs SLD-6a594b07.svs SLD-ed0d0418.svs
9991,SLD-bc18a40b.svs SLD-09aedbd0.svs SLD-b318ad4c.svs SLD-55c7ed9d.svs
9992,SLD-91fd7d4a.svs SLD-739ac9e2.svs SLD-1a9e8547.svs SLD-55f7792a.svs SLD-d560e64c.svs SLD-5a31a6a6.svs SLD-9b87cc5e.svs
9993,SLD-e139d15d.svs SLD-6a27241f.svs
9994,SLD-7c8d5368.svs SLD-40fe81ec.svs SLD-cfe4fb66.svs SLD-3a8d1c00.svs
9995,SLD-4c6e6fbb.svs SLD-01fda698.svs
9996,SLD-c618fc1e.svs SLD-27f9e728.svs SLD-f45da406.svs SLD-07dc02b1.svs SLD-bbf9bb01.svs SLD-1965e435.svs SLD-101bb5fa.svs
9997,SLD-ef617cac.svs SLD-7b056d02.svs SLD-b931a26d.svs SLD-c674d244.svs SLD-e355c369.svs SLD-69083bd6.svs SLD-726e8017.svs
9998,SLD-1b770deb.svs SLD-8a83efc8.svs SLD-9c2e5562.svs
9999,SLD-ac73189c.svs SLD-080638c9.svs SLD-496749fb.svs SLD-4bebcf4f.svs SLD-6fdc5e00.svs SLD-3db4cb81.svs
